,familysize,hh
1021003309,22,1021003309
1021001205,22,1021001205
1113000106,22,1113000106
4113000910,22,4113000910
1083001310,19,1083001310
212300091004,19,212300091004
108300330803,18,108300330803
2205300090607,18,2205300090607
4021000202,18,4021000202
3083000110,18,3083000110
1123000605,17,1123000605
1021002502,16,1021002502
203100040102,16,203100040102
1153000405,16,1153000405
2243001310,16,2243001310
3181000111,16,3181000111
2173000908,16,2173000908
3108300270906,15,3108300270906
1063000707,15,1063000707
212300111005,15,212300111005
1053000802,15,1053000802
2013000404,15,2013000404
2083000705,15,2083000705
4063001008,15,4063001008
1051000110,15,1051000110
1083003309,15,1083003309
1053000808,14,1053000808
2113000707,14,2113000707
30208300050203,14,30208300050203
3013000301,14,3013000301
2083000508,14,2083000508
3213002105,14,3213002105
1143000310,14,1143000310
1123000305,14,1123000305
3181000109,14,3181000109
4133000513,14,4133000513
2113000905,13,2113000905
1033000302,13,1033000302
2013000809,13,2013000809
2403300060102,13,2403300060102
4063001007,13,4063001007
1071000106,13,1071000106
2013000607,13,2013000607
2013000602,13,2013000602
4193003509,13,4193003509
1083002002,13,1083002002
1053001508,13,1053001508
3063000708,13,3063000708
2031000409,13,2031000409
2083000506,13,2083000506
3073002509,13,3073002509
3173001110,13,3173001110
2243001309,13,2243001309
3073001201,13,3073001201
2043001501,13,2043001501
110100010205,13,110100010205
3153001610,13,3153001610
1021001908,13,1021001908
1071000109,13,1071000109
3111000110,13,3111000110
1081000310,13,1081000310
1121000108,13,1121000108
3073002308,12,3073002308
4193003503,12,4193003503
2091000609,12,2091000609
3073001710,12,3073001710
2093003310,12,2093003310
107300161002,12,107300161002
2031000114,12,2031000114
1063000310,12,1063000310
2013000410,12,2013000410
4103002610,12,4103002610
2103000602,12,2103000602
4153000903,12,4153000903
3043000911,12,3043000911
3103001209,12,3103001209
4151000208,12,4151000208
4063001308,12,4063001308
1083003002,12,1083003002
3031000205,12,3031000205
3023003505,12,3023003505
2103300030402,12,2103300030402
2203000110,12,2203000110
1021003310,12,1021003310
30201300080915,12,30201300080915
4153000703,12,4153000703
317300091004,12,317300091004
4153000607,12,4153000607
4113000909,12,4113000909
4171000801,12,4171000801
2143000207,12,2143000207
2153000608,12,2153000608
3041000406,12,3041000406
4101000110,12,4101000110
2053000410,12,2053000410
3181000106,12,3181000106
2013000604,12,2013000604
2233002201,12,2233002201
2211100030707,12,2211100030707
3071000203,12,3071000203
1021002011,12,1021002011
3173001102,12,3173001102
4093000904,12,4093000904
3023000809,12,3023000809
4033000603,12,4033000603
2081000101,12,2081000101
2013000603,12,2013000603
2053001305,12,2053001305
1113000510,11,1113000510
1143000309,11,1143000309
3023000503,11,3023000503
2073000504,11,2073000504
2113000710,11,2113000710
2081000110,11,2081000110
240430010030406,11,240430010030406
4013000504,11,4013000504
1063000909,11,1063000909
3041000711,11,3041000711
220330033050102,11,220330033050102
1033000310,11,1033000310
1043000810,11,1043000810
4113000603,11,4113000603
2031000404,11,2031000404
2053003004,11,2053003004
3043001409,11,3043001409
1053001507,11,1053001507
4163000710,11,4163000710
215300060705,11,215300060705
4151000210,11,4151000210
2053000403,11,2053000403
2223002210,11,2223002210
4183002010,11,4183002010
1063000304,11,1063000304
2083000809,11,2083000809
220530013070304,11,220530013070304
2153000710,11,2153000710
3111000111,11,3111000111
221530004060305,11,221530004060305
2043001202,11,2043001202
3093000207,11,3093000207
1071000209,11,1071000209
1133002502,11,1133002502
108300060803,11,108300060803
3023001605,11,3023001605
4113000609,11,4113000609
4193003506,11,4193003506
2143000202,11,2143000202
1123000311,11,1123000311
3111000105,11,3111000105
2418300230210,11,2418300230210
2143000310,11,2143000310
4173001402,11,4173001402
1103001203,11,1103001203
205300090611,11,205300090611
1123000302,11,1123000302
3073001702,11,3073001702
4051000208,11,4051000208
2053001708,11,2053001708
1113000103,11,1113000103
3213002802,11,3213002802
2053000904,11,2053000904
2033001809,11,2033001809
4061000311,11,4061000311
4033000609,11,4033000609
2113000906,11,2113000906
3073002006,11,3073002006
4183002310,11,4183002310
222300221011,11,222300221011
1053001510,11,1053001510
3031000202,11,3031000202
1063000308,11,1063000308
1073002005,11,1073002005
2223002206,11,2223002206
307100070405,11,307100070405
4163000705,11,4163000705
203300080303,11,203300080303
1021002805,11,1021002805
2081000109,11,2081000109
2053000909,11,2053000909
4043001210,11,4043001210
2023000509,11,2023000509
2051000105,11,2051000105
3043000905,10,3043000905
107300200304,10,107300200304
4043000809,10,4043000809
4073000506,10,4073000506
2033002310,10,2033002310
4073000310,10,4073000310
3073002207,10,3073002207
2233001402,10,2233001402
4073000509,10,4073000509
1063000710,10,1063000710
4053000608,10,4053000608
3021000210,10,3021000210
2053003009,10,2053003009
221230011100503,10,221230011100503
3173000909,10,3173000909
1051000105,10,1051000105
4133000205,10,4133000205
2113000410,10,2113000410
3021000205,10,3021000205
2083000507,10,2083000507
2103000607,10,2103000607
4073000510,10,4073000510
3051000107,10,3051000107
2053000902,10,2053000902
2043001209,10,2043001209
2123001110,10,2123001110
2113000604,10,2113000604
2173000912,10,2173000912
2213000610,10,2213000610
2033003310,10,2033003310
4153000906,10,4153000906
1123000310,10,1123000310
2083000807,10,2083000807
2033002805,10,2033002805
2163000307,10,2163000307
3093000106,10,3093000106
3083000202,10,3083000202
3051000108,10,3051000108
3071000211,10,3071000211
308300010901,10,308300010901
2083000706,10,2083000706
308300010903,10,308300010903
3201300080907,10,3201300080907
4071000203,10,4071000203
3063000711,10,3063000711
1083003303,10,1083003303
1043000410,10,1043000410
1103000710,10,1103000710
2123001309,10,2123001309
2211100030305,10,2211100030305
1073001210,10,1073001210
1043000804,10,1043000804
210300070905,10,210300070905
3103000811,10,3103000811
2103000610,10,2103000610
1093000410,10,1093000410
3173001103,10,3173001103
2233002902,10,2233002902
3073002309,10,3073002309
2041000606,10,2041000606
1103000503,10,1103000503
2305100010207,10,2305100010207
2103000704,10,2103000704
2053001306,10,2053001306
1083000910,10,1083000910
402300200604,10,402300200604
3023003508,10,3023003508
320300241004,10,320300241004
4153000905,10,4153000905
4113000905,10,4113000905
4103002902,10,4103002902
4183001105,10,4183001105
3173001008,10,3173001008
2053001309,10,2053001309
4073000308,10,4073000308
3031000213,10,3031000213
1081000307,10,1081000307
3041000210,10,3041000210
4033000411,10,4033000411
1083003310,10,1083003310
2013000403,10,2013000403
105300040607,10,105300040607
4113000608,10,4113000608
3113000402,10,3113000402
2033002803,10,2033002803
4103002907,10,4103002907
2243001302,10,2243001302
3083000207,10,3083000207
2163000310,10,2163000310
4083000206,10,4083000206
3031000214,10,3031000214
4193003502,10,4193003502
3063000609,10,3063000609
2151000101,10,2151000101
4103002901,10,4103002901
317300091005,10,317300091005
4021000207,10,4021000207
3181000103,10,3181000103
1021001907,10,1021001907
30110300050207,10,30110300050207
4113000607,10,4113000607
2053000407,10,2053000407
1053002610,10,1053002610
2043001206,10,2043001206
2103000606,9,2103000606
4111000210,9,4111000210
2051000108,9,2051000108
2053000408,9,2053000408
1083000908,9,1083000908
30104300080602,9,30104300080602
411300070603,9,411300070603
1053000807,9,1053000807
2013000401,9,2013000401
2113000607,9,2113000607
4063000810,9,4063000810
4153000408,9,4153000408
2013000407,9,2013000407
2153000203,9,2153000203
4183002001,9,4183002001
1021001507,9,1021001507
2023000705,9,2023000705
313300010206,9,313300010206
2073000607,9,2073000607
3073001210,9,3073001210
114300030505,9,114300030505
1133002108,9,1133002108
1021001505,9,1021001505
3103000903,9,3103000903
3033003311,9,3033003311
4073000710,9,4073000710
2031000410,9,2031000410
3133000202,9,3133000202
2143000308,9,2143000308
2233001403,9,2233001403
2113000706,9,2113000706
4063001003,9,4063001003
3043001406,9,3043001406
3203002109,9,3203002109
3073001701,9,3073001701
4183002302,9,4183002302
1103000902,9,1103000902
2033001804,9,2033001804
2053001702,9,2053001702
4113000602,9,4113000602
3103000807,9,3103000807
3063000709,9,3063000709
3023001603,9,3023001603
4063001107,9,4063001107
1033000510,9,1033000510
3043001407,9,3043001407
3153001609,9,3153001609
2041000209,9,2041000209
3113000408,9,3113000408
3133000206,9,3133000206
2143000203,9,2143000203
4073000907,9,4073000907
4051000203,9,4051000203
2073000610,9,2073000610
2151000106,9,2151000106
316300160303,9,316300160303
2053000404,9,2053000404
4051000510,9,4051000510
1053002605,9,1053002605
4063000803,9,4063000803
2013000805,9,2013000805
1021001304,9,1021001304
3103000904,9,3103000904
204100020809,9,204100020809
105300040605,9,105300040605
3203001806,9,3203001806
4183002306,9,4183002306
2113000405,9,2113000405
2107300200304,9,2107300200304
4023001607,9,4023001607
1093000409,9,1093000409
2111000305,9,2111000305
3133000205,9,3133000205
3203003007,9,3203003007
3111000109,9,3111000109
2073000603,9,2073000603
1053003303,9,1053003303
4061000309,9,4061000309
3073001801,9,3073001801
4183001102,9,4183001102
2233002203,9,2233002203
30218300370504,9,30218300370504
3103001207,9,3103001207
4031000212,9,4031000212
1021000111,9,1021000111
1021002013,9,1021002013
2193000306,9,2193000306
4021000204,9,4021000204
4083000208,9,4083000208
2121000304,9,2121000304
4153000909,9,4153000909
1021001109,9,1021001109
4111000211,9,4111000211
4141000103,9,4141000103
1073001609,9,1073001609
319300120203,9,319300120203
3073002204,9,3073002204
2063000307,9,2063000307
2053001308,9,2053001308
3023001310,9,3023001310
2203000103,9,2203000103
1081000203,9,1081000203
2023000510,9,2023000510
3181000113,9,3181000113
2043001405,9,2043001405
4063001307,9,4063001307
2023000701,9,2023000701
4103002906,9,4103002906
2013000409,9,2013000409
2113000909,9,2113000909
2211300060807,9,2211300060807
2103000405,9,2103000405
2243001307,9,2243001307
3071000201,9,3071000201
4123000306,9,4123000306
2043001210,9,2043001210
1043000409,9,1043000409
212300130804,9,212300130804
1073002010,9,1073002010
4141000110,9,4141000110
1051000309,9,1051000309
320300180503,9,320300180503
4083000408,9,4083000408
1113000110,9,1113000110
2033002808,9,2033002808
4043001002,9,4043001002
1053001206,9,1053001206
3213003006,9,3213003006
3043000903,9,3043000903
4063001010,9,4063001010
3023001604,9,3023001604
1033000507,9,1033000507
2073000507,9,2073000507
1021001107,9,1021001107
1073002308,9,1073002308
1021000203,9,1021000203
2110300050204,9,2110300050204
4171000808,9,4171000808
4013000307,9,4013000307
4151000212,9,4151000212
4071000207,9,4071000207
2410300260803,9,2410300260803
3213002104,9,3213002104
3071000714,9,3071000714
1043000610,9,1043000610
3073001804,9,3073001804
1021000113,9,1021000113
4013000310,9,4013000310
4043000802,9,4043000802
4023000701,9,4023000701
3023001004,9,3023001004
2402300160906,9,2402300160906
1093000402,9,1093000402
2041000911,9,2041000911
3101000406,9,3101000406
2033000803,9,2033000803
3173001004,9,3173001004
4113000402,9,4113000402
1121000107,9,1121000107
3051000109,9,3051000109
2233001809,9,2233001809
3041000203,9,3041000203
4013000501,9,4013000501
4073000305,8,4073000305
1073000808,8,1073000808
2033000808,8,2033000808
3023000509,8,3023000509
4133000505,8,4133000505
4073000904,8,4073000904
4163000704,8,4163000704
1021000610,8,1021000610
4023002002,8,4023002002
2023000502,8,2023000502
1133001911,8,1133001911
1083002010,8,1083002010
4113000410,8,4113000410
2113000701,8,2113000701
4103003805,8,4103003805
3133000308,8,3133000308
3033000601,8,3033000601
3103000708,8,3103000708
4063001304,8,4063001304
203300180804,8,203300180804
3033003308,8,3033003308
4193003210,8,4193003210
1083001608,8,1083001608
4063001103,8,4063001103
1133000806,8,1133000806
402100020901,8,402100020901
1043000809,8,1043000809
4093001101,8,4093001101
4063001002,8,4063001002
2107100010609,8,2107100010609
1113000108,8,1113000108
3191000501,8,3191000501
2151000109,8,2151000109
4091000209,8,4091000209
2233001107,8,2233001107
3041000705,8,3041000705
1053002305,8,1053002305
4023001103,8,4023001103
2113000907,8,2113000907
2103000410,8,2103000410
4143000508,8,4143000508
1053002607,8,1053002607
1083000906,8,1083000906
4133000209,8,4133000209
1133002104,8,1133002104
1021003403,8,1021003403
1021002606,8,1021002606
3213003003,8,3213003003
4063001004,8,4063001004
4183002303,8,4183002303
1021002105,8,1021002105
4063001108,8,4063001108
4103002903,8,4103002903
4063001009,8,4063001009
1081000308,8,1081000308
2103000605,8,2103000605
4013000510,8,4013000510
1143000307,8,1143000307
2063000310,8,2063000310
4033000906,8,4033000906
3073002307,8,3073002307
2302300051007,8,2302300051007
3023003503,8,3023003503
3073002502,8,3073002502
2013000606,8,2013000606
2023000508,8,2023000508
4051000210,8,4051000210
3213002809,8,3213002809
2041000901,8,2041000901
2153000709,8,2153000709
4103002612,8,4103002612
3023001606,8,3023001606
2113000608,8,2113000608
1083003306,8,1083003306
2143000210,8,2143000210
4063001110,8,4063001110
2053003003,8,2053003003
2053001303,8,2053001303
2053003006,8,2053003006
2193000310,8,2193000310
4103002609,8,4103002609
4103003803,8,4103003803
2113000702,8,2113000702
4013000508,8,4013000508
1063000302,8,1063000302
2223002604,8,2223002604
1133002106,8,1133002106
3163001607,8,3163001607
2033000801,8,2033000801
4023001603,8,4023001603
3071000210,8,3071000210
2103000611,8,2103000611
1021002801,8,1021002801
2053003008,8,2053003008
1053001907,8,1053001907
2083000806,8,2083000806
3093000110,8,3093000110
4021000208,8,4021000208
402300160905,8,402300160905
1021000201,8,1021000201
3191000506,8,3191000506
3103000701,8,3103000701
4183002305,8,4183002305
2123000806,8,2123000806
2203000107,8,2203000107
3023000508,8,3023000508
3203002710,8,3203002710
1063000703,8,1063000703
1053002606,8,1053002606
3071000503,8,3071000503
3073001706,8,3073001706
4063000802,8,4063000802
3213002304,8,3213002304
4063001104,8,4063001104
1083000603,8,1083000603
2103000603,8,2103000603
2233002210,8,2233002210
3093000208,8,3093000208
3213002310,8,3213002310
30223300260910,8,30223300260910
1093000407,8,1093000407
2043001508,8,2043001508
4013000309,8,4013000309
3183000305,8,3183000305
1083000601,8,1083000601
3083000402,8,3083000402
2113000404,8,2113000404
105300260806,8,105300260806
4173001410,8,4173001410
231730009100411,8,231730009100411
3023000811,8,3023000811
4073000309,8,4073000309
2121000306,8,2121000306
3203001804,8,3203001804
3023000308,8,3023000308
102100110901,8,102100110901
4023000710,8,4023000710
3063000704,8,3063000704
3203003010,8,3203003010
2013000810,8,2013000810
3191000509,8,3191000509
3203002104,8,3203002104
4103002910,8,4103002910
3133000109,8,3133000109
2153000702,8,2153000702
4143000308,8,4143000308
4023001109,8,4023001109
2083000802,8,2083000802
2123001303,8,2123001303
211100030706,8,211100030706
1053000410,8,1053000410
3033003307,8,3033003307
2091000306,8,2091000306
1053003003,8,1053003003
3041000704,8,3041000704
1113000509,8,1113000509
1053001503,8,1053001503
4053000609,8,4053000609
4183001101,8,4183001101
4163000702,8,4163000702
3173001005,8,3173001005
1133001210,8,1133001210
2233001407,8,2233001407
1133001009,8,1133001009
1063000502,8,1063000502
30201300041003,8,30201300041003
3023001002,8,3023001002
2083000709,8,2083000709
1133001904,8,1133001904
2402300160905,8,2402300160905
3033000610,8,3033000610
3133000111,8,3133000111
1121000110,8,1121000110
4173001409,8,4173001409
2083000502,8,2083000502
4133000504,8,4133000504
3073001802,8,3073001802
2113000610,8,2113000610
2073000506,8,2073000506
2093003309,8,2093003309
3093000104,8,3093000104
1053003010,8,1053003010
4153000708,8,4153000708
1021001003,8,1021001003
1043000601,8,1043000601
208300050912,8,208300050912
3073002505,8,3073002505
4123000504,8,4123000504
1021002501,8,1021002501
3193001211,8,3193001211
3023000807,8,3023000807
2073000503,8,2073000503
1053001208,8,1053001208
3013000309,8,3013000309
3073001707,8,3073001707
3083000411,8,3083000411
2223002609,8,2223002609
1053000806,8,1053000806
4183002301,8,4183002301
1043000603,8,1043000603
4083000204,8,4083000204
2153000206,8,2153000206
4013000509,8,4013000509
4171000804,8,4171000804
203100040603,8,203100040603
3113000310,8,3113000310
3133000102,8,3133000102
3073002209,8,3073002209
3203002410,8,3203002410
4053001008,8,4053001008
1021001504,8,1021001504
4023000707,8,4023000707
4103003807,8,4103003807
1113000306,8,1113000306
4093000905,8,4093000905
3023001812,8,3023001812
1103000501,8,1103000501
3073002302,8,3073002302
2213000608,8,2213000608
1103001202,8,1103001202
1021000604,8,1021000604
2103000406,8,2103000406
1083001303,8,1083001303
1131000405,8,1131000405
3043001402,8,3043001402
3073002508,8,3073002508
4051000501,8,4051000501
4073000910,8,4073000910
1051000109,8,1051000109
3093000109,8,3093000109
2103000408,8,2103000408
1021001406,8,1021001406
4023000709,8,4023000709
1033000506,8,1033000506
1143000306,8,1143000306
2113000908,8,2113000908
3021000211,8,3021000211
4133000512,8,4133000512
2073000606,8,2073000606
2153000209,8,2153000209
1101000103,8,1101000103
3073001811,8,3073001811
4163000706,8,4163000706
2113000408,8,2113000408
3063000706,8,3063000706
4083000205,8,4083000205
3183000307,8,3183000307
2033003305,8,2033003305
4031000209,8,4031000209
4133000207,8,4133000207
3033000903,8,3033000903
3051000101,8,3051000101
3203002402,8,3203002402
2043001505,8,2043001505
2193000308,8,2193000308
1163001307,8,1163001307
3063000608,8,3063000608
3023001607,8,3023001607
3113000305,8,3113000305
2053001706,8,2053001706
2041000610,8,2041000610
4033000910,8,4033000910
4133000310,8,4133000310
307100050307,8,307100050307
3173001001,8,3173001001
4091000202,7,4091000202
3073002205,7,3073002205
3193001205,7,3193001205
1053003312,7,1053003312
4023003009,7,4023003009
4133000208,7,4133000208
4051000504,7,4051000504
207300050204,7,207300050204
3013000305,7,3013000305
1021002003,7,1021002003
4033000406,7,4033000406
1113000104,7,1113000104
2113000704,7,2113000704
2091000312,7,2091000312
3041000202,7,3041000202
4063001101,7,4063001101
304100070802,7,304100070802
3073002210,7,3073002210
1073002702,7,1073002702
4033000902,7,4033000902
4083000202,7,4083000202
3133000302,7,3133000302
2033002807,7,2033002807
3023001010,7,3023001010
2053001304,7,2053001304
3013000308,7,3013000308
1153002707,7,1153002707
4113000911,7,4113000911
4123000503,7,4123000503
1103000508,7,1103000508
1083003008,7,1083003008
3093000206,7,3093000206
2043001411,7,2043001411
2233001807,7,2233001807
4013000304,7,4013000304
110300070907,7,110300070907
2103000707,7,2103000707
4073000304,7,4073000304
4123000507,7,4123000507
208300080903,7,208300080903
4043001206,7,4043001206
1081000211,7,1081000211
3033001512,7,3033001512
1053000402,7,1053000402
2091000603,7,2091000603
1021001007,7,1021001007
2053003010,7,2053003010
4023001605,7,4023001605
4053001007,7,4053001007
2213000602,7,2213000602
2153000401,7,2153000401
2193000304,7,2193000304
3183000406,7,3183000406
3101000401,7,3101000401
2081000111,7,2081000111
304100041001,7,304100041001
1043000808,7,1043000808
3063000602,7,3063000602
2013000901,7,2013000901
3023000803,7,3023000803
105300040602,7,105300040602
3213002106,7,3213002106
114300030504,7,114300030504
3213003009,7,3213003009
1083003312,7,1083003312
3113000304,7,3113000304
1103000905,7,1103000905
3013000310,7,3013000310
3103000602,7,3103000602
3173001108,7,3173001108
3023001608,7,3023001608
4033000916,7,4033000916
3113000303,7,3113000303
2113000409,7,2113000409
4073000909,7,4073000909
2083000710,7,2083000710
1021001804,7,1021001804
2233002202,7,2233002202
2223002209,7,2223002209
1113000303,7,1113000303
2083000503,7,2083000503
4073000302,7,4073000302
1133000805,7,1133000805
222300221023,7,222300221023
2103000604,7,2103000604
4173001710,7,4173001710
2033002305,7,2033002305
3203002110,7,3203002110
2163000308,7,2163000308
3101000410,7,3101000410
1081000202,7,1081000202
4033000707,7,4033000707
3108300270905,7,3108300270905
1021002203,7,1021002203
106300030512,7,106300030512
2233001102,7,2233001102
3033003309,7,3033003309
4023003006,7,4023003006
1103000703,7,1103000703
1043000805,7,1043000805
3101000404,7,3101000404
3203003003,7,3203003003
3193001204,7,3193001204
1081000303,7,1081000303
1081000209,7,1081000209
3083000407,7,3083000407
2123000905,7,2123000905
1053003307,7,1053003307
1083000904,7,1083000904
1113000505,7,1113000505
3073001714,7,3073001714
3113000308,7,3113000308
1133001409,7,1133001409
2109300040911,7,2109300040911
4133000202,7,4133000202
4051000508,7,4051000508
4023002008,7,4023002008
1163001303,7,1163001303
1043000605,7,1043000605
3021000201,7,3021000201
4013000303,7,4013000303
2123000909,7,2123000909
3023001601,7,3023001601
4043000610,7,4043000610
3103300030706,7,3103300030706
3051000105,7,3051000105
3033000902,7,3033000902
3083000203,7,3083000203
3031000206,7,3031000206
2233001105,7,2233001105
4101000501,7,4101000501
1143000301,7,1143000301
2101000211,7,2101000211
402300300309,7,402300300309
4113000906,7,4113000906
104300040908,7,104300040908
4023001601,7,4023001601
1133002509,7,1133002509
230410004030404,7,230410004030404
1083001610,7,1083001610
1163001104,7,1163001104
3083000210,7,3083000210
2033002811,7,2033002811
1063000908,7,1063000908
4143000304,7,4143000304
3023000310,7,3023000310
1133001202,7,1133001202
4043000810,7,4043000810
3103000909,7,3103000909
2073000510,7,2073000510
1021002703,7,1021002703
106300030511,7,106300030511
1021003201,7,1021003201
4183002007,7,4183002007
2153000406,7,2153000406
2309300010303,7,2309300010303
2401300030408,7,2401300030408
2103000705,7,2103000705
1103000504,7,1103000504
3033001501,7,3033001501
1093000406,7,1093000406
3153001607,7,3153001607
2053001709,7,2053001709
3071000207,7,3071000207
2041000611,7,2041000611
3213002101,7,3213002101
1083002307,7,1083002307
4063000807,7,4063000807
2233001103,7,2233001103
3153001603,7,3153001603
1083003010,7,1083003010
4073000505,7,4073000505
3213002103,7,3213002103
3203002702,7,3203002702
2153000211,7,2153000211
1021002906,7,1021002906
2223002601,7,2223002601
2043001201,7,2043001201
2111000311,7,2111000311
2063000302,7,2063000302
1163001305,7,1163001305
1043000611,7,1043000611
3033003303,7,3033003303
4123000301,7,4123000301
3173000906,7,3173000906
1041000203,7,1041000203
4173001408,7,4173001408
2223002610,7,2223002610
203300330507,7,203300330507
4123000505,7,4123000505
3133000305,7,3133000305
4111000202,7,4111000202
1133001204,7,1133001204
1121000103,7,1121000103
3023000309,7,3023000309
2073000608,7,2073000608
309300020703,7,309300020703
3133000208,7,3133000208
3083000408,7,3083000408
2113000910,7,2113000910
1071000210,7,1071000210
102100040502,7,102100040502
3033001507,7,3033001507
1133001203,7,1133001203
2304100041003,7,2304100041003
2233001410,7,2233001410
1063000905,7,1063000905
4043001001,7,4043001001
304100070803,7,304100070803
3203002709,7,3203002709
3063000202,7,3063000202
3073001209,7,3073001209
4143000310,7,4143000310
107300120302,7,107300120302
3153001606,7,3153001606
2083000509,7,2083000509
2243001304,7,2243001304
2023000704,7,2023000704
3083000212,7,3083000212
1043000403,7,1043000403
203300180403,7,203300180403
3033001508,7,3033001508
2173000907,7,2173000907
1053002602,7,1053002602
116300110402,7,116300110402
3083000208,7,3083000208
205300170503,7,205300170503
1073002007,7,1073002007
2113000406,7,2113000406
1153002706,7,1153002706
3083000204,7,3083000204
4113000407,7,4113000407
3193001207,7,3193001207
302300030307,7,302300030307
2233002209,7,2233002209
3133000301,7,3133000301
3113000405,7,3113000405
4023002007,7,4023002007
2123000803,7,2123000803
2143000204,7,2143000204
2243001305,7,2243001305
2213000603,7,2213000603
1131000210,7,1131000210
3093000201,7,3093000201
2053000908,7,2053000908
1073001207,7,1073001207
3213002302,7,3213002302
1071000205,7,1071000205
1021002810,7,1021002810
2183003709,7,2183003709
208300070203,7,208300070203
3103000805,7,3103000805
3183000203,7,3183000203
3043000902,7,3043000902
2013000605,7,2013000605
302300030404,7,302300030404
4101000102,7,4101000102
1051000305,7,1051000305
3063000603,7,3063000603
4133000511,7,4133000511
4183002009,7,4183002009
1063000711,7,1063000711
4113000903,7,4113000903
3033001509,7,3033001509
2053000910,7,2053000910
3083000107,7,3083000107
2033002301,7,2033002301
4173001705,7,4173001705
1021001705,7,1021001705
4013000308,7,4013000308
2233002208,7,2233002208
2073000509,7,2073000509
2053000406,7,2053000406
3203002707,7,3203002707
1063000305,7,1063000305
4041000311,7,4041000311
4023003005,7,4023003005
4113000610,7,4113000610
4031000207,7,4031000207
4021000203,7,4021000203
4141000105,7,4141000105
2043001509,7,2043001509
3023000506,7,3023000506
1131000610,7,1131000610
3071000701,7,3071000701
4101000109,7,4101000109
2043001207,7,2043001207
3071000202,7,3071000202
4063000809,7,4063000809
2213000601,7,2213000601
4073000902,7,4073000902
2302300160112,7,2302300160112
3041000710,7,3041000710
1113000107,7,1113000107
30201300040603,7,30201300040603
2105300080812,7,2105300080812
2173000902,7,2173000902
3031000207,7,3031000207
4023001106,7,4023001106
1123000609,7,1123000609
3203002408,7,3203002408
1121000101,7,1121000101
1083000609,7,1083000609
2163000302,7,2163000302
2101000207,7,2101000207
1103000706,7,1103000706
4153000704,7,4153000704
3183000401,7,3183000401
1021002103,7,1021002103
3023000806,7,3023000806
2123001103,7,2123001103
3203001809,7,3203001809
3213002810,7,3213002810
2310300100405,7,2310300100405
1021000312,7,1021000312
2111000307,7,2111000307
1133002505,7,1133002505
4051000207,7,4051000207
4043001203,7,4043001203
3183000211,7,3183000211
3093000203,7,3093000203
1113000504,7,1113000504
2081000106,7,2081000106
3073001808,7,3073001808
2023000702,7,2023000702
3103300051105,7,3103300051105
4103003802,7,4103003802
2073000602,7,2073000602
30110300050208,7,30110300050208
2043001403,7,2043001403
3021000212,7,3021000212
2013000402,7,2013000402
3213002308,7,3213002308
4063001301,7,4063001301
1133002506,7,1133002506
1073002004,7,1073002004
1053002306,7,1053002306
2205300300802,7,2205300300802
1093000408,7,1093000408
1021002905,6,1021002905
1073001611,6,1073001611
30309300010304,6,30309300010304
4143000309,6,4143000309
4133000507,6,4133000507
3183000210,6,3183000210
307300170804,6,307300170804
4043000607,6,4043000607
4103003809,6,4103003809
1021000108,6,1021000108
310100010805,6,310100010805
1033000307,6,1033000307
3043001403,6,3043001403
304100020707,6,304100020707
1081000214,6,1081000214
4033000711,6,4033000711
30305100010204,6,30305100010204
4153000402,6,4153000402
4023003003,6,4023003003
4023001609,6,4023001609
4033000709,6,4033000709
4043001004,6,4043001004
2043001406,6,2043001406
211300070906,6,211300070906
4143000307,6,4143000307
2123001108,6,2123001108
222300221007,6,222300221007
106300051007,6,106300051007
3103000906,6,3103000906
3163001601,6,3163001601
3173001006,6,3173001006
3083000412,6,3083000412
222300260301,6,222300260301
3073001208,6,3073001208
109300040903,6,109300040903
3183000306,6,3183000306
2123000810,6,2123000810
4023002506,6,4023002506
310300120102,6,310300120102
2033000804,6,2033000804
2073000609,6,2073000609
2073000604,6,2073000604
4063001006,6,4063001006
406100030909,6,406100030909
2021000103,6,2021000103
4063000806,6,4063000806
2051000109,6,2051000109
4193003504,6,4193003504
4143000510,6,4143000510
3023000801,6,3023000801
1073002009,6,1073002009
1103000705,6,1103000705
1083002006,6,1083002006
402300251005,6,402300251005
2033000807,6,2033000807
3111000106,6,3111000106
1153002701,6,1153002701
3173001105,6,3173001105
2041000904,6,2041000904
1083000610,6,1083000610
2202300050903,6,2202300050903
2304100070802,6,2304100070802
4023003002,6,4023003002
1053000409,6,1053000409
2041000603,6,2041000603
3073001809,6,3073001809
2153000404,6,2153000404
1041000209,6,1041000209
1041000207,6,1041000207
4073000502,6,4073000502
4053001009,6,4053001009
4071000206,6,4071000206
2153000704,6,2153000704
4143000502,6,4143000502
2033001806,6,2033001806
2123001302,6,2123001302
1071000201,6,1071000201
3203002705,6,3203002705
3073002501,6,3073002501
4193003206,6,4193003206
3043000909,6,3043000909
1153002704,6,1153002704
2153000609,6,2153000609
2053001307,6,2053001307
2051000111,6,2051000111
1053002608,6,1053002608
1013000212,6,1013000212
4043001009,6,4043001009
1053001904,6,1053001904
1103000709,6,1103000709
2111000308,6,2111000308
1021001701,6,1021001701
4063001001,6,4063001001
2053003007,6,2053003007
3033003301,6,3033003301
4023001602,6,4023001602
3023000501,6,3023000501
3213003007,6,3213003007
3023001313,6,3023001313
1153000410,6,1153000410
3021000207,6,3021000207
2153000605,6,2153000605
4173001404,6,4173001404
2091000607,6,2091000607
3023000504,6,3023000504
3113000306,6,3113000306
4093000510,6,4093000510
3173001106,6,3173001106
2053000907,6,2053000907
1083000903,6,1083000903
3203002701,6,3203002701
310100010807,6,310100010807
208100010903,6,208100010903
1113000109,6,1113000109
3073002002,6,3073002002
3103001008,6,3103001008
4063000805,6,4063000805
4133000307,6,4133000307
4023000708,6,4023000708
1131000609,6,1131000609
4043000801,6,4043000801
2083000801,6,2083000801
3213003005,6,3213003005
4023003010,6,4023003010
2143000309,6,2143000309
221430002080806,6,221430002080806
1053000805,6,1053000805
1053001910,6,1053001910
3103001001,6,3103001001
212300080905,6,212300080905
1131000701,6,1131000701
1053001906,6,1053001906
203300330511,6,203300330511
3071000704,6,3071000704
4113000908,6,4113000908
3203002111,6,3203002111
1021001704,6,1021001704
1083003009,6,1083003009
4063000801,6,4063000801
2173000904,6,2173000904
4021000201,6,4021000201
1083002303,6,1083002303
3041000703,6,3041000703
3023003501,6,3023003501
1021003103,6,1021003103
1163001110,6,1163001110
2233001110,6,2233001110
1021001306,6,1021001306
2233001804,6,2233001804
4063000804,6,4063000804
4023002005,6,4023002005
1073001608,6,1073001608
1133001003,6,1133001003
109300040907,6,109300040907
3041000409,6,3041000409
4041000302,6,4041000302
4023002503,6,4023002503
1021001910,6,1021001910
3103000809,6,3103000809
2208300050904,6,2208300050904
3193001203,6,3193001203
4041000309,6,4041000309
2113000902,6,2113000902
1021000710,6,1021000710
1113000311,6,1113000311
2123001102,6,2123001102
3163001603,6,3163001603
1053002302,6,1053002302
3181000101,6,3181000101
1083001613,6,1083001613
4103003812,6,4103003812
3133000304,6,3133000304
2108300330205,6,2108300330205
2013000406,6,2013000406
3203001802,6,3203001802
2033003308,6,2033003308
1133001209,6,1133001209
3203001807,6,3203001807
2083000510,6,2083000510
1021002910,6,1021002910
2033000806,6,2033000806
1021001210,6,1021001210
4133000309,6,4133000309
3063000601,6,3063000601
1073002008,6,1073002008
3183000308,6,3183000308
113300080103,6,113300080103
1153003107,6,1153003107
4043000608,6,4043000608
3041000204,6,3041000204
1113000502,6,1113000502
3073001803,6,3073001803
1163001107,6,1163001107
2123000904,6,2123000904
1131000203,6,1131000203
3213002307,6,3213002307
1053000804,6,1053000804
302300051004,6,302300051004
1071000207,6,1071000207
2233002207,6,2233002207
2193000303,6,2193000303
4143000302,6,4143000302
3033000608,6,3033000608
4023003007,6,4023003007
2031000405,6,2031000405
4101000108,6,4101000108
4171000810,6,4171000810
317300091003,6,317300091003
2151000104,6,2151000104
2013000906,6,2013000906
1053002309,6,1053002309
2153000202,6,2153000202
3023001602,6,3023001602
3033000604,6,3033000604
1063000706,6,1063000706
2317300110305,6,2317300110305
4043000806,6,4043000806
4093000505,6,4093000505
3073002503,6,3073002503
4183002002,6,4183002002
1121000109,6,1121000109
3173001109,6,3173001109
3071000508,6,3071000508
4113000706,6,4113000706
3103001201,6,3103001201
1083001307,6,1083001307
3023000305,6,3023000305
4023001105,6,4023001105
1063000508,6,1063000508
4023002006,6,4023002006
1083002709,6,1083002709
1083001309,6,1083001309
4021000206,6,4021000206
2013000808,6,2013000808
3213003010,6,3213003010
1053002303,6,1053002303
2013000408,6,2013000408
3023001305,6,3023001305
113300120702,6,113300120702
4073000306,6,4073000306
3101000102,6,3101000102
1073002307,6,1073002307
4141000111,6,4141000111
1053003008,6,1053003008
4051000502,6,4051000502
1083000604,6,1083000604
1083003006,6,1083003006
1103000904,6,1103000904
2013000804,6,2013000804
2173000905,6,2173000905
1143000308,6,1143000308
2103000407,6,2103000407
2153000708,6,2153000708
4153000610,6,4153000610
3191000502,6,3191000502
1103000507,6,1103000507
4113000606,6,4113000606
3183000205,6,3183000205
211300090504,6,211300090504
3051000110,6,3051000110
1073002003,6,1073002003
2102100170601,6,2102100170601
1153000407,6,1153000407
1133001405,6,1133001405
4063001306,6,4063001306
4023001108,6,4023001108
1103000711,6,1103000711
3063000701,6,3063000701
3023001304,6,3023001304
1021002610,6,1021002610
3073001709,6,3073001709
3033003302,6,3033003302
3101000109,6,3101000109
4013000503,6,4013000503
4043001205,6,4043001205
3213003002,6,3213003002
4053000605,6,4053000605
2223002606,6,2223002606
4183002304,6,4183002304
2043001504,6,2043001504
1153000402,6,1153000402
410300380804,6,410300380804
2303100021106,6,2303100021106
307300170803,6,307300170803
2053000402,6,2053000402
410300290303,6,410300290303
1153003101,6,1153003101
3093000205,6,3093000205
214300020806,6,214300020806
3071000208,6,3071000208
4023003004,6,4023003004
3103001003,6,3103001003
3073002201,6,3073002201
3203002704,6,3203002704
208300080502,6,208300080502
2116300110803,6,2116300110803
2203300080311,6,2203300080311
1053001509,6,1053001509
2223002208,6,2223002208
4103002606,6,4103002606
1021002010,6,1021002010
2123000906,6,2123000906
3063000705,6,3063000705
2041000909,6,2041000909
3213002306,6,3213002306
3183000207,6,3183000207
1021001405,6,1021001405
2123001310,6,2123001310
2031000406,6,2031000406
4023002509,6,4023002509
1131000205,6,1131000205
2073000601,6,2073000601
3183000409,6,3183000409
2223002207,6,2223002207
223300180704,6,223300180704
2121000309,6,2121000309
3033000904,6,3033000904
2053000405,6,2053000405
1081000201,6,1081000201
2041000201,6,2041000201
2203000102,6,2203000102
3203003006,6,3203003006
310300070103,6,310300070103
1021001709,6,1021001709
1021000811,6,1021000811
2041000908,6,2041000908
2103300030410,6,2103300030410
3073001805,6,3073001805
3173001003,6,3173001003
2033002308,6,2033002308
2233001810,6,2233001810
1131000710,6,1131000710
411300090606,6,411300090606
1131000410,6,1131000410
2103000402,6,2103000402
4043001201,6,4043001201
4023002510,6,4023002510
4111000203,6,4111000203
2233002906,6,2233002906
1021001004,6,1021001004
2053000409,6,2053000409
3103000908,6,3103000908
1021000607,6,1021000607
414300050305,6,414300050305
1021000102,6,1021000102
2093003301,6,2093003301
4083000406,6,4083000406
4113000408,6,4113000408
1083001603,6,1083001603
2083000708,6,2083000708
4113000404,6,4113000404
3023000302,6,3023000302
303300090702,6,303300090702
4033000705,6,4033000705
3033000602,6,3033000602
1083000902,6,1083000902
1133002107,6,1133002107
2073000502,6,2073000502
210530033120204,6,210530033120204
3203003005,6,3203003005
2302300050203,6,2302300050203
309300010903,6,309300010903
1133001410,6,1133001410
2123001109,6,2123001109
3111000102,6,3111000102
2143000206,6,2143000206
2233002910,6,2233002910
3193001210,6,3193001210
1021002407,6,1021002407
3193001208,6,3193001208
4083000211,6,4083000211
3023000510,6,3023000510
4193003207,6,4193003207
2317300090101,6,2317300090101
1021002312,6,1021002312
1073001605,6,1073001605
208300050903,6,208300050903
3101000108,6,3101000108
1153002709,6,1153002709
1021001408,6,1021001408
3023000306,6,3023000306
4133000305,6,4133000305
1021002603,6,1021002603
3073002504,6,3073002504
4023002502,6,4023002502
4143000507,6,4143000507
2083000808,6,2083000808
2223002203,6,2223002203
4113000702,6,4113000702
3033001511,6,3033001511
3083000111,6,3083000111
2033001801,6,2033001801
4173001709,6,4173001709
3043001408,6,3043001408
412300050902,6,412300050902
2243001306,6,2243001306
4141000108,5,4141000108
210830020090105,5,210830020090105
4043000605,5,4043000605
212300091101,5,212300091101
1021001407,5,1021001407
302300051003,5,302300051003
3073001207,5,3073001207
2233002205,5,2233002205
1043000402,5,1043000402
2153000603,5,2153000603
3033000910,5,3033000910
2143000301,5,2143000301
3023003510,5,3023003510
3073002303,5,3073002303
3213002107,5,3213002107
2105300330706,5,2105300330706
1051000301,5,1051000301
224300131003,5,224300131003
105300300504,5,105300300504
3133000106,5,3133000106
1073002303,5,1073002303
1043000408,5,1043000408
4043001202,5,4043001202
1163001301,5,1163001301
3203002703,5,3203002703
1153003103,5,1153003103
3023001808,5,3023001808
4183002003,5,4183002003
304100020709,5,304100020709
4133000303,5,4133000303
4143000503,5,4143000503
4041000306,5,4041000306
1053002308,5,1053002308
320300301003,5,320300301003
2033002307,5,2033002307
4173001706,5,4173001706
4051000206,5,4051000206
310300071002,5,310300071002
3113000307,5,3113000307
4113000711,5,4113000711
2208300050203,5,2208300050203
3173001009,5,3173001009
3023000808,5,3023000808
3173001107,5,3173001107
4053001010,5,4053001010
4043001003,5,4043001003
4173001704,5,4173001704
4083000401,5,4083000401
2307300220102,5,2307300220102
4073000307,5,4073000307
1021003109,5,1021003109
230930001090308,5,230930001090308
2153000408,5,2153000408
1103000908,5,1103000908
3203001810,5,3203001810
307100050306,5,307100050306
2413300030103,5,2413300030103
4033000907,5,4033000907
1123000301,5,1123000301
2233001806,5,2233001806
4133000206,5,4133000206
4093000903,5,4093000903
1043000406,5,1043000406
2033003304,5,2033003304
3041000706,5,3041000706
3213002305,5,3213002305
1123000309,5,1123000309
3191000507,5,3191000507
104300040906,5,104300040906
2153000705,5,2153000705
317300110302,5,317300110302
3073001708,5,3073001708
1063000902,5,1063000902
3041000701,5,3041000701
2233002604,5,2233002604
2233002608,5,2233002608
3071000702,5,3071000702
1071000208,5,1071000208
1133002105,5,1133002105
4103003806,5,4103003806
2063000308,5,2063000308
205300130910,5,205300130910
30204300120913,5,30204300120913
222300221020,5,222300221020
2213000604,5,2213000604
2093003303,5,2093003303
3103000804,5,3103000804
310300071007,5,310300071007
2153000411,5,2153000411
1053000809,5,1053000809
3031000210,5,3031000210
2183003702,5,2183003702
3153001602,5,3153001602
3013000306,5,3013000306
1033000304,5,1033000304
4061000303,5,4061000303
2223002602,5,2223002602
4171000802,5,4171000802
201300080905,5,201300080905
4133000201,5,4133000201
1021002901,5,1021002901
1133001610,5,1133001610
1103000708,5,1103000708
4033000606,5,4033000606
3073002507,5,3073002507
4033000610,5,4033000610
307300170702,5,307300170702
3103000902,5,3103000902
3041000402,5,3041000402
4041000303,5,4041000303
3093000105,5,3093000105
1021001713,5,1021001713
3101000103,5,3101000103
2215300020903,5,2215300020903
3103001211,5,3103001211
3173001002,5,3173001002
4033000905,5,4033000905
4183001107,5,4183001107
4083000409,5,4083000409
1021000701,5,1021000701
1133002308,5,1133002308
3183000301,5,3183000301
2309300010302,5,2309300010302
2107100010610,5,2107100010610
4143000306,5,4143000306
30307100050303,5,30307100050303
2123000902,5,2123000902
4063001305,5,4063001305
105300330702,5,105300330702
3133000201,5,3133000201
1131000409,5,1131000409
4033000607,5,4033000607
2111300051016,5,2111300051016
2183003710,5,2183003710
1163001302,5,1163001302
1103000901,5,1103000901
2113000903,5,2113000903
3063000610,5,3063000610
3073002310,5,3073002310
3213002805,5,3213002805
2083000505,5,2083000505
4153000902,5,4153000902
2123000910,5,2123000910
1123000308,5,1123000308
3083000109,5,3083000109
3071000507,5,3071000507
4043001209,5,4043001209
4153000605,5,4153000605
3113000401,5,3113000401
4063001105,5,4063001105
3041000404,5,3041000404
1083002008,5,1083002008
1131000705,5,1131000705
1083002009,5,1083002009
1043000807,5,1043000807
4083000209,5,4083000209
4153000609,5,4153000609
4021000205,5,4021000205
1021002802,5,1021002802
2043001506,5,2043001506
3111000107,5,3111000107
4053000607,5,4053000607
3183000304,5,3183000304
4053001006,5,4053001006
3083000405,5,3083000405
1113000305,5,1113000305
215300040603,5,215300040603
115300040402,5,115300040402
1081000301,5,1081000301
1021002210,5,1021002210
1053000403,5,1053000403
4051000506,5,4051000506
2404300060304,5,2404300060304
3043000901,5,3043000901
2063000306,5,2063000306
1063000301,5,1063000301
1053001201,5,1053001201
3103000606,5,3103000606
4113000703,5,4113000703
1103000704,5,1103000704
2233002909,5,2233002909
1063000704,5,1063000704
2053000905,5,2053000905
3041000208,5,3041000208
2183003705,5,2183003705
1083000907,5,1083000907
2053000906,5,2053000906
3113000409,5,3113000409
4143000506,5,4143000506
1083003307,5,1083003307
2103000703,5,2103000703
3173000905,5,3173000905
102100171003,5,102100171003
3103000910,5,3103000910
1073002306,5,1073002306
103300030403,5,103300030403
2033000809,5,2033000809
4013000305,5,4013000305
1021002711,5,1021002711
4023000704,5,4023000704
2043001510,5,2043001510
412300050906,5,412300050906
1021000406,5,1021000406
3093000103,5,3093000103
408300040503,5,408300040503
2123000807,5,2123000807
2233002905,5,2233002905
3073002306,5,3073002306
1021002605,5,1021002605
30307300180809,5,30307300180809
2108300160809,5,2108300160809
1101000107,5,1101000107
1113000101,5,1113000101
2023000707,5,2023000707
1021003205,5,1021003205
4163000701,5,4163000701
2402300301008,5,2402300301008
1093000401,5,1093000401
1131000608,5,1131000608
1053001908,5,1053001908
3210300060203,5,3210300060203
3073002301,5,3073002301
4113000709,5,4113000709
1033000511,5,1033000511
2113000606,5,2113000606
3073002510,5,3073002510
1063000510,5,1063000510
4103002904,5,4103002904
3173001010,5,3173001010
1021001202,5,1021001202
1131000704,5,1131000704
3101000408,5,3101000408
1113000506,5,1113000506
2083000704,5,2083000704
2233001109,5,2233001109
2023000503,5,2023000503
3183000309,5,3183000309
3023001306,5,3023001306
3013000304,5,3013000304
3083000410,5,3083000410
1133001912,5,1133001912
4183001109,5,4183001109
3043000910,5,3043000910
3021000213,5,3021000213
1123000606,5,1123000606
208300050909,5,208300050909
4153000410,5,4153000410
2233001104,5,2233001104
2211100030303,5,2211100030303
240430010030403,5,240430010030403
4183002307,5,4183002307
3023000303,5,3023000303
2053001707,5,2053001707
3173001101,5,3173001101
3103001006,5,3103001006
1021000711,5,1021000711
2033003303,5,2033003303
2013000601,5,2013000601
211300070903,5,211300070903
102100080803,5,102100080803
1021002702,5,1021002702
1131000413,5,1131000413
4123000510,5,4123000510
3071000703,5,3071000703
2309300020710,5,2309300020710
309300020706,5,309300020706
2193000307,5,2193000307
4153000409,5,4153000409
2053000903,5,2053000903
2083000805,5,2083000805
3043000904,5,3043000904
2083000703,5,2083000703
1021002903,5,1021002903
2233001808,5,2233001808
4171000807,5,4171000807
1043000407,5,1043000407
2210300041003,5,2210300041003
310300071003,5,310300071003
2402300070804,5,2402300070804
1021002405,5,1021002405
3073002203,5,3073002203
1013000204,5,1013000204
2211300060504,5,2211300060504
307300180803,5,307300180803
3203002706,5,3203002706
3103001007,5,3103001007
3083000106,5,3083000106
4123000304,5,4123000304
1053002609,5,1053002609
4143000501,5,4143000501
3213002102,5,3213002102
4073000701,5,4073000701
1083001302,5,1083001302
4051000205,5,4051000205
4033000409,5,4033000409
4043000807,5,4043000807
4043001008,5,4043001008
3073002208,5,3073002208
1021000207,5,1021000207
2031000407,5,2031000407
1033000505,5,1033000505
1071000206,5,1071000206
3013000303,5,3013000303
1073002309,5,1073002309
2417300170706,5,2417300170706
2083000501,5,2083000501
404300081004,5,404300081004
1133001407,5,1133001407
108300090202,5,108300090202
3013000302,5,3013000302
1153003102,5,1153003102
3213002309,5,3213002309
4113000604,5,4113000604
3103000609,5,3103000609
1131000207,5,1131000207
3073001204,5,3073001204
4183001111,5,4183001111
223300110603,5,223300110603
3063000612,5,3063000612
4023002003,5,4023002003
413300031003,5,413300031003
3103000803,5,3103000803
3183000403,5,3183000403
3033000609,5,3033000609
3103000703,5,3103000703
3133000108,5,3133000108
2307300170803,5,2307300170803
3101000105,5,3101000105
302300050205,5,302300050205
2233002609,5,2233002609
3133000209,5,3133000209
1131000209,5,1131000209
1053003002,5,1053003002
1133002303,5,1133002303
1153003106,5,1153003106
1021000506,5,1021000506
3203002105,5,3203002105
1083002302,5,1083002302
3041000401,5,3041000401
4033000911,5,4033000911
3023000507,5,3023000507
2153000701,5,2153000701
1021001810,5,1021001810
411300060107,5,411300060107
1063000509,5,1063000509
3113000301,5,3113000301
1123000307,5,1123000307
2043001404,5,2043001404
3023000505,5,3023000505
1063000311,5,1063000311
202300071002,5,202300071002
2233001406,5,2233001406
4103003808,5,4103003808
3033000606,5,3033000606
1133001903,5,1133001903
319300120204,5,319300120204
4113000710,5,4113000710
1131000604,5,1131000604
4023001610,5,4023001610
4113000705,5,4113000705
4041000305,5,4041000305
1053001903,5,1053001903
2113000709,5,2113000709
406300110502,5,406300110502
3083000406,5,3083000406
4141000102,5,4141000102
4041000307,5,4041000307
3203002404,5,3203002404
4063001302,5,4063001302
2021000106,5,2021000106
4043001005,5,4043001005
4183001103,5,4183001103
4113000707,5,4113000707
105300331202,5,105300331202
1103001209,5,1103001209
2115300040703,5,2115300040703
2233002903,5,2233002903
210930004090707,5,210930004090707
4183002308,5,4183002308
4153000701,5,4153000701
3023001009,5,3023001009
4103002908,5,4103002908
2203000104,5,2203000104
1021001902,5,1021001902
105300151301,5,105300151301
1083003302,4,1083003302
2233001408,4,2233001408
3103000604,4,3103000604
1153002710,4,1153002710
4163000703,4,4163000703
403300091103,4,403300091103
1053001505,4,1053001505
30106300070605,4,30106300070605
1033000509,4,1033000509
30210300060311,4,30210300060311
1073000807,4,1073000807
321300280103,4,321300280103
1021002804,4,1021002804
3203002409,4,3203002409
1021002207,4,1021002207
1113000507,4,1113000507
4053001004,4,4053001004
2033002809,4,2033002809
3203002107,4,3203002107
1021001308,4,1021001308
3103000709,4,3103000709
2183003703,4,2183003703
3203003004,4,3203003004
1021001512,4,1021001512
2302300100406,4,2302300100406
4173001701,4,4173001701
4093000507,4,4093000507
1163001304,4,1163001304
1021002301,4,1021002301
1071000110,4,1071000110
2108300230402,4,2108300230402
1021003203,4,1021003203
3181000104,4,3181000104
2207300061006,4,2207300061006
3033000905,4,3033000905
3043000907,4,3043000907
1053001513,4,1053001513
1073001205,4,1073001205
2123000907,4,2123000907
3183000407,4,3183000407
3213002806,4,3213002806
1083002704,4,1083002704
2302300160108,4,2302300160108
3083000206,4,3083000206
4113000403,4,4113000403
1083002001,4,1083002001
2211300040703,4,2211300040703
1021002205,4,1021002205
211530004040208,4,211530004040208
1073001209,4,1073001209
1021001501,4,1021001501
1053001902,4,1053001902
4033000704,4,4033000704
3043001405,4,3043001405
2233002601,4,2233002601
3041000407,4,3041000407
208300050203,4,208300050203
4043000602,4,4043000602
4091000203,4,4091000203
1063000307,4,1063000307
1083002304,4,1083002304
4193003508,4,4193003508
1103000909,4,1103000909
203300330504,4,203300330504
2123000903,4,2123000903
4113000907,4,4113000907
3153001605,4,3153001605
2193000301,4,2193000301
2103000411,4,2103000411
115300040703,4,115300040703
30311100010608,4,30311100010608
405100050604,4,405100050604
1063000503,4,1063000503
1083003007,4,1083003007
1021002007,4,1021002007
2153000204,4,2153000204
212300110703,4,212300110703
4143000313,4,4143000313
1021002201,4,1021002201
4023002507,4,4023002507
4023002505,4,4023002505
108300200202,4,108300200202
3043000906,4,3043000906
2041000902,4,2041000902
302300051008,4,302300051008
407300090302,4,407300090302
1083000901,4,1083000901
303100021105,4,303100021105
4051000503,4,4051000503
1063000511,4,1063000511
1153000401,4,1153000401
302300351203,4,302300351203
2204100090702,4,2204100090702
2213000607,4,2213000607
3073001703,4,3073001703
4123000308,4,4123000308
1163001105,4,1163001105
4083000210,4,4083000210
4033000708,4,4033000708
2023000706,4,2023000706
1073000803,4,1073000803
4083000402,4,4083000402
4173001703,4,4173001703
2043001212,4,2043001212
111300051004,4,111300051004
2013000806,4,2013000806
2023000506,4,2023000506
2153000706,4,2153000706
1041000213,4,1041000213
1073001610,4,1073001610
3183000303,4,3183000303
3023001609,4,3023001609
209300330603,4,209300330603
1121000111,4,1121000111
1021000608,4,1021000608
116300131002,4,116300131002
4173001403,4,4173001403
4091000206,4,4091000206
2233001805,4,2233001805
3133000309,4,3133000309
1081000309,4,1081000309
2222300221005,4,2222300221005
4023001107,4,4023001107
4073000507,4,4073000507
4033000408,4,4033000408
4063001309,4,4063001309
2053000401,4,2053000401
2053001302,4,2053001302
2043001503,4,2043001503
4043001208,4,4043001208
2143000205,4,2143000205
30320300211007,4,30320300211007
1071000104,4,1071000104
2083000803,4,2083000803
3203002407,4,3203002407
30105300190602,4,30105300190602
3051000103,4,3051000103
2193000309,4,2193000309
2113000609,4,2113000609
1083001606,4,1083001606
2304300140608,4,2304300140608
1063000504,4,1063000504
4133000308,4,4133000308
2213000609,4,2213000609
3033003306,4,3033003306
310300100403,4,310300100403
4043000603,4,4043000603
321300280803,4,321300280803
2233001108,4,2233001108
1033000301,4,1033000301
2302300080102,4,2302300080102
211300070905,4,211300070905
1063000907,4,1063000907
3083000404,4,3083000404
1083002004,4,1083002004
4043000808,4,4043000808
1053001204,4,1053001204
1131000605,4,1131000605
1021000612,4,1021000612
2205300090611,4,2205300090611
1153000403,4,1153000403
2153000207,4,2153000207
3203002403,4,3203002403
2102100250103,4,2102100250103
304300140803,4,304300140803
106300030505,4,106300030505
1083001604,4,1083001604
3183000410,4,3183000410
321300210601,4,321300210601
1071000101,4,1071000101
4063001106,4,4063001106
4033000602,4,4033000602
113100030302,4,113100030302
4183002006,4,4183002006
1021002107,4,1021002107
403300091101,4,403300091101
3073001810,4,3073001810
2093003305,4,2093003305
220530013070302,4,220530013070302
2233001101,4,2233001101
2033001808,4,2033001808
4173001406,4,4173001406
214300020808,4,214300020808
1021001302,4,1021001302
2153000610,4,2153000610
3183000310,4,3183000310
2123000802,4,2123000802
4023003008,4,4023003008
1133001008,4,1133001008
30211300070503,4,30211300070503
401300030903,4,401300030903
102100110904,4,102100110904
3133000210,4,3133000210
210300070904,4,210300070904
2053001704,4,2053001704
1073001202,4,1073001202
1021000213,4,1021000213
2123001106,4,2123001106
1081000302,4,1081000302
3173000903,4,3173000903
108100020203,4,108100020203
3063000703,4,3063000703
102100140204,4,102100140204
1021001206,4,1021001206
1021002308,4,1021002308
3103000907,4,3103000907
1063000701,4,1063000701
1071000103,4,1071000103
3173001104,4,3173001104
1083002301,4,1083002301
1153000404,4,1153000404
1103000502,4,1103000502
1041000206,4,1041000206
403100020911,4,403100020911
4101000105,4,4101000105
3104300060308,4,3104300060308
307300220105,4,307300220105
4153000907,4,4153000907
3083000401,4,3083000401
4023000703,4,4023000703
3133000311,4,3133000311
110300091001,4,110300091001
3101000107,4,3101000107
205300090606,4,205300090606
3033001505,4,3033001505
2031000110,4,2031000110
404300081003,4,404300081003
106300051004,4,106300051004
4023002009,4,4023002009
4113000901,4,4113000901
3051000102,4,3051000102
3073002005,4,3073002005
1053001909,4,1053001909
3093000113,4,3093000113
2021000109,4,2021000109
3051000106,4,3051000106
110300090303,4,110300090303
4143000305,4,4143000305
1093000403,4,1093000403
3041000702,4,3041000702
4103002909,4,4103002909
2053001710,4,2053001710
4043000805,4,4043000805
1133001605,4,1133001605
108100020802,4,108100020802
110100010203,4,110100010203
4123000502,4,4123000502
402300070201,4,402300070201
3063000710,4,3063000710
3193001209,4,3193001209
3041000209,4,3041000209
3213002801,4,3213002801
2043001401,4,2043001401
207300050203,4,207300050203
2201300060303,4,2201300060303
4023001606,4,4023001606
1021001809,4,1021001809
4073000711,4,4073000711
3041000408,4,3041000408
1021000705,4,1021000705
2173000903,4,2173000903
310300100301,4,310300100301
1021002611,4,1021002611
208300070403,4,208300070403
3023001006,4,3023001006
2033001807,4,2033001807
307100070403,4,307100070403
406300081003,4,406300081003
404300081006,4,404300081006
1053003304,4,1053003304
1063000702,4,1063000702
2173000909,4,2173000909
2123000808,4,2123000808
3010830020020503,4,3010830020020503
3103001203,4,3103001203
1043000811,4,1043000811
3093000107,4,3093000107
3073002304,4,3073002304
104300080702,4,104300080702
2223002608,4,2223002608
1021002208,4,1021002208
1163001102,4,1163001102
2183003704,4,2183003704
4083000203,4,4083000203
302300080103,4,302300080103
415300040902,4,415300040902
4091000210,4,4091000210
1041000211,4,1041000211
2306300060209,4,2306300060209
4023001110,4,4023001110
2083000707,4,2083000707
3213002108,4,3213002108
1021001403,4,1021001403
4033000604,4,4033000604
1053001210,4,1053001210
307300220903,4,307300220903
1021000405,4,1021000405
4083000405,4,4083000405
3103000710,4,3103000710
2033000802,4,2033000802
105300260802,4,105300260802
3183000402,4,3183000402
2043001205,4,2043001205
3031000211,4,3031000211
1163001310,4,1163001310
1153003110,4,1153003110
1033000303,4,1033000303
1083002708,4,1083002708
4173001702,4,4173001702
4183001104,4,4183001104
1133001010,4,1133001010
4083000403,4,4083000403
115300040702,4,115300040702
4063001310,4,4063001310
1053000408,4,1053000408
410300290503,4,410300290503
108300270903,4,108300270903
2073000605,4,2073000605
304100040304,4,304100040304
221430002080802,4,221430002080802
3073001206,4,3073001206
1021002106,4,1021002106
1133001601,4,1133001601
3153001604,4,3153001604
2419300350905,4,2419300350905
1123000603,4,1123000603
215300060703,4,215300060703
211300090503,4,211300090503
408300040504,4,408300040504
203100040604,4,203100040604
4123000303,4,4123000303
2104300080608,4,2104300080608
105300260602,4,105300260602
2193000302,4,2193000302
3183000302,4,3183000302
223300110608,4,223300110608
3133000204,4,3133000204
1021001301,4,1021001301
3043001410,4,3043001410
3023000805,4,3023000805
2302300351202,4,2302300351202
2104300060303,4,2104300060303
4023000706,4,4023000706
3103000707,4,3103000707
3101000402,4,3101000402
4171000803,4,4171000803
30201300040606,3,30201300040606
1143000303,3,1143000303
102100260606,3,102100260606
1133001005,3,1133001005
1083001304,3,1083001304
1083002707,3,1083002707
3073002305,3,3073002305
209300330602,3,209300330602
2212300091005,3,2212300091005
1133000801,3,1133000801
1073002304,3,1073002304
2091000308,3,2091000308
1053002307,3,1053002307
1133001607,3,1133001607
30212300111003,3,30212300111003
3093000210,3,3093000210
3021000203,3,3021000203
1103000906,3,1103000906
2023000709,3,2023000709
2320300211001,3,2320300211001
4193003507,3,4193003507
2233002904,3,2233002904
3213002807,3,3213002807
1021002204,3,1021002204
4123000509,3,4123000509
3023003504,3,3023003504
103300051102,3,103300051102
1021003412,3,1021003412
2083000804,3,2083000804
4033000903,3,4033000903
2411100021110,3,2411100021110
3083000102,3,3083000102
302300050202,3,302300050202
2123000804,3,2123000804
3023000304,3,3023000304
3203001808,3,3203001808
3203002102,3,3203002102
1083000909,3,1083000909
2113300210804,3,2113300210804
30401300030902,3,30401300030902
2113000401,3,2113000401
2081000104,3,2081000104
30321300300708,3,30321300300708
2143000208,3,2143000208
4123000309,3,4123000309
3041000708,3,3041000708
3023001312,3,3023001312
4153000901,3,4153000901
1133002305,3,1133002305
1131000404,3,1131000404
30321300300703,3,30321300300703
3103000601,3,3103000601
1133002102,3,1133002102
307300250904,3,307300250904
1073001201,3,1073001201
2121000307,3,2121000307
4153000706,3,4153000706
417300170903,3,417300170903
2113000407,3,2113000407
4111000204,3,4111000204
3183000209,3,3183000209
222300221018,3,222300221018
4063001102,3,4063001102
2031000106,3,2031000106
403100020904,3,403100020904
2033003309,3,2033003309
2051000112,3,2051000112
2153000703,3,2153000703
4013000507,3,4013000507
110100010206,3,110100010206
413300021007,3,413300021007
1113000302,3,1113000302
104300060305,3,104300060305
1043000604,3,1043000604
30303100021103,3,30303100021103
230230010040203,3,230230010040203
1133000802,3,1133000802
320300270708,3,320300270708
304100070105,3,304100070105
106300051003,3,106300051003
1143000305,3,1143000305
204300141003,3,204300141003
403300091108,3,403300091108
302300030303,3,302300030303
3073002007,3,3073002007
321300300802,3,321300300802
1083002309,3,1083002309
2308300040405,3,2308300040405
3010730012030203,3,3010730012030203
2111000304,3,2111000304
2418300230206,3,2418300230206
1051000310,3,1051000310
2183003706,3,2183003706
1083001612,3,1083001612
2023000504,3,2023000504
3103000702,3,3103000702
1021000805,3,1021000805
2091000611,3,2091000611
4031000210,3,4031000210
310100011003,3,310100011003
1043000802,3,1043000802
4111000209,3,4111000209
1073002305,3,1073002305
1123000303,3,1123000303
310300100303,3,310300100303
4053000602,3,4053000602
201300041004,3,201300041004
3213003004,3,3213003004
1073002011,3,1073002011
4083000410,3,4083000410
2043001507,3,2043001507
2103300051102,3,2103300051102
310300090204,3,310300090204
1053001512,3,1053001512
209100061003,3,209100061003
2153000607,3,2153000607
104300060303,3,104300060303
208100010905,3,208100010905
2308300040103,3,2308300040103
1021000503,3,1021000503
102100150406,3,102100150406
3023000307,3,3023000307
1081000208,3,1081000208
3023001008,3,3023001008
4051000507,3,4051000507
3103001004,3,3103001004
408300040505,3,408300040505
231730009100504,3,231730009100504
4183002309,3,4183002309
3043001404,3,3043001404
411300090105,3,411300090105
1053000801,3,1053000801
4103002601,3,4103002601
2151000103,3,2151000103
3023001307,3,3023001307
2105300300505,3,2105300300505
4023001104,3,4023001104
2041000210,3,2041000210
3101000409,3,3101000409
2083000810,3,2083000810
301300030803,3,301300030803
214300020804,3,214300020804
307300230503,3,307300230503
3191000504,3,3191000504
3041000403,3,3041000403
3093000204,3,3093000204
30302300131004,3,30302300131004
3033001504,3,3033001504
2417300170704,3,2417300170704
2031000402,3,2031000402
1053003006,3,1053003006
110300090302,3,110300090302
1153000409,3,1153000409
4023000702,3,4023000702
1021001706,3,1021001706
4033000410,3,4033000410
303100021110,3,303100021110
3023000301,3,3023000301
2033001805,3,2033001805
4173001707,3,4173001707
3071000506,3,3071000506
1021000702,3,1021000702
221110003070606,3,221110003070606
1103000510,3,1103000510
3041000411,3,3041000411
321300280806,3,321300280806
3203003001,3,3203003001
3071000501,3,3071000501
30311100010603,3,30311100010603
2113000708,3,2113000708
2233001106,3,2233001106
404300081005,3,404300081005
101300021302,3,101300021302
2223002205,3,2223002205
4123000508,3,4123000508
2403100020903,3,2403100020903
1103001211,3,1103001211
230710005030603,3,230710005030603
2321300280802,3,2321300280802
1051000104,3,1051000104
2201300041005,3,2201300041005
2113000402,3,2113000402
4103002602,3,4103002602
1021001915,3,1021001915
30307100050310,3,30307100050310
4033000601,3,4033000601
1073001206,3,1073001206
3113300141006,3,3113300141006
2109300040606,3,2109300040606
3033000908,3,3033000908
2053001705,3,2053001705
2233002603,3,2233002603
1103000910,3,1103000910
1053001202,3,1053001202
2041000203,3,2041000203
1063000912,3,1063000912
2053001311,3,2053001311
3113000404,3,3113000404
1133001404,3,1133001404
1133001207,3,1133001207
3103000905,3,3103000905
4023002508,3,4023002508
2051000106,3,2051000106
110100010202,3,110100010202
1053003309,3,1053003309
402300161006,3,402300161006
3103001210,3,3103001210
1083002710,3,1083002710
3103000603,3,3103000603
1083000905,3,1083000905
1021001208,3,1021001208
2033001810,3,2033001810
4031000208,3,4031000208
1051000106,3,1051000106
2083000504,3,2083000504
30113300141004,3,30113300141004
3101000110,3,3101000110
2105300080810,3,2105300080810
4153000705,3,4153000705
2315300160303,3,2315300160303
30211230006050302,3,30211230006050302
4113000601,3,4113000601
3073002506,3,3073002506
1133001906,3,1133001906
1021001011,3,1021001011
415300060604,3,415300060604
4103002608,3,4103002608
2153000410,3,2153000410
107300200503,3,107300200503
4073000707,3,4073000707
4151000209,3,4151000209
3105300120203,3,3105300120203
1021002008,3,1021002008
221430002080804,3,221430002080804
1063000506,3,1063000506
2317300090103,3,2317300090103
3213002808,3,3213002808
2113300210803,3,2113300210803
415300070907,3,415300070907
220830007040303,3,220830007040303
4111000205,3,4111000205
307300170709,3,307300170709
4043000804,3,4043000804
1133002304,3,1133002304
3133000103,3,3133000103
1073002002,3,1073002002
4123000310,3,4123000310
1103001210,3,1103001210
4033000402,3,4033000402
2183003708,3,2183003708
113300100101,3,113300100101
1083001306,3,1083001306
4171000809,3,4171000809
102100140202,3,102100140202
2033003307,3,2033003307
408300020505,3,408300020505
1103000702,3,1103000702
1041000210,3,1041000210
4173001708,3,4173001708
1063000709,3,1063000709
1043000607,3,1043000607
3203002708,3,3203002708
2233001803,3,2233001803
210830020020505,3,210830020020505
214300020807,3,214300020807
4043000606,3,4043000606
1083002703,3,1083002703
113300141006,3,113300141006
1021000504,3,1021000504
404300060302,3,404300060302
1021000402,3,1021000402
3203002401,3,3203002401
3103000901,3,3103000901
2103000709,3,2103000709
3023003507,3,3023003507
203300330503,3,203300330503
2123000809,3,2123000809
113300080104,3,113300080104
320300241007,3,320300241007
2233002204,3,2233002204
1101000101,3,1101000101
1013000206,3,1013000206
2103000409,3,2103000409
1133002501,3,1133002501
3213002804,3,3213002804
1013000202,3,1013000202
1021000212,3,1021000212
2153000409,2,2153000409
1083002305,2,1083002305
1103000907,2,1103000907
1113000301,2,1113000301
1021001711,2,1021001711
2113300120904,2,2113300120904
1021002309,2,1021002309
4133000302,2,4133000302
1083000605,2,1083000605
1021003411,2,1021003411
1131000212,2,1131000212
1053001905,2,1053001905
2153000405,2,2153000405
1103000506,2,1103000506
1033000308,2,1033000308
1133001006,2,1133001006
2043001204,2,2043001204
4101000511,2,4101000511
4043000604,2,4043000604
1021001710,2,1021001710
2123001307,2,2123001307
1021000810,2,1021000810
2023000710,2,2023000710
2243001303,2,2243001303
1113000304,2,1113000304
214300020802,2,214300020802
3041000206,2,3041000206
3103000802,2,3103000802
1021001402,2,1021001402
1021002508,2,1021002508
1133002504,2,1133002504
2311300030305,2,2311300030305
4023001608,2,4023001608
2105300190609,2,2105300190609
4133000304,2,4133000304
1021000807,2,1021000807
1021000906,2,1021000906
3103001011,2,3103001011
406300081005,2,406300081005
2405100050603,2,2405100050603
3010730016100203,2,3010730016100203
307100050702,2,307100050702
4153000702,2,4153000702
2113000901,2,2113000901
3111000112,2,3111000112
4163000709,2,4163000709
3153001601,2,3153001601
3203001803,2,3203001803
2113000403,2,2113000403
1021001305,2,1021001305
3203002405,2,3203002405
224300131006,2,224300131006
30113300141003,2,30113300141003
1033000504,2,1033000504
1121000105,2,1121000105
4123000307,2,4123000307
4033000605,2,4033000605
3183000405,2,3183000405
4173001407,2,4173001407
1113000508,2,1113000508
3203003002,2,3203003002
2153000604,2,2153000604
4083000201,2,4083000201
2063000301,2,2063000301
1021003415,2,1021003415
307300180802,2,307300180802
1113000501,2,1113000501
205300130703,2,205300130703
2153000707,2,2153000707
2223002607,2,2223002607
1073002302,2,1073002302
4153000403,2,4153000403
1073001604,2,1073001604
1073001602,2,1073001602
1133001211,2,1133001211
2033002801,2,2033002801
2123001305,2,2123001305
1053001203,2,1053001203
4021000209,2,4021000209
4083000407,2,4083000407
2093003304,2,2093003304
2103000710,2,2103000710
2023000708,2,2023000708
1021001802,2,1021001802
3023003506,2,3023003506
4013000301,2,4013000301
204100020801,2,204100020801
3203002108,2,3203002108
1133002508,2,1133002508
3033001513,2,3033001513
2083000701,2,2083000701
1053000404,2,1053000404
2320300241005,2,2320300241005
3133000303,2,3133000303
301063000305050,2,301063000305050
2041000202,2,2041000202
30415300090502,2,30415300090502
3093000108,2,3093000108
2081000107,2,2081000107
4093000902,2,4093000902
4023002004,2,4023002004
3105300300503,2,3105300300503
107300121004,2,107300121004
108300200902,2,108300200902
3213003008,2,3213003008
1013000201,2,1013000201
2233002908,2,2233002908
2031000109,2,2031000109
3041000205,2,3041000205
3030230010040204,2,3030230010040204
2105300120203,2,2105300120203
4043000803,2,4043000803
3105300300509,2,3105300300509
3083000201,2,3083000201
2083000702,2,2083000702
1133001909,2,1133001909
3203003009,2,3203003009
104300061103,2,104300061103
1021002509,2,1021002509
4053001003,2,4053001003
301101000102050,2,301101000102050
3033000909,2,3033000909
3173000910,2,3173000910
402300160903,2,402300160903
3133000211,2,3133000211
2051000110,2,2051000110
1103000509,2,1103000509
3023003512,2,3023003512
2233001802,2,2233001802
2063000309,2,2063000309
2113000703,2,2113000703
4073000908,2,4073000908
1131000406,2,1131000406
2151000110,2,2151000110
2093003302,2,2093003302
30307300120702,2,30307300120702
1083001311,2,1083001311
30307300180810,2,30307300180810
1053003310,2,1053003310
2103000609,2,2103000609
2233002607,2,2233002607
1131000414,2,1131000414
3213003001,2,3213003001
204100020810,2,204100020810
4113000405,2,4113000405
1021002307,2,1021002307
2013000609,2,2013000609
4171000805,2,4171000805
210430008070202,2,210430008070202
2418300200305,2,2418300200305
2033002302,2,2033002302
1131000302,2,1131000302
4051000204,2,4051000204
3033000607,2,3033000607
2402300301009,2,2402300301009
30201300060403,2,30201300060403
3041000207,2,3041000207
1083001611,2,1083001611
230710007040303,2,230710007040303
304100070102,2,304100070102
30304100070103,2,30304100070103
4143000504,2,4143000504
2103000702,2,2103000702
3073001806,2,3073001806
1131000303,2,1131000303
1053003305,2,1053003305
1021001211,2,1021001211
3213002110,2,3213002110
3173001007,2,3173001007
2203000109,2,2203000109
30407300050703,2,30407300050703
2318300030106,2,2318300030106
210530015130103,2,210530015130103
1073000801,2,1073000801
4183001108,2,4183001108
2113000605,2,2113000605
302300030403,2,302300030403
108300200901,2,108300200901
2093003308,2,2093003308
1021000703,2,1021000703
221230011100502,2,221230011100502
2410300290303,2,2410300290303
1133001406,2,1133001406
1153002703,2,1153002703
2113000705,2,2113000705
3113000403,2,3113000403
30307100050309,2,30307100050309
30407300030910,2,30407300030910
4073000903,2,4073000903
4153000904,2,4153000904
2151000105,1,2151000105
1083002705,1,1083002705
4173001405,1,4173001405
317300100703,1,317300100703
31115300040402,1,31115300040402
221230009100406,1,221230009100406
1043000401,1,1043000401
1103001206,1,1103001206
2013000610,1,2013000610
4113000904,1,4113000904
3093000102,1,3093000102
3133000105,1,3133000105
2110300050203,1,2110300050203
3133000306,1,3133000306
230410004030402,1,230410004030402
30104300061104,1,30104300061104
3213002301,1,3213002301
41710008050101,1,41710008050101
3173000901,1,3173000901
3183000208,1,3183000208
3103000705,1,3103000705
2081000102,1,2081000102
302300160107,1,302300160107
4041000301,1,4041000301
1133001411,1,1133001411
2033002806,1,2033002806
4153000602,1,4153000602
4133000306,1,4133000306
1073001601,1,1073001601
1083001305,1,1083001305
4073000504,1,4073000504
1063000903,1,1063000903
1123000608,1,1123000608
2101000206,1,2101000206
2063000303,1,2063000303
221110003070607,1,221110003070607
1123000610,1,1123000610
217300090803,1,217300090803
1153002708,1,1153002708
4153000606,1,4153000606
4123000305,1,4123000305
210930004091101,1,210930004091101
3010630003050502,1,3010630003050502
1163001106,1,1163001106
1021001309,1,1021001309
2123001107,1,2123001107
1113000310,1,1113000310
1053003306,1,1053003306
1071000111,1,1071000111
2112300060503,1,2112300060503
1101000114,1,1101000114
2113000602,1,2113000602
1133001606,1,1133001606
1073002301,1,1073002301
1133001901,1,1133001901
2103000708,1,2103000708
3043001401,1,3043001401
1041000204,1,1041000204
3133000101,1,3133000101
3173000911,1,3173000911
1131000401,1,1131000401
3041000410,1,3041000410
1013000210,1,1013000210
1133002306,1,1133002306
2053003001,1,2053003001
4101000107,1,4101000107
4073000709,1,4073000709
3033001502,1,3033001502
1053002603,1,1053002603
1073002006,1,1073002006
4063000808,1,4063000808
2417300140909,1,2417300140909
108300130403,1,108300130403
1063000505,1,1063000505
224300131004,1,224300131004
2123001301,1,2123001301
2233002605,1,2233002605
1153003105,1,1153003105
3103000607,1,3103000607
4043000609,1,4043000609
2111000303,1,2111000303
30106300090205,1,30106300090205
1043000606,1,1043000606
2041000907,1,2041000907
3203002103,1,3203002103
1073000809,1,1073000809
1021003004,1,1021003004
1131000706,1,1131000706
2043001409,1,2043001409
307100050308,1,307100050308
3203001801,1,3203001801
113300160102,1,113300160102
4023002001,1,4023002001
2104300061103,1,2104300061103
2091000301,1,2091000301
1103000505,1,1103000505
3073002206,1,3073002206
1073001606,1,1073001606
3023003511,1,3023003511
1101000102,1,1101000102
4033000407,1,4033000407
4033000702,1,4033000702
310300100308,1,310300100308
1103000903,1,1103000903
3133000207,1,3133000207
1053002304,1,1053002304
108300230404,1,108300230404
2153000402,1,2153000402
2093003306,1,2093003306
2093003307,1,2093003307
1073001603,1,1073001603
1021001110,1,1021001110
4013000502,1,4013000502
1133001403,1,1133001403
1021003407,1,1021003407
3033003304,1,3033003304
1133002311,1,1133002311
30307300120706,1,30307300120706
307300250903,1,307300250903
3023001007,1,3023001007
1053001207,1,1053001207
3103001208,1,3103001208
1101000110,1,1101000110
1021000204,1,1021000204
3163001608,1,3163001608
3033000907,1,3033000907
3023000802,1,3023000802
30110300050802,1,30110300050802
1083002007,1,1083002007
2233001404,1,2233001404
3203002406,1,3203002406
109300040908,1,109300040908
2105300151305,1,2105300151305
2153000601,1,2153000601
3133000104,1,3133000104
3103001010,1,3103001010
1083003308,1,1083003308
4153000404,1,4153000404
1063000705,1,1063000705
1053000406,1,1053000406
2073000508,1,2073000508
2203000108,1,2203000108
1021001102,1,1021001102
2233002206,1,2233002206
211530004040210,1,211530004040210
222300221017,1,222300221017
2073000505,1,2073000505
1133001002,1,1133001002
2153000208,1,2153000208
4041000304,1,4041000304
2051000113,1,2051000113
2108300230403,1,2108300230403
241030038080403,1,241030038080403
1093000405,1,1093000405
1053000407,1,1053000407
4153000908,1,4153000908
4053001002,1,4053001002
2013000802,1,2013000802
2101000205,1,2101000205
1081000206,1,1081000206
4141000109,1,4141000109
2105300151304,1,2105300151304
4111000207,1,4111000207
1043000806,1,1043000806
1103001205,1,1103001205
1021000313,1,1021000313
210730012100301,1,210730012100301
3023001311,1,3023001311
4033000608,1,4033000608
1133001609,1,1133001609
3073001711,1,3073001711
30311100011017,1,30311100011017
30302300051008,1,30302300051008
1021001105,1,1021001105
1021000401,1,1021000401
3193001202,1,3193001202
