hh,own_quant,own_value
H00101-04-01,,
H00102-04-01,364.0,504400.0
H00104-04-01,,
H00208-04-01,,
H00209-04-01,,
H00211-04-01,,
H00213-04-01,,
H00301-04-01,,
H00302-04-01,,
H00303-04-01,,
H00304-04-01,,
H00307-04-01,,
H00312-04-01,52.0,520000.0
H00313-04-01,,
H00606-04-01,,
H00704-04-01,,
H00707-04-01,,
H00710-04-01,,
H00712-04-01,,
H00801-04-01,,
H00802-04-01,,
H00803-04-01,,
H00805-04-01,,
H00809-04-01,,
H00810-04-02,,
H00810-04-03,,
H00811-04-01,,
H01209-04-01,208.0,104000.0
H01209-04-02,,
H01209-04-03,,
H01210-04-01,,
H01401-04-01,,
H01406-04-01,,
H01409-04-01,,
H01601-04-01,,
H01604-04-01,,
H01605-04-01,,
H01607-04-01,,
H01612-04-01,,
H01801-04-01,,
H01806-04-01,,
H01806-04-02,520.0,374400.0
H01809-04-01,,
H01813-04-01,,
H02108-04-01,,
H02110-04-01,,
H02111-04-01,,
H02113-04-01,26.0,390000.0
H02203-04-01,,
H02205-04-01,,
H02206-04-01,,
H02207-04-01,5096.0,1362400.0
H02304-04-01,,
H02305-04-01,78.0,156000.0
H02310-04-01,,
H02401-04-01,,
H02407-04-01,,
H02409-04-01,,
H02412-04-01,,
H02507-04-01,,
H02601-04-01,,
H02601-04-02,,
H02602-04-01,,
H02608-04-01,,
H02608-04-02,,
H02609-04-01,,
H02703-04-02,,
H02705-04-01,,
H02705-04-02,,
H02706-04-01,,
H02710-04-01,1196.0,1144000.0
H02711-04-01,26.0,130000.0
H02711-04-02,,
H02711-04-03,,
H02802-04-01,,
H02803-04-01,,
H02811-04-01,,
H03001-04-01,,
H03003-04-01,,
H03005-04-01,260.0,520000.0
H03006-04-01,,
H03010-04-01,,
H03401-04-01,,
H03408-04-01,260.0,884000.0
H03409-04-01,,
H03409-04-02,,
H03410-04-01,104.0,156000.0
H03410-04-02,,
H03503-04-01,,
H03511-04-01,,
H03515-04-01,,
H03601-04-01,1040.0,894400.0
H03602-04-04,1690.0,2646800.0
H03603-04-05,1456.0,1367600.0
H03604-04-04,468.0,1040000.0
H03604-04-08,832.0,1575600.0
H03604-04-09,416.0,707200.0
H03605-04-02,676.0,1060800.0
H03607-04-01,1196.0,2126800.0
H03608-04-01,260.0,520000.0
H03704-04-01,364.0,780000.0
H03705-04-01,533.0,1107600.0
H03706-04-01,702.0,2418000.0
H03707-04-01,780.0,1783600.0
H03707-04-02,,
H03709-04-01,988.0,936000.0
H03711-04-02,1300.0,738400.0
H03711-04-03,234.0,322400.0
H03711-04-04,,
H03807-04-01,624.0,1170000.0
H03809-04-01,832.0,988000.0
H03810-04-01,156.0,78000.0
H03811-04-01,,
H03813-04-01,,
H03901-04-01,,
H03902-04-01,1768.0,2241200.0
H03903-04-01,832.0,1482000.0
H03906-04-01,52.0,156000.0
H03907-04-01,1105.0,1716000.0
H03908-04-01,104.0,31200.0
H03909-04-01,676.0,3068000.0
H03909-04-02,1976.0,4750200.0
H03910-04-01,1599.0,6107400.0
H04001-04-01,520.0,774800.0
H04002-04-01,650.0,1440400.0
H04003-04-01,936.0,2015000.0
H04004-04-01,208.0,416000.0
H04005-04-01,494.0,738400.0
H04006-04-01,,
H04007-04-01,260.0,540800.0
H04009-04-01,,
H04010-04-01,3926.0,2204800.0
H04010-04-02,,
H04011-04-01,1768.0,2371200.0
H04011-04-02,,
H04201-04-01,1352.0,3978000.0
H04202-04-01,52.0,312000.0
H04203-04-01,754.0,1079000.0
H04204-04-01,598.0,1300000.0
H04205-04-01,156.0,312000.0
H04206-04-01,52.0,5200.0
H04207-04-01,624.0,1014000.0
H04208-04-02,780.0,1950000.0
H04209-04-01,1781.0,2548000.0
H04210-04-01,286.0,353600.0
H04501-04-01,,
H04505-04-01,,
H04508-04-02,,
H04508-04-03,,
H04508-04-04,,
H04509-04-01,871.0,1375400.0
H04602-04-01,208.0,234000.0
H04603-04-01,624.0,1118000.0
H04604-04-01,364.0,36400.0
H04606-04-01,104.0,260000.0
H04606-04-02,1313.0,2984800.0
H04607-04-01,520.0,462800.0
H04608-04-01,520.0,644800.0
H04609-04-01,416.0,1456000.0
H04610-04-01,,
H04610-04-02,390.0,577200.0
H04610-04-03,364.0,618800.0
H04801-04-01,,
H04802-04-01,676.0,416000.0
H04802-04-02,676.0,286000.0
H04802-04-03,,
H04803-04-02,325.0,572000.0
H04804-04-01,572.0,608400.0
H04805-04-01,364.0,644800.0
H04806-04-01,2444.0,2667600.0
H04807-04-01,260.0,130000.0
H04808-04-01,364.0,800800.0
H04808-04-02,,
H04810-04-01,1404.0,384800.0
H04903-04-01,156.0,364000.0
H04905-04-01,3952.0,2953600.0
H04907-04-01,3744.0,2938000.0
H04908-04-01,1248.0,2776800.0
H04909-04-01,1261.0,2527200.0
H04910-04-01,1950.0,6825000.0
H04912-04-01,1768.0,1170000.0
H04913-04-01,624.0,728000.0
H04913-04-02,273.0,613600.0
H04913-04-03,377.0,694200.0
H04913-04-05,572.0,535600.0
H04913-04-06,832.0,1170000.0
H05002-04-01,312.0,572000.0
H05003-04-01,624.0,774800.0
H05004-04-01,2002.0,2496000.0
H05005-04-01,1872.0,1170000.0
H05006-04-01,1404.0,1648400.0
H05007-04-01,2340.0,2152800.0
H05008-04-01,832.0,1144000.0
H05009-04-01,572.0,1144000.0
H05010-04-01,832.0,1144000.0
H05101-04-01,754.0,2558400.0
H05102-04-01,949.0,1092000.0
H05103-04-01,208.0,353600.0
H05104-04-01,312.0,494000.0
H05105-04-01,572.0,1196000.0
H05106-04-01,468.0,1300000.0
H05107-04-01,260.0,119600.0
H05108-04-01,728.0,1430000.0
H05109-04-01,572.0,530400.0
H05301-04-01,,
H05302-04-01,936.0,1300000.0
H05303-04-01,1040.0,1830400.0
H05304-04-01,936.0,1216800.0
H05305-04-01,1196.0,1840800.0
H05305-04-02,,
H05305-04-03,494.0,868400.0
H05305-04-05,364.0,109200.0
H05306-04-01,1196.0,832000.0
H05306-04-02,,
H05308-04-01,2184.0,2054000.0
H05309-04-01,1118.0,2438800.0
H05310-04-01,78.0,93600.0
H05310-04-02,416.0,572000.0
H05403-04-01,1391.0,2610400.0
H05404-04-01,1768.0,1583400.0
H05405-04-01,286.0,722800.0
H05406-04-01,,
H05407-04-01,936.0,1937000.0
H05407-04-02,208.0,416000.0
H05409-04-01,858.0,2423200.0
H05410-04-01,1976.0,1877200.0
H05412-04-01,832.0,1508000.0
H05412-04-02,1040.0,2012400.0
H05412-04-03,,
H05701-04-01,676.0,161200.0
H05702-04-01,2236.0,1924000.0
H05703-04-01,832.0,1076400.0
H05704-04-01,1508.0,1159600.0
H05705-04-01,1872.0,988000.0
H05706-04-01,728.0,837200.0
H05707-04-01,1092.0,1404000.0
H05709-04-01,1092.0,748800.0
H05710-04-01,4186.0,4310800.0
H05711-04-01,676.0,852800.0
H05711-04-02,,
H05901-04-01,,
H05904-04-01,,
H05906-04-01,,
H05906-04-02,468.0,780000.0
H05910-04-01,468.0,1144000.0
H06001-04-01,728.0,582400.0
H06005-04-01,208.0,1248000.0
H06006-04-01,104.0,364000.0
H06007-04-01,,
H06008-04-01,780.0,644800.0
H06009-04-01,780.0,2652000.0
H06010-04-01,468.0,520000.0
H06101-04-01,234.0,299000.0
H06102-04-01,1300.0,2095600.0
H06103-04-01,546.0,811200.0
H06104-04-01,936.0,795600.0
H06104-04-02,,
H06104-04-03,,
H06105-04-01,2288.0,4716400.0
H06105-04-02,1612.0,5220800.0
H06107-04-01,1300.0,1326000.0
H06108-04-01,1248.0,1040000.0
H06109-04-01,1612.0,3109600.0
H06110-04-01,520.0,1209000.0
H06201-04-01,780.0,520000.0
H06203-04-01,,
H06207-04-01,1040.0,1570400.0
H06208-04-01,2548.0,1476800.0
H06209-04-01,260.0,67600.0
H06301-04-01,3536.0,2048800.0
H06303-04-01,1404.0,1846000.0
H06303-04-02,,
H06303-04-03,104.0,104000.0
H06305-04-01,572.0,572000.0
H06306-04-01,728.0,728000.0
H06307-04-01,1196.0,2184000.0
H06309-04-01,,
H06310-04-01,2340.0,4903600.0
H06310-04-02,1040.0,733200.0
H06310-04-03,,
H06401-04-01,182.0,182000.0
H06402-04-01,910.0,728000.0
H06403-04-01,520.0,629200.0
H06404-04-01,1313.0,670800.0
H06405-04-01,1820.0,1721200.0
H06406-04-01,1638.0,1201200.0
H06408-04-01,806.0,1456000.0
H06409-04-01,2860.0,2828800.0
H06410-04-01,2392.0,1638000.0
H06411-04-01,1664.0,4004000.0
H06601-04-01,,
H06602-04-01,546.0,845000.0
H06603-04-01,4472.0,2678000.0
H06604-04-01,1326.0,1071200.0
H06605-04-01,507.0,520000.0
H06606-04-01,1066.0,2410200.0
H06607-04-01,455.0,845000.0
H06608-04-01,1196.0,2657200.0
H06609-04-01,1872.0,2553200.0
H06701-04-01,780.0,1040000.0
H06702-04-01,,
H06703-04-01,1482.0,1892800.0
H06704-04-01,416.0,910000.0
H06706-04-01,520.0,1248000.0
H06707-04-01,364.0,1456000.0
H06707-04-02,,
H06708-04-01,572.0,546000.0
H06709-04-01,416.0,364000.0
H06710-04-01,,
H06801-04-01,936.0,1149200.0
H06802-04-01,702.0,1786200.0
H06803-04-01,286.0,611000.0
H06805-04-01,,
H06806-04-01,,
H06807-04-01,780.0,1471600.0
H06810-04-01,,
H06810-04-02,52.0,312000.0
H06901-04-01,,
H06902-04-01,624.0,1632800.0
H06903-04-01,52.0,15600.0
H06906-04-01,,
H06908-04-01,936.0,2028000.0
H06909-04-01,,
H06911-04-01,364.0,676000.0
H06911-04-03,,
H06914-04-01,312.0,442000.0
H07002-04-02,260.0,338000.0
H07003-04-01,,
H07007-04-01,169.0,253500.0
H07007-04-02,,
H07008-04-01,,
H07009-04-01,780.0,1544400.0
H07010-04-01,513.5,2502500.0
H07201-04-01,,
H07202-04-01,,
H07202-04-02,260.0,260000.0
H07203-04-01,780.0,1404000.0
H07204-04-01,1300.0,130000.0
H07205-04-01,364.0,364000.0
H07206-04-01,312.0,1144000.0
H07207-04-01,819.0,1315600.0
H07208-04-01,312.0,769600.0
H07208-04-02,312.0,832000.0
H07209-04-01,338.0,540800.0
H07210-04-01,728.0,2158000.0
H07302-04-01,1404.0,1497600.0
H07303-04-01,3120.0,1648400.0
H07304-04-01,1300.0,395200.0
H07304-04-02,,
H07305-04-01,104.0,52000.0
H07306-04-01,1404.0,618800.0
H07307-04-01,884.0,1726400.0
H07309-04-01,1222.0,1310400.0
H07310-04-01,1352.0,2288000.0
H07311-04-01,1456.0,462800.0
H07403-04-01,,
H07404-04-01,,
H07406-04-01,,
H07408-04-01,234.0,166400.0
H07408-04-02,208.0,884000.0
H07408-04-03,728.0,1471600.0
H07410-04-01,,
H07412-04-01,,
H07413-04-01,,
H07501-04-01,520.0,213200.0
H07502-04-01,312.0,676000.0
H07502-04-02,260.0,504400.0
H07502-04-03,,
H07502-04-04,,
H07502-04-06,520.0,1508000.0
H07502-04-07,,
H07504-04-01,988.0,3276000.0
H07506-04-01,2262.0,1835600.0
H07507-04-01,104.0,364000.0
H07508-04-01,1781.0,1466400.0
H07509-04-01,2548.0,2100800.0
H07509-04-02,208.0,312000.0
H07509-04-03,728.0,613600.0
H07509-04-04,,
H07510-04-01,2132.0,2896400.0
H08101-04-01,,
H08102-04-01,,
H08102-04-02,,
H08102-04-03,,
H08102-04-04,,
H08102-04-06,,
H08103-04-01,,
H08107-04-01,364.0,488800.0
H08114-04-01,,
H08301-04-01,52.0,1040000.0
H08302-04-01,1430.0,1487200.0
H08302-04-02,2288.0,1193400.0
H08302-04-03,2756.0,3263000.0
H08302-04-04,364.0,436800.0
H08303-04-01,7072.0,14232400.0
H08304-04-01,2574.0,1662700.0
H08305-04-01,260.0,83200.0
H08306-04-01,,
H08307-04-02,182.0,249600.0
H08307-04-03,624.0,962000.0
H08308-04-01,260.0,213200.0
H08308-04-03,728.0,728000.0
H08309-04-01,,
H08310-04-01,702.0,416000.0
H08402-04-01,572.0,473200.0
H08404-04-01,1066.0,1292200.0
H08405-04-01,832.0,1222000.0
H08406-04-01,364.0,780000.0
H08406-04-02,832.0,1300000.0
H08406-04-04,728.0,1404000.0
H08408-04-01,546.0,650000.0
H08409-04-01,1092.0,1799200.0
H08409-04-02,390.0,1466400.0
H08410-04-01,1508.0,3047200.0
H08411-04-01,,
H08501-04-01,546.0,618800.0
H08502-04-01,754.0,1456000.0
H08503-04-01,299.0,318500.0
H08503-04-02,,
H08503-04-03,936.0,598000.0
H08504-04-01,676.0,962000.0
H08505-04-01,1664.0,2371200.0
H08506-04-01,780.0,837200.0
H08507-04-01,1300.0,1289600.0
H08508-04-01,1248.0,1721200.0
H08509-04-01,312.0,338000.0
H08510-04-01,351.0,800800.0
H08510-04-02,,
H08602-04-01,624.0,312000.0
H08602-04-02,1144.0,738400.0
H08602-04-03,208.0,104000.0
H08603-04-01,3068.0,4089800.0
H08605-04-01,,
H08609-04-01,858.0,585000.0
H08611-04-01,728.0,1040000.0
H08701-04-01,208.0,20800.0
H08703-04-01,312.0,1872000.0
H08704-04-01,364.0,109200.0
H08706-04-01,884.0,3718000.0
H08707-04-01,650.0,1950000.0
H08708-04-01,1300.0,2314000.0
H08708-04-02,676.0,1934400.0
H08709-04-01,390.0,873600.0
H08710-04-01,858.0,582400.0
H08801-04-01,494.0,348400.0
H08802-04-01,624.0,1242800.0
H08802-04-02,468.0,1123200.0
H08803-04-01,3731.0,1508000.0
H08804-04-01,390.0,286000.0
H08805-04-01,2756.0,1939600.0
H08806-04-01,1794.0,3411200.0
H08810-04-01,234.0,278200.0
H08811-04-01,1664.0,878800.0
H09001-04-01,156.0,364000.0
H09001-04-02,,
H09003-04-01,416.0,1014000.0
H09004-04-01,104.0,31200.0
H09004-04-02,,
H09005-04-01,234.0,182000.0
H09007-04-01,1404.0,3218800.0
H09008-04-01,806.0,1586000.0
H09008-04-02,,
H09009-04-01,,
H09009-04-02,,
H09010-04-01,260.0,1014000.0
H09011-04-01,,
H09101-04-01,988.0,1950000.0
H09102-04-01,1248.0,1726400.0
H09103-04-01,702.0,1630200.0
H09105-04-01,1144.0,3062800.0
H09105-04-02,572.0,592800.0
H09106-04-01,260.0,572000.0
H09106-04-02,,
H09107-04-01,468.0,520000.0
H09108-04-01,546.0,1508000.0
H09109-04-01,1300.0,1445600.0
H09110-04-01,1248.0,1794000.0
H09111-04-01,1040.0,1216800.0
H09203-04-01,936.0,390000.0
H09206-04-01,364.0,182000.0
H09208-04-01,1040.0,665600.0
H09209-04-01,676.0,499200.0
H09210-04-01,936.0,1497600.0
H09403-04-01,,
H09403-04-02,,
H09410-04-01,,
H09504-04-01,52.0,1040000.0
H09505-04-01,156.0,156000.0
H09509-04-01,,
H09510-04-01,1404.0,655200.0
H09513-04-01,,
H09514-04-01,,
H09604-04-01,156.0,260000.0
H09605-04-01,,
H09608-04-01,,
H09609-04-01,,
H09610-04-01,26.0,520000.0
H09613-04-01,104.0,31200.0
H09701-04-01,,
H09705-04-01,,
H09706-04-01,,
H09710-04-01,,
H09901-04-01,,
H09903-04-01,,
H09905-04-01,,
H09906-04-01,,
H09908-04-01,,
H09909-04-01,104.0,119600.0
H09910-04-01,,
H10002-04-01,,
H10003-04-01,156.0,124800.0
H10004-04-01,,
H10007-04-01,,
H10007-04-02,,
H10009-04-01,,
H10009-04-02,,
H10010-04-01,624.0,1586000.0
H10011-04-01,,
H10201-04-01,624.0,468000.0
H10201-04-02,,
H10205-04-01,,
H10207-04-01,,
H10209-04-01,,
H10210-04-01,312.0,15600.0
H10304-04-01,,
H10306-04-01,,
H10309-04-01,39.0,187200.0
H10311-04-01,,
H10312-04-01,,
H10701-04-01,5902.0,1097200.0
H10701-04-02,754.0,104000.0
H10701-04-03,,
H10702-04-01,2964.0,1495000.0
H10703-04-01,2730.0,1170000.0
H10704-04-01,3692.0,2984800.0
H10704-04-02,2678.0,2483000.0
H10706-04-01,3120.0,743600.0
H10706-04-02,1066.0,894400.0
H10707-04-01,2444.0,1565200.0
H10708-04-01,832.0,1115400.0
H10709-04-01,3796.0,2054000.0
H10710-04-01,5278.0,1237600.0
H10710-04-03,,
H10710-04-04,78.0,117000.0
H10710-04-05,832.0,925600.0
H10801-04-01,65.0,65000.0
H10802-04-01,1508.0,1773200.0
H10803-04-01,1352.0,457600.0
H10803-04-02,52.0,104000.0
H10803-04-03,247.0,169000.0
H10804-04-01,780.0,832000.0
H10805-04-01,130.0,176800.0
H10806-04-01,1118.0,1372800.0
H10807-04-01,26.0,59800.0
H10807-04-02,312.0,338000.0
H10809-04-01,364.0,72800.0
H10810-04-01,,
H10902-04-01,,
H10904-04-01,312.0,442000.0
H10905-04-01,2522.0,1357200.0
H10906-04-01,2808.0,1383200.0
H10908-04-01,468.0,468000.0
H10909-04-01,4966.0,4630600.0
H10909-04-02,4576.0,1778400.0
H10909-04-03,,
H10909-04-04,,
H10910-04-01,2080.0,1112800.0
H11001-04-01,416.0,275600.0
H11002-04-01,468.0,301600.0
H11003-04-01,,
H11006-04-01,260.0,260000.0
H11007-04-01,624.0,468000.0
H11009-04-01,2704.0,655200.0
H11010-04-01,1352.0,551200.0
H11011-04-01,728.0,265200.0
H11403-04-01,,
H11405-04-01,,
H11406-04-01,,
H11409-04-01,,
H11414-04-01,,
H11501-04-01,,
H11502-04-02,,
H11504-04-01,,
H11505-04-01,936.0,187200.0
H11506-04-01,52.0,780000.0
H11506-04-02,,
H11506-04-03,,
H11507-04-01,104.0,52000.0
H11509-04-01,,
H11510-04-01,1144.0,473200.0
H11801-04-01,3900.0,3083600.0
H11804-04-01,2340.0,2485600.0
H11805-04-01,936.0,187200.0
H11806-04-01,1040.0,104000.0
H11807-04-01,416.0,286000.0
H11808-04-01,611.0,1193400.0
H11808-04-02,1716.0,1898000.0
H11809-04-01,572.0,624000.0
H11810-04-01,1066.0,803400.0
H11901-04-01,1170.0,1089400.0
H11902-04-01,156.0,31200.0
H11903-04-01,,
H11903-04-02,,
H11905-04-01,936.0,1326000.0
H11907-04-01,598.0,949000.0
H11908-04-01,2912.0,1424800.0
H11910-04-01,546.0,988000.0
H12001-04-01,156.0,78000.0
H12003-04-01,2860.0,4882800.0
H12003-04-02,2704.0,1268800.0
H12005-04-01,780.0,650000.0
H12007-04-01,1456.0,821600.0
H12008-04-01,2626.0,1125800.0
H12009-04-01,1404.0,509600.0
H12010-04-01,3900.0,608400.0
H12011-04-01,988.0,1398800.0
H12303-04-01,,
H12306-04-01,,
H12310-04-01,,
H12311-04-01,390.0,286000.0
H12401-04-01,,
H12402-04-01,,
H12404-04-01,,
H12407-04-01,,
H12407-04-02,,
H12408-04-01,988.0,98800.0
H12409-04-01,624.0,1840800.0
H12411-04-01,3224.0,1372800.0
H12501-04-01,1768.0,702000.0
H12502-04-01,2288.0,3666000.0
H12504-04-01,182.0,572000.0
H12505-04-01,832.0,478400.0
H12506-04-01,10023.0,2012400.0
H12507-04-01,3536.0,1612000.0
H12509-04-01,4108.0,1294800.0
H12510-04-01,3328.0,1937000.0
H12512-04-01,1534.0,1289600.0
H12601-04-01,1222.0,1216800.0
H12603-04-01,988.0,1378000.0
H12604-04-01,364.0,400400.0
H12605-04-01,988.0,1768000.0
H12606-04-01,624.0,358800.0
H12606-04-02,364.0,114400.0
H12607-04-01,1248.0,1508000.0
H12610-04-01,624.0,436800.0
H12610-04-02,104.0,104000.0
H12611-04-01,260.0,26000.0
H12701-04-01,104.0,234000.0
H12701-04-02,78.0,223600.0
H12703-04-01,936.0,769600.0
H12704-04-01,1118.0,2210000.0
H12705-04-01,1001.0,1950000.0
H12706-04-01,1456.0,1164800.0
H12707-04-01,728.0,72800.0
H12708-04-01,3822.0,1627600.0
H12709-04-01,1872.0,2288000.0
H12710-04-01,390.0,572000.0
H12805-04-01,650.0,384800.0
H12805-04-02,,
H12806-04-01,624.0,260000.0
H12808-04-01,728.0,858000.0
H12809-04-01,41.600000619888306,200200.0
H12809-04-02,,
H12809-04-03,208.0,416000.0
H12810-04-01,208.0,312000.0
H12811-04-01,1196.0,1034800.0
H12812-04-01,1612.0,3042000.0
H12901-04-01,1170.0,1133600.0
H12902-04-02,1092.0,1092000.0
H12903-04-01,1924.0,1788800.0
H12904-04-01,1664.0,332800.0
H12905-04-01,2314.0,894400.0
H12905-04-02,416.0,122200.0
H12906-04-01,1872.0,1544400.0
H12907-04-01,1534.0,1851200.0
H12908-04-01,1144.0,202800.0
H12909-04-02,832.0,1336400.0
H12910-04-01,3172.0,2823600.0
H13002-04-01,2392.0,3967600.0
H13003-04-01,832.0,598000.0
H13004-04-01,780.0,972400.0
H13006-04-01,3276.0,3952000.0
H13006-04-02,2236.0,2646800.0
H13006-04-03,624.0,603200.0
H13006-04-04,676.0,254800.0
H13006-04-05,260.0,561600.0
H13006-04-06,832.0,1144000.0
H13007-04-01,1456.0,1856400.0
H13008-04-01,1456.0,1237600.0
H13009-04-01,780.0,1476800.0
H13010-04-01,2418.0,707200.0
H13102-04-01,1456.0,1372800.0
H13103-04-01,1664.0,509600.0
H13104-04-01,2938.0,637000.0
H13105-04-01,3848.0,2126800.0
H13105-04-02,390.0,1001000.0
H13106-04-01,3380.0,416000.0
H13107-04-02,2678.0,1939600.0
H13107-04-03,2912.0,728000.0
H13107-04-04,2080.0,644800.0
H13108-04-01,1872.0,3416400.0
H13108-04-02,1248.0,405600.0
H13109-04-01,676.0,1008800.0
H13111-04-01,2340.0,395200.0
H13202-04-01,234.0,4836000.0
H13203-04-01,1300.0,291200.0
H13204-04-01,156.0,218400.0
H13205-04-02,2288.0,2100800.0
H13205-04-04,1586.0,1229800.0
H13207-04-01,468.0,577200.0
H13208-04-01,104.0,218400.0
H13208-04-02,,
H13209-04-01,1040.0,868400.0
H13210-04-01,,
H13303-04-01,4992.0,1976000.0
H13306-04-01,845.0,956800.0
H13307-04-01,208.0,166400.0
H13307-04-02,299.0,257400.0
H13308-04-01,4654.0,1591200.0
H13309-04-01,1742.0,816400.0
H13310-04-01,4602.0,4050800.0
H13310-04-02,1716.0,868400.0
H13310-04-03,1118.0,1466400.0
H13310-04-04,2132.0,1653600.0
H13310-04-05,2444.0,1170000.0
H13310-04-06,1144.0,2386800.0
H13310-04-07,312.0,223600.0
H13311-04-01,1144.0,686400.0
H14001-04-01,260.0,520000.0
H14002-04-01,52.0,52000.0
H14003-04-01,,
H14003-04-02,52.0,208000.0
H14003-04-03,,
H14004-04-01,416.0,1066000.0
H14004-04-02,312.0,93600.0
H14004-04-03,884.0,390000.0
H14005-04-01,,
H14006-04-01,728.0,655200.0
H14006-04-02,988.0,925600.0
H14007-04-01,988.0,904800.0
H14008-04-01,624.0,598000.0
H14008-04-02,260.0,546000.0
H14009-04-01,104.0,156000.0
H14010-04-01,1508.0,962000.0
H14101-04-01,1560.0,1034800.0
H14104-04-01,832.0,1560000.0
H14106-04-01,104.0,104000.0
H14109-04-01,780.0,650000.0
H14109-04-03,,
H14109-04-04,936.0,1794000.0
H14110-04-01,,
H14111-04-01,364.0,234000.0
H14201-04-01,832.0,993200.0
H14202-04-01,624.0,910000.0
H14203-04-01,104.0,1248000.0
H14206-04-01,676.0,504400.0
H14207-04-01,962.0,993200.0
H14207-04-02,208.0,104000.0
H14207-04-03,624.0,358800.0
H14208-04-01,1768.0,1320800.0
H14209-04-01,897.0,1466400.0
H14210-04-01,1092.0,1809600.0
H14301-04-01,286.0,85800.0
H14301-04-02,780.0,780000.0
H14302-04-01,1144.0,795600.0
H14302-04-02,1248.0,343200.0
H14302-04-03,884.0,478400.0
H14302-04-04,572.0,223600.0
H14303-04-01,1820.0,1669200.0
H14304-04-01,52.0,52000.0
H14304-04-02,988.0,910000.0
H14304-04-03,364.0,145600.0
H14304-04-04,1560.0,1861600.0
H14305-04-01,52.0,104000.0
H14306-04-01,1508.0,1008800.0
H14306-04-02,624.0,426400.0
H14307-04-01,832.0,1534000.0
H14308-04-01,988.0,1534000.0
H14308-04-02,832.0,494000.0
H14309-04-01,1300.0,1138800.0
H14309-04-02,546.0,936000.0
H14309-04-03,832.0,941200.0
H14309-04-04,650.0,1362400.0
H14309-04-05,832.0,1029600.0
H14310-04-01,312.0,2392000.0
H14401-04-01,520.0,436800.0
H14402-04-01,260.0,52000.0
H14402-04-02,676.0,223600.0
H14403-04-01,,
H14404-04-01,520.0,306800.0
H14404-04-02,,
H14404-04-03,,
H14405-04-01,1508.0,2860000.0
H14406-04-01,,
H14407-04-01,,
H14407-04-02,,
H14408-04-01,,
H14409-04-01,416.0,478400.0
H14410-04-02,1066.0,743600.0
H14606-04-01,156.0,156000.0
H14612-04-01,,
H14801-04-01,,
H14801-04-02,572.0,676000.0
H14802-04-01,624.0,369200.0
H14803-04-01,1040.0,1539200.0
H14804-04-01,5044.0,1045200.0
H14805-04-01,2964.0,748800.0
H14806-04-01,,
H14806-04-02,780.0,436800.0
H14806-04-03,780.0,1092000.0
H14807-04-01,3796.0,748800.0
H14807-04-02,364.0,405600.0
H14808-04-01,2184.0,2329600.0
H14808-04-02,468.0,520000.0
H14809-04-01,312.0,442000.0
H14810-04-01,1092.0,1326000.0
H14903-04-01,1664.0,1768000.0
H14903-04-02,208.0,124800.0
H14904-04-01,,
H14906-04-01,468.0,280800.0
H14906-04-02,,
H14907-04-01,1612.0,1638000.0
H14908-04-01,2392.0,1612000.0
H14910-04-01,884.0,1736800.0
H15002-04-01,728.0,629200.0
H15003-04-01,416.0,405600.0
H15004-04-01,364.0,696800.0
H15005-04-01,260.0,405600.0
H15006-04-01,546.0,358800.0
H15007-04-01,52.0,156000.0
H15007-04-02,884.0,1404000.0
H15008-04-01,104.0,20800.0
H15008-04-02,130.0,208000.0
H15009-04-01,988.0,1762800.0
H15010-04-01,2990.0,4550000.0
H15101-04-01,1456.0,3520400.0
H15102-04-01,416.0,936000.0
H15102-04-02,,
H15103-04-01,1196.0,1133600.0
H15104-04-01,468.0,176800.0
H15105-04-01,156.0,244400.0
H15106-04-01,1040.0,1872000.0
H15107-04-01,884.0,733200.0
H15108-04-01,1040.0,2132000.0
H15109-04-01,2548.0,774800.0
H15109-04-02,52.0,312000.0
H15110-04-01,884.0,2386800.0
H15301-04-01,1300.0,1076400.0
H15301-04-02,624.0,982800.0
H15302-04-01,1040.0,2444000.0
H15304-04-01,702.0,332800.0
H15305-04-01,364.0,660400.0
H15306-04-01,52.0,52000.0
H15308-04-01,468.0,800800.0
H15309-04-01,442.0,1003600.0
H15309-04-02,,
H15310-04-01,7904.0,2366000.0
H15502-04-01,312.0,858000.0
H15503-04-01,312.0,447200.0
H15504-04-01,104.0,31200.0
H15505-04-01,104.0,364000.0
H15505-04-02,3016.0,2475200.0
H15506-04-01,416.0,821600.0
H15508-04-01,312.0,124800.0
H15509-04-01,260.0,603200.0
H15510-04-01,364.0,504400.0
H15902-04-01,1092.0,158600.0
H15903-04-01,1664.0,1627600.0
H15904-04-01,4004.0,364000.0
H15905-04-01,728.0,364000.0
H15907-04-01,572.0,457600.0
H15908-04-01,364.0,36400.0
H15909-04-01,1924.0,384800.0
H15909-04-02,494.0,384800.0
H15909-04-03,11440.0,832000.0
H15910-04-01,104.0,52000.0
H16201-04-01,208.0,20800.0
H16201-04-02,780.0,379600.0
H16202-04-01,572.0,254800.0
H16203-04-01,208.0,67600.0
H16204-04-01,312.0,312000.0
H16205-04-01,1144.0,343200.0
H16206-04-01,,
H16207-04-01,832.0,410800.0
H16208-04-01,1066.0,2230800.0
H16209-04-01,416.0,171600.0
H16210-04-01,1170.0,1783600.0
H16302-04-01,364.0,182000.0
H16304-04-01,728.0,681200.0
H16305-04-01,156.0,62400.0
H16305-04-02,312.0,332800.0
H16305-04-03,1404.0,551200.0
H16306-04-01,52.0,234000.0
H16307-04-01,2574.0,1573000.0
H16308-04-01,468.0,364000.0
H16308-04-02,728.0,473200.0
H16309-04-01,2028.0,195000.0
H16310-04-01,,
H16401-04-01,1404.0,1622400.0
H16402-04-01,364.0,364000.0
H16403-04-01,624.0,795600.0
H16404-04-01,1196.0,286000.0
H16405-04-01,,
H16405-04-02,533.0,234000.0
H16406-04-01,,
H16407-04-01,728.0,1092000.0
H16407-04-02,,
H16407-04-03,364.0,488800.0
H16408-04-01,728.0,343200.0
H16409-04-01,,
H16409-04-02,520.0,67600.0
H16409-04-04,,
H16410-04-01,379.6000006198883,410800.0
H16501-04-01,156.0,156000.0
H16501-04-02,156.0,234000.0
H16502-04-01,416.0,234000.0
H16503-04-01,156.0,109200.0
H16505-04-01,1248.0,1612000.0
H16505-04-02,312.0,218400.0
H16505-04-03,728.0,946400.0
H16506-04-01,1092.0,644800.0
H16507-04-01,1300.0,1066000.0
H16508-04-01,260.0,130000.0
H16509-04-01,780.0,1170000.0
H16510-04-01,104.0,104000.0
H16604-04-01,1404.0,790400.0
H16604-04-02,,
H16606-04-01,832.0,468000.0
H16607-04-01,1144.0,161200.0
H16609-04-01,1404.0,894400.0
H16611-04-01,676.0,998400.0
H16701-04-01,1352.0,1820000.0
H16702-04-01,5616.0,2709200.0
H16703-04-01,,
H16703-04-02,1040.0,998400.0
H16704-04-01,468.0,494000.0
H16704-04-02,,
H16705-04-01,,
H16707-04-01,1248.0,1684800.0
H16708-04-01,156.0,62400.0
H16709-04-01,260.0,416000.0
H16710-04-01,1040.0,1591200.0
H16802-04-01,1144.0,1029600.0
H16803-04-01,1872.0,1534000.0
H16804-04-01,1144.0,1019200.0
H16806-04-01,260.0,910000.0
H16807-04-01,780.0,644800.0
H16809-04-01,1144.0,431600.0
H16809-04-02,52.0,83200.0
H16809-04-03,416.0,364000.0
H16810-04-01,208.0,260000.0
H17002-04-01,572.0,546000.0
H17003-04-01,5148.0,4024800.0
H17005-04-01,832.0,1471600.0
H17006-04-01,1287.0,1452100.0
H17007-04-01,624.0,384800.0
H17007-04-02,832.0,322400.0
H17008-04-01,2132.0,1752400.0
H17009-04-01,780.0,1430000.0
H17009-04-02,208.0,260000.0
H17010-04-01,2028.0,4056000.0
H17010-04-02,,
H17102-04-01,182.0,698100.0
H17103-04-01,1586.0,2672800.0
H17105-04-01,676.0,265200.0
H17107-04-01,728.0,254800.0
H17109-04-01,1612.0,2314000.0
H17110-04-01,260.0,436800.0
H17201-04-01,,
H17201-04-03,,
H17202-04-01,1456.0,2652000.0
H17203-04-01,468.0,1300000.0
H17204-04-01,1456.0,1081600.0
H17205-04-01,884.0,1492400.0
H17206-04-01,1586.0,876200.0
H17207-04-01,1196.0,1960400.0
H17207-04-02,,
H17208-04-01,676.0,993200.0
H17210-04-01,754.0,1606800.0
H17301-04-01,3172.0,2366000.0
H17302-04-01,1924.0,551200.0
H17308-04-01,2236.0,715000.0
H17309-04-01,1378.0,1081600.0
H17310-04-01,2652.0,2376400.0
H17401-04-01,442.0,1430000.0
H17401-04-02,,
H17403-04-01,,
H17404-04-01,728.0,1222000.0
H17405-04-01,,
H17406-04-01,,
H17408-04-01,884.0,4071600.0
H17409-04-01,1612.0,1050400.0
H17410-04-01,,
H17502-04-01,689.0,1963000.0
H17503-04-01,572.0,1612000.0
H17504-04-02,429.0,889200.0
H17506-04-01,520.0,2002000.0
H17507-04-01,312.0,317200.0
H17508-04-01,208.0,104000.0
H17509-04-01,728.0,1721200.0
H17511-04-01,468.0,1060800.0
H17511-04-02,364.0,364000.0
H17511-04-03,104.0,52000.0
H17601-04-01,728.0,925600.0
H17604-04-01,1820.0,748800.0
H17605-04-01,260.0,374400.0
H17606-04-01,416.0,546000.0
H17608-04-01,104.0,416000.0
H17608-04-02,1820.0,364000.0
H17609-04-01,156.0,343200.0
H17610-04-01,468.0,416000.0
H17701-04-01,1092.0,468000.0
H17703-04-01,546.0,291200.0
H17704-04-01,1300.0,312000.0
H17705-04-02,,
H17707-04-02,260.0,520000.0
H17707-04-03,1456.0,1263600.0
H17707-04-04,676.0,795600.0
H17708-04-01,520.0,2194400.0
H17708-04-02,78.0,223600.0
H17709-04-01,312.0,301600.0
H17710-04-01,312.0,858000.0
H18001-04-01,1560.0,1419600.0
H18001-04-02,52.0,26000.0
H18005-04-01,572.0,603200.0
H18007-04-01,858.0,561600.0
H18010-04-01,1664.0,847600.0
H18011-04-01,1092.0,1008800.0
H18012-04-01,,
H18013-04-01,52.0,104000.0
H18101-04-01,312.0,182000.0
H18102-04-01,1612.0,1050400.0
H18103-04-01,624.0,478400.0
H18103-04-02,624.0,546000.0
H18103-04-03,,
H18104-04-01,858.0,650000.0
H18104-04-02,2184.0,1310400.0
H18104-04-03,572.0,384800.0
H18104-04-04,1144.0,832000.0
H18105-04-01,1924.0,1144000.0
H18106-04-01,,
H18107-04-01,,
H18108-04-01,832.0,936000.0
H18109-04-01,936.0,343200.0
H18110-04-01,1196.0,832000.0
H18201-04-01,260.0,260000.0
H18202-04-02,3328.0,774800.0
H18202-04-03,416.0,176800.0
H18202-04-04,3172.0,795600.0
H18202-04-05,1664.0,514800.0
H18202-04-06,1196.0,655200.0
H18203-04-01,1144.0,1201200.0
H18204-04-01,364.0,364000.0
H18204-04-02,312.0,31200.0
H18205-04-01,494.0,494000.0
H18205-04-02,2184.0,436800.0
H18206-04-01,884.0,925600.0
H18206-04-02,1716.0,416000.0
H18207-04-01,1924.0,1320800.0
H18207-04-02,312.0,156000.0
H18208-04-01,1092.0,972400.0
H18209-04-01,936.0,754000.0
H18209-04-02,4316.0,624000.0
H18210-04-01,1820.0,1430000.0
H18210-04-02,936.0,686400.0
H18210-04-03,104.0,104000.0
H18210-04-04,,
H18210-04-05,,
H18301-04-01,624.0,312000.0
H18301-04-02,312.0,312000.0
H18301-04-03,520.0,260000.0
H18301-04-04,728.0,306800.0
H18301-04-05,1196.0,670800.0
H18301-04-06,520.0,260000.0
H18301-04-07,,
H18302-04-01,312.0,88400.0
H18303-04-01,,
H18305-04-01,208.0,208000.0
H18306-04-01,1196.0,520000.0
H18307-04-01,2964.0,1024400.0
H18308-04-01,468.0,280800.0
H18309-04-01,1352.0,613600.0
H18311-04-01,1352.0,842400.0
H18601-04-01,962.0,829400.0
H18601-04-02,728.0,624000.0
H18601-04-03,1404.0,608400.0
H18602-04-01,1612.0,572000.0
H18603-04-01,1820.0,1055600.0
H18604-04-01,1976.0,1747200.0
H18605-04-01,1898.0,3494400.0
H18606-04-01,1664.0,1367600.0
H18607-04-01,1248.0,1222000.0
H18608-04-01,624.0,343200.0
H18609-04-01,1196.0,426400.0
H18610-04-01,1456.0,1424800.0
H18708-04-01,,
H18712-04-01,6656.0,2678000.0
H18801-04-01,988.0,660400.0
H18801-04-02,520.0,364000.0
H18802-04-01,832.0,468000.0
H18803-04-01,936.0,507000.0
H18804-04-01,884.0,1008800.0
H18805-04-01,9256.0,2683200.0
H18806-04-01,1144.0,1185600.0
H18806-04-02,312.0,249600.0
H18806-04-03,1300.0,936000.0
H18807-04-01,,
H18807-04-02,,
H18808-04-01,1716.0,943800.0
H18808-04-02,260.0,52000.0
H18808-04-03,572.0,603200.0
H18809-04-01,3536.0,1762800.0
H18810-04-01,936.0,826800.0
H18901-04-01,208.0,197600.0
H18902-04-01,1144.0,738400.0
H18904-04-01,1404.0,1159600.0
H18905-04-01,6448.0,1731600.0
H18907-04-01,936.0,2033200.0
H18908-04-01,1300.0,1066000.0
H18909-04-01,1092.0,754000.0
H18910-04-01,2288.0,1050400.0
H19001-04-01,728.0,265200.0
H19001-04-02,884.0,676000.0
H19002-04-01,1508.0,1232400.0
H19004-04-01,780.0,525200.0
H19005-04-01,780.0,647400.0
H19006-04-01,676.0,473200.0
H19007-04-01,364.0,364000.0
H19008-04-01,364.0,364000.0
H19008-04-02,1248.0,1029600.0
H19008-04-03,,
H19008-04-04,364.0,364000.0
H19009-04-01,884.0,608400.0
H19010-04-01,2236.0,1861600.0
H19101-04-01,312.0,208000.0
H19102-04-01,1612.0,1674400.0
H19103-04-01,1352.0,1518400.0
H19104-04-01,1248.0,1466400.0
H19105-04-01,1664.0,1383200.0
H19106-04-01,1664.0,1014000.0
H19107-04-01,1924.0,1461200.0
H19107-04-02,832.0,514800.0
H19107-04-03,260.0,260000.0
H19108-04-01,1664.0,738400.0
H19108-04-02,3276.0,936000.0
H19108-04-03,,
H19109-04-01,2652.0,1500200.0
H19110-04-01,884.0,665600.0
H19201-04-01,5200.0,1339000.0
H19203-04-01,1144.0,3276000.0
H19204-04-01,1040.0,780000.0
H19205-04-01,780.0,696800.0
H19205-04-03,572.0,405600.0
H19206-04-01,,
H19207-04-01,260.0,171600.0
H19208-04-01,832.0,738400.0
H19210-04-01,1768.0,1606800.0
H19211-04-01,52.0,52000.0
H19212-04-01,468.0,358800.0
H19212-04-02,,
H19212-04-03,,
H19401-04-01,,
H19402-04-01,,
H19406-04-01,,
H19407-04-01,,
H19409-04-01,,
H19501-04-01,624.0,618800.0
H19502-04-01,156.0,15600.0
H19504-04-01,,
H19504-04-02,,
H19505-04-01,520.0,275600.0
H19506-04-01,468.0,468000.0
H19507-04-01,312.0,88400.0
H19508-04-01,572.0,234000.0
H19509-04-01,364.0,239200.0
H19510-04-01,364.0,728000.0
H19602-04-01,780.0,374400.0
H19602-04-02,468.0,239200.0
H19603-04-01,468.0,416000.0
H19604-04-01,1508.0,1159600.0
H19605-04-01,,
H19607-04-01,,
H19607-04-03,,
H19608-04-01,,
H19609-04-01,,
H19610-04-01,780.0,1092000.0
H19702-04-01,52.0,52000.0
H19702-04-02,,
H19702-04-03,,
H19702-04-04,2145.0,1248000.0
H19703-04-01,1248.0,1445600.0
H19703-04-02,,
H19704-04-01,728.0,899600.0
H19705-04-01,,
H19707-04-01,884.0,785200.0
H19708-04-01,1508.0,1570400.0
H19709-04-01,832.0,379600.0
H19710-04-01,1768.0,1898000.0
H19711-04-01,988.0,1014000.0
H20002-04-01,806.0,410800.0
H20004-04-01,416.0,379600.0
H20005-04-01,2990.0,936000.0
H20005-04-02,390.0,166400.0
H20006-04-01,104.0,10400.0
H20007-04-01,468.0,468000.0
H20009-04-01,624.0,520000.0
H20010-04-01,364.0,231400.0
H20010-04-02,156.0,31200.0
H20010-04-03,,
H20011-04-01,,
H20201-04-01,1404.0,1071200.0
H20202-04-01,910.0,530400.0
H20203-04-01,416.0,52000.0
H20203-04-02,156.0,72800.0
H20205-04-01,572.0,338000.0
H20206-04-01,1612.0,1196000.0
H20207-04-01,910.0,780000.0
H20207-04-02,1664.0,1570400.0
H20208-04-01,1040.0,291200.0
H20209-04-01,208.0,52000.0
H20210-04-01,624.0,249600.0
H20210-04-02,598.0,345800.0
H20210-04-03,780.0,208000.0
H20301-04-01,364.0,114400.0
H20302-04-01,988.0,676000.0
H20303-04-01,1196.0,603200.0
H20304-04-01,1222.0,725400.0
H20305-04-01,780.0,644800.0
H20306-04-01,1404.0,1248000.0
H20307-04-01,2028.0,1695200.0
H20309-04-01,52.0,26000.0
H20310-04-01,208.0,208000.0
H20310-04-02,1508.0,665600.0
H20401-04-01,884.0,634400.0
H20402-04-01,728.0,395200.0
H20403-04-01,3224.0,3031600.0
H20404-04-01,338.0,374400.0
H20406-04-01,1092.0,603200.0
H20407-04-01,676.0,728000.0
H20408-04-01,416.0,57200.0
H20409-04-01,1144.0,1352000.0
H20411-04-01,1560.0,244400.0
H20503-04-01,260.0,260000.0
H20504-04-01,520.0,1393600.0
H20505-04-01,,
H20507-04-01,,
H20508-04-01,1924.0,1019200.0
H20509-04-01,52.0,156000.0
H20510-04-01,442.0,910000.0
H20601-04-01,312.0,702000.0
H20601-04-02,728.0,218400.0
H20602-04-01,832.0,1830400.0
H20603-04-01,,
H20603-04-02,2912.0,3094000.0
H20603-04-03,,
H20604-04-01,468.0,234000.0
H20606-04-01,780.0,608400.0
H20606-04-02,2028.0,780000.0
H20607-04-01,1716.0,254800.0
H20608-04-01,1352.0,462800.0
H20609-04-02,2600.0,260000.0
H20610-04-02,1092.0,218400.0
H20610-04-03,1560.0,312000.0
H20610-04-04,1924.0,1263600.0
H20611-04-02,1872.0,468000.0
H20801-04-01,2184.0,1092000.0
H20802-04-01,2756.0,1898000.0
H20803-04-01,1300.0,977600.0
H20804-04-01,1404.0,608400.0
H20805-04-01,676.0,364000.0
H20805-04-02,364.0,364000.0
H20807-04-01,1976.0,982800.0
H20809-04-01,4472.0,1170000.0
H20810-04-01,208.0,104000.0
H20811-04-01,3484.0,2548000.0
H20811-04-02,2600.0,1643200.0
H20811-04-03,728.0,312000.0
H20811-04-04,1976.0,504400.0
H20811-04-05,364.0,728000.0
H20901-04-01,,
H20902-04-01,4056.0,1352000.0
H20903-04-02,1144.0,556400.0
H20903-04-03,624.0,624000.0
H20904-04-01,364.0,176800.0
H20905-04-01,1248.0,920400.0
H20905-04-02,520.0,582400.0
H20906-04-01,8164.0,1976000.0
H20906-04-03,728.0,436800.0
H20907-04-01,2964.0,951600.0
H20908-04-01,4940.0,2272400.0
H20908-04-02,,
H20909-04-01,5668.0,1996800.0
H20910-04-01,4160.0,1700400.0
H21101-04-01,520.0,967200.0
H21102-04-01,,
H21102-04-02,1768.0,821600.0
H21103-04-01,1872.0,1424800.0
H21105-04-01,728.0,561600.0
H21106-04-01,884.0,343200.0
H21107-04-01,1716.0,1404000.0
H21108-04-01,3692.0,868400.0
H21109-04-01,1092.0,400400.0
H21110-04-01,,
H21401-04-01,,
H21401-04-02,,
H21402-04-01,,
H21403-04-01,2028.0,1835600.0
H21404-04-01,910.0,728000.0
H21405-04-01,,
H21406-04-01,,
H21407-04-01,1196.0,3068000.0
H21408-04-01,1612.0,2334800.0
H21409-04-01,780.0,884000.0
H21410-04-01,,
H21501-04-01,624.0,161200.0
H21502-04-01,,
H21503-04-01,,
H21505-04-01,,
H21506-04-01,,
H21507-04-01,156.0,31200.0
H21509-04-01,1040.0,956800.0
H21510-04-01,,
H21601-04-01,728.0,338000.0
H21602-04-01,,
H21603-04-01,,
H21608-04-01,1144.0,1040000.0
H21609-04-01,,
H21610-04-01,728.0,109200.0
H21612-04-01,,
H21612-04-02,,
H21701-04-01,936.0,1014000.0
H21703-04-01,728.0,353600.0
H21704-04-01,,
H21705-04-01,936.0,1248000.0
H21706-04-01,364.0,910000.0
H21708-04-01,,
H21709-04-01,,
H21710-04-01,,
H21711-04-01,,
H22001-04-01,,
H22002-04-01,,
H22003-04-01,,
H22004-04-01,3172.0,3031600.0
H22004-04-03,52.0,104000.0
H22004-04-04,1144.0,660400.0
H22004-04-05,,
H22006-04-01,416.0,249600.0
H22014-04-01,364.0,234000.0
H22101-04-01,1248.0,660400.0
H22101-04-02,416.0,208000.0
H22101-04-03,,
H22102-04-02,7332.0,3224000.0
H22103-04-01,1144.0,608400.0
H22105-04-01,1300.0,655200.0
H22106-04-01,182.0,88400.0
H22109-04-01,572.0,520000.0
H22110-04-01,1560.0,925600.0
H22110-04-02,4940.0,2038400.0
H22110-04-03,2496.0,1357200.0
H22110-04-04,936.0,707200.0
H22110-04-05,2132.0,1060800.0
H22110-04-06,832.0,166400.0
H22111-04-01,1092.0,184600.0
H22301-04-01,,
H22302-04-01,2080.0,3120000.0
H22303-04-01,2912.0,941200.0
H22303-04-02,884.0,369200.0
H22303-04-03,1040.0,764400.0
H22303-04-04,936.0,624000.0
H22305-04-01,832.0,915200.0
H22306-04-01,,
H22307-04-01,1508.0,1456000.0
H22308-04-01,1352.0,416000.0
H22309-04-01,2236.0,1362400.0
H22309-04-02,,
H22310-04-01,1196.0,2938000.0
H22401-04-01,208.0,395200.0
H22401-04-02,104.0,46800.0
H22404-04-01,156.0,31200.0
H22406-04-01,598.0,481000.0
H22407-04-01,52.0,10400.0
H22407-04-02,,
H22407-04-03,,
H22408-04-01,728.0,546000.0
H22409-04-01,364.0,182000.0
H22410-04-01,3068.0,1726400.0
H22501-04-01,468.0,234000.0
H22502-04-01,520.0,676000.0
H22502-04-02,728.0,639600.0
H22503-04-01,2574.0,2210000.0
H22503-04-02,520.0,384800.0
H22504-04-01,884.0,967200.0
H22505-04-01,1820.0,1445600.0
H22506-04-01,1352.0,1248000.0
H22507-04-01,1560.0,1123200.0
H22509-04-01,3614.0,1942200.0
H22510-04-01,2756.0,2303600.0
H22802-04-01,624.0,312000.0
H22803-04-01,494.0,423800.0
H22805-04-01,780.0,816400.0
H22806-04-01,208.0,41600.0
H22807-04-01,416.0,109200.0
H23101-04-01,624.0,494000.0
H23102-04-01,1924.0,738400.0
H23103-04-01,260.0,390000.0
H23103-04-02,416.0,260000.0
H23104-04-01,728.0,364000.0
H23104-04-02,676.0,494000.0
H23105-04-01,884.0,660400.0
H23106-04-01,1300.0,1284400.0
H23107-04-01,520.0,858000.0
H23108-04-01,936.0,780000.0
H23109-04-01,1248.0,1378000.0
H23109-04-02,,
H23109-04-03,910.0,832000.0
H23110-04-01,676.0,400400.0
H23301-04-01,,
H23302-04-01,,
H23303-04-01,,
H23304-04-01,1248.0,644800.0
H23306-04-01,676.0,390000.0
H23307-04-01,,
H23308-04-01,,
H23310-04-01,,
H23312-04-01,,
H23401-04-01,364.0,728000.0
H23402-04-01,,
H23404-04-01,1456.0,1528800.0
H23404-04-02,,
H23405-04-01,,
H23406-04-01,260.0,260000.0
H23407-04-01,,
H23407-04-02,,
H23408-04-01,364.0,364000.0
H23410-04-01,416.0,208000.0
H23411-04-01,728.0,364000.0
H23412-04-01,,
H23502-04-01,104.0,124800.0
H23503-04-01,208.0,416000.0
H23503-04-02,,
H23503-04-03,,
H23503-04-04,,
H23504-04-01,988.0,598000.0
H23505-04-01,468.0,468000.0
H23506-04-01,676.0,540800.0
H23506-04-02,1300.0,577200.0
H23507-04-01,468.0,468000.0
H23508-04-01,1352.0,384800.0
H23509-04-01,,
H23509-04-02,260.0,468000.0
H23509-04-03,312.0,187200.0
H23510-04-01,,
H23513-04-01,156.0,156000.0
H23601-04-01,884.0,223600.0
H23601-04-02,416.0,145600.0
H23601-04-03,104.0,52000.0
H23603-04-01,1144.0,582400.0
H23604-04-01,,
H23605-04-01,832.0,306800.0
H23606-04-01,728.0,520000.0
H23607-04-01,,
H23607-04-02,520.0,442000.0
H23607-04-03,104.0,156000.0
H23607-04-04,832.0,956800.0
H23607-04-05,520.0,270400.0
H23608-04-01,2080.0,208000.0
H23610-04-01,,
H23701-04-01,104.0,286000.0
H23701-04-02,1144.0,618800.0
H23702-04-01,416.0,306800.0
H23705-04-01,312.0,234000.0
H23707-04-01,208.0,104000.0
H23708-04-01,52.0,52000.0
H23708-04-02,520.0,338000.0
H23708-04-03,,
H23709-04-01,728.0,525200.0
H23710-04-01,2132.0,514800.0
H23710-04-02,208.0,20800.0
H23801-04-01,52.0,156000.0
H23802-04-01,52.0,52000.0
H23804-04-01,364.0,280800.0
H23806-04-01,104.0,650000.0
H23806-04-02,,
H23808-04-01,676.0,546000.0
H23809-04-01,1092.0,546000.0
H23810-04-01,364.0,364000.0
H23811-04-01,1040.0,629200.0
H23812-04-01,364.0,161200.0
H23813-04-01,,
H23901-04-01,520.0,348400.0
H23902-04-01,156.0,156000.0
H23903-04-01,52.0,364000.0
H23904-04-01,2496.0,842400.0
H23905-04-01,364.0,1092000.0
H23905-04-02,728.0,317200.0
H23906-04-01,676.0,431600.0
H23907-04-01,,
H23908-04-01,728.0,951600.0
H23909-04-01,364.0,364000.0
H24201-04-01,2080.0,956800.0
H24202-04-01,520.0,832000.0
H24203-04-01,936.0,884000.0
H24204-04-01,1300.0,977600.0
H24205-04-02,1196.0,681200.0
H24206-04-01,988.0,369200.0
H24207-04-01,1404.0,728000.0
H24208-04-01,1300.0,629200.0
H24209-04-01,1040.0,790400.0
H24209-04-02,1456.0,806000.0
H24210-04-01,1976.0,816400.0
H24210-04-02,468.0,197600.0
H24401-04-01,260.0,98800.0
H24401-04-02,364.0,197600.0
H24401-04-03,,
H24403-04-01,1092.0,447200.0
H24403-04-02,208.0,104000.0
H24407-04-01,2340.0,811200.0
H24409-04-01,364.0,728000.0
H24411-04-01,676.0,67600.0
H24502-04-01,364.0,182000.0
H24505-04-01,156.0,31200.0
H24506-04-01,780.0,244400.0
H24506-04-02,728.0,416000.0
H24507-04-01,416.0,520000.0
H24509-04-01,,
H24510-04-01,,
H24511-04-01,,
H24512-04-01,1820.0,1528800.0
H24601-04-01,520.0,1066000.0
H24603-04-01,,
H24604-04-01,1092.0,1929200.0
H24605-04-01,728.0,546000.0
H24606-04-01,,
H24608-04-01,728.0,728000.0
H24610-04-01,,
H24802-04-01,5512.0,951600.0
H24802-04-02,728.0,504400.0
H24803-04-01,1300.0,509600.0
H24804-04-01,2028.0,265200.0
H24805-04-01,2236.0,1102400.0
H24806-04-01,884.0,592800.0
H24808-04-01,2080.0,795600.0
H24809-04-01,260.0,322400.0
H24811-04-01,1300.0,130000.0
H25001-04-01,2860.0,1658800.0
H25002-04-01,,
H25004-04-01,572.0,644800.0
H25005-04-01,1092.0,754000.0
H25008-04-01,832.0,1534000.0
H25011-04-01,832.0,390000.0
H25201-04-01,2236.0,1950000.0
H25201-04-02,832.0,780000.0
H25202-04-01,156.0,31200.0
H25203-04-01,1274.0,764400.0
H25204-04-01,676.0,795600.0
H25204-04-02,364.0,395200.0
H25207-04-01,,
H25208-04-01,1300.0,1170000.0
H25209-04-01,884.0,806000.0
H25210-04-01,520.0,811200.0
H25401-04-01,988.0,1965600.0
H25402-04-01,1612.0,2173600.0
H25402-04-02,312.0,904800.0
H25403-04-01,676.0,644800.0
H25403-04-02,832.0,868400.0
H25404-04-01,1248.0,754000.0
H25406-04-01,2600.0,1664000.0
H25407-04-01,364.0,769600.0
H25408-04-01,1612.0,1736800.0
H25408-04-02,,
H25409-04-01,2288.0,4596800.0
H25409-04-02,1508.0,1508000.0
H25409-04-03,416.0,873600.0
H25410-04-01,936.0,1445600.0
H25410-04-02,832.0,702000.0
H25601-04-01,1040.0,2282800.0
H25602-04-01,884.0,1326000.0
H25603-04-01,364.0,858000.0
H25605-04-01,312.0,572000.0
H25606-04-01,936.0,1580800.0
H25607-04-01,676.0,1097200.0
H25608-04-01,364.0,624000.0
H25609-04-01,1040.0,1242800.0
H25609-04-02,468.0,811200.0
H25609-04-04,130.0,572000.0
H25609-04-05,1248.0,1112800.0
H25609-04-07,,
H25610-04-01,832.0,910000.0
H25610-04-02,624.0,832000.0
H25610-04-03,884.0,1216800.0
H25701-04-01,,
H25702-04-01,1014.0,2948400.0
H25702-04-02,,
H25703-04-02,468.0,1050400.0
H25703-04-03,,
H25704-04-01,832.0,1248000.0
H25705-04-01,1924.0,2017600.0
H25705-04-02,936.0,816400.0
H25706-04-01,572.0,936000.0
H25706-04-02,1456.0,2184000.0
H25706-04-03,,
H25707-04-01,1820.0,1705600.0
H25708-04-01,1248.0,3016000.0
H25709-04-01,1196.0,1778400.0
H25901-04-01,1924.0,416000.0
H25902-04-01,572.0,1378000.0
H25903-04-01,1144.0,2506400.0
H25903-04-02,104.0,624000.0
H25903-04-03,936.0,852800.0
H25903-04-04,728.0,728000.0
H25903-04-05,,
H25904-04-01,1040.0,2912000.0
H25905-04-01,546.0,663000.0
H25906-04-01,1456.0,2646800.0
H25906-04-02,468.0,624000.0
H25907-04-01,884.0,1716000.0
H25908-04-01,832.0,1840800.0
H25909-04-01,1092.0,2688400.0
H25910-04-01,1872.0,2579200.0
H25910-04-02,156.0,156000.0
H25910-04-03,,
H26008-04-01,52.0,416000.0
H26009-04-01,1092.0,1274000.0
H26009-04-02,260.0,364000.0
H26009-04-03,,
H26009-04-04,1144.0,275600.0
H26009-04-05,468.0,468000.0
H26009-04-06,,
H26010-04-01,286.0,312000.0
H26012-04-01,,
H26102-04-02,468.0,540800.0
H26106-04-01,2496.0,2522000.0
H26106-04-02,1248.0,655200.0
H26107-04-01,1820.0,1201200.0
H26108-04-01,624.0,676000.0
H26109-04-01,312.0,478400.0
H26110-04-01,988.0,1107600.0
H26111-04-01,1820.0,1222000.0
H26201-04-01,1404.0,2215200.0
H26201-04-03,124.80000030994412,166400.0
H26202-04-01,624.0,962000.0
H26203-04-01,1560.0,3432000.0
H26203-04-02,806.0,746200.0
H26204-04-01,390.0,364000.0
H26205-04-01,260.0,364000.0
H26206-04-01,936.0,1820000.0
H26206-04-02,1664.0,2126800.0
H26207-04-01,312.0,416000.0
H26208-04-01,260.0,416000.0
H26209-04-01,1118.0,1450800.0
H26209-04-02,728.0,702000.0
H26209-04-03,468.0,384800.0
H26209-04-04,2704.0,1196000.0
H26209-04-05,182.0,239200.0
H26210-04-01,2860.0,2314000.0
H26302-04-01,156.0,83200.0
H26304-04-01,1508.0,884000.0
H26305-04-01,,
H26306-04-01,78.0,416000.0
H26307-04-01,338.0,390000.0
H26308-04-01,2496.0,894400.0
H26309-04-01,1196.0,2496000.0
H26311-04-01,988.0,790400.0
H26403-04-01,780.0,629200.0
H26405-04-01,676.0,993200.0
H26406-04-01,2028.0,2917200.0
H26407-04-01,546.0,618800.0
H26410-04-01,1924.0,2639000.0
H26411-04-01,3016.0,3473600.0
H26411-04-03,104.0,416000.0
H26411-04-04,572.0,405600.0
H26416-04-01,832.0,1248000.0
H26501-04-01,,
H26502-04-01,156.0,312000.0
H26502-04-02,936.0,3296800.0
H26502-04-03,260.0,93600.0
H26503-04-01,884.0,894400.0
H26504-04-01,,
H26505-04-01,156.0,78000.0
H26506-04-01,1300.0,2340000.0
H26507-04-01,,
H26509-04-01,468.0,390000.0
H26511-04-01,416.0,416000.0
H26511-04-02,,
H26602-04-01,936.0,1861600.0
H26602-04-02,156.0,234000.0
H26603-04-01,1300.0,1248000.0
H26603-04-02,676.0,806000.0
H26603-04-03,936.0,956800.0
H26604-04-01,,
H26605-04-01,,
H26607-04-01,572.0,988000.0
H26608-04-01,520.0,416000.0
H26609-04-01,52.0,78000.0
H26610-04-01,520.0,936000.0
H27004-04-01,312.0,660400.0
H27005-04-01,416.0,592800.0
H27006-04-01,156.0,1560000.0
H27006-04-02,,
H27007-04-01,78.0,234000.0
H27008-04-01,780.0,3744000.0
H27010-04-01,416.0,3224000.0
H27010-04-02,,
H27010-04-03,,
H27102-04-01,624.0,2002000.0
H27103-04-01,832.0,1248000.0
H27104-04-01,338.0,585000.0
H27106-04-01,1404.0,525200.0
H27106-04-02,,
H27106-04-03,,
H27107-04-01,312.0,1820000.0
H27108-04-01,312.0,728000.0
H27110-04-01,468.0,826800.0
H27401-04-01,,
H27402-04-01,650.0,2808000.0
H27402-04-02,650.0,1112800.0
H27403-04-01,239.2000012397766,332800.0
H27404-04-01,650.0,2197000.0
H27404-04-02,520.0,769600.0
H27406-04-01,,
H27407-04-01,832.0,1008800.0
H27408-04-01,364.0,572000.0
H27409-04-01,624.0,1580800.0
H27410-04-01,546.0,535600.0
H27801-04-01,1664.0,915200.0
H27802-04-01,1352.0,1118000.0
H27803-04-01,3276.0,3447600.0
H27804-04-01,936.0,1508000.0
H27805-04-01,1586.0,1734200.0
H27805-04-02,1612.0,1578200.0
H27806-04-01,312.0,676000.0
H27806-04-02,299.0,702000.0
H27807-04-01,936.0,2340000.0
H27808-04-01,78.0,416000.0
H27808-04-02,312.0,78000.0
H27810-04-01,988.0,1144000.0
H27901-04-01,988.0,795600.0
H27902-04-01,884.0,1024400.0
H27903-04-01,1664.0,930800.0
H27904-04-01,806.0,1315600.0
H27905-04-01,1248.0,1326000.0
H27906-04-01,,
H27907-04-01,1560.0,1300000.0
H27907-04-02,1482.0,1180400.0
H27908-04-01,1300.0,1523600.0
H27908-04-02,520.0,384800.0
H27909-04-01,468.0,1008800.0
H27910-04-01,1196.0,1778400.0
H28003-04-01,312.0,1248000.0
H28006-04-01,,
H28007-04-01,379.6000006198883,806000.0
H28102-04-01,884.0,1549600.0
H28104-04-01,1092.0,1313000.0
H28105-04-01,1248.0,1393600.0
H28106-04-01,1352.0,1924000.0
H28107-04-01,156.0,156000.0
H28108-04-01,1248.0,1648400.0
H28108-04-02,468.0,1144000.0
H28109-04-01,468.0,551200.0
H28109-04-02,1352.0,1976000.0
H28110-04-01,1482.0,2288000.0
H28202-04-01,832.0,1040000.0
H28205-04-01,130.0,176800.0
H28205-04-02,416.0,1206400.0
H28206-04-01,832.0,3484000.0
H28206-04-02,104.0,52000.0
H28207-04-01,2262.0,1814800.0
H28207-04-02,3016.0,1378000.0
H28209-04-01,1118.0,2168400.0
H28210-04-01,1612.0,3047200.0
H28211-04-01,988.0,1258400.0
H28307-04-01,,
H28310-04-01,858.0,884000.0
H28501-04-01,520.0,572000.0
H28502-04-01,728.0,811200.0
H28503-04-01,572.0,2152800.0
H28504-04-01,624.0,1846000.0
H28505-04-01,728.0,2314000.0
H28505-04-02,,
H28505-04-03,546.0,819000.0
H28506-04-01,624.0,1019200.0
H28508-04-01,416.0,364000.0
H28509-04-01,520.0,1872000.0
H28510-04-01,364.0,951600.0
H28511-04-01,520.0,436800.0
H28511-04-02,,
H28702-04-01,650.0,314600.0
H28703-04-01,,
H28705-04-01,260.0,260000.0
H28706-04-01,832.0,936000.0
H28709-04-01,624.0,691600.0
H28710-04-01,832.0,842400.0
H28803-04-01,,
H28805-04-01,,
H28807-04-01,,
H28810-04-01,,
H29002-04-01,156.0,62400.0
H29003-04-01,416.0,473200.0
H29004-04-01,468.0,494000.0
H29005-04-01,1820.0,904800.0
H29006-04-01,1196.0,871000.0
H29101-04-01,1664.0,806000.0
H29202-04-01,312.0,2340000.0
H29203-04-01,,
H29205-04-01,546.0,1118000.0
H29208-04-01,,
H29209-04-01,780.0,1560000.0
H29210-04-01,416.0,2662400.0
H29210-04-02,,
H29401-04-01,1092.0,2704000.0
H29402-04-01,520.0,780000.0
H29403-04-01,832.0,821600.0
H29404-04-01,1560.0,3099200.0
H29405-04-01,,
H29406-04-01,,
H29407-04-01,416.0,2298400.0
H29408-04-01,884.0,1045200.0
H29409-04-01,884.0,1424800.0
H29410-04-01,936.0,3094000.0
H29410-04-02,,
H29501-04-01,104.0,520000.0
H29502-04-01,364.0,2080000.0
H29503-04-01,2964.0,1164800.0
H29504-04-01,1092.0,1118000.0
H29505-04-01,624.0,1352000.0
H29507-04-01,52.0,156000.0
H29508-04-01,468.0,338000.0
H29509-04-01,1196.0,1632800.0
H29511-04-01,156.0,312000.0
H29602-04-01,1560.0,3536000.0
H29602-04-02,520.0,650000.0
H29602-04-03,468.0,780000.0
H29603-04-01,546.0,806000.0
H29603-04-02,676.0,1092000.0
H29604-04-01,2080.0,2548000.0
H29604-04-02,728.0,540800.0
H29604-04-03,,
H29605-04-01,611.0,1651000.0
H29606-04-01,572.0,452400.0
H29607-04-01,728.0,400400.0
H29608-04-01,884.0,1554800.0
H29608-04-02,780.0,696800.0
H29609-04-01,1508.0,2054000.0
H29609-04-02,,
H29610-04-01,156.0,478400.0
H29611-04-01,832.0,832000.0
H29701-04-01,1092.0,722800.0
H29702-04-01,1040.0,1456000.0
H29702-04-02,416.0,1144000.0
H29703-04-01,1820.0,826800.0
H29704-04-01,1456.0,1690000.0
H29705-04-01,1716.0,1591200.0
H29706-04-01,832.0,1414400.0
H29706-04-02,234.0,754000.0
H29706-04-03,988.0,2834000.0
H29707-04-02,806.0,756600.0
H29707-04-03,,
H29707-04-04,988.0,1123200.0
H29708-04-01,728.0,998400.0
H29709-04-01,676.0,1315600.0
H29709-04-02,572.0,1164800.0
H29710-04-01,1144.0,2064400.0
H29710-04-02,286.0,845000.0
H29710-04-03,,
H29801-04-01,1092.0,546000.0
H29802-04-01,728.0,6136000.0
H29803-04-01,1040.0,1326000.0
H29803-04-02,,
H29805-04-01,,
H29806-04-01,416.0,260000.0
H29807-04-01,1144.0,2449200.0
H29807-04-02,104.0,572000.0
H29809-04-01,988.0,2407600.0
H29810-04-01,1144.0,2964000.0
H29901-04-01,260.0,525200.0
H29902-04-01,104.0,218400.0
H29902-04-02,52.0,520000.0
H29902-04-05,676.0,2532400.0
H29902-04-06,1248.0,1326000.0
H29902-04-07,,
H29903-04-01,416.0,1414400.0
H29903-04-02,,
H29904-04-01,572.0,2444000.0
H29905-04-01,1040.0,3042000.0
H29906-04-01,572.0,1149200.0
H29906-04-02,1196.0,3068000.0
H29907-04-01,364.0,1050400.0
H29908-04-01,468.0,1430000.0
H29908-04-02,624.0,2631200.0
H29909-04-01,416.0,910000.0
H29909-04-02,416.0,1196000.0
H29910-04-01,2340.0,3052400.0
H30002-04-01,,
H30002-04-02,572.0,1523600.0
H30006-04-01,520.0,104000.0
H30008-04-01,,
H30008-04-02,572.0,1071200.0
H30009-04-01,832.0,785200.0
H30010-04-01,208.0,187200.0
H30012-04-01,364.0,676000.0
H30302-04-01,1300.0,3432000.0
H30303-04-01,1144.0,4742400.0
H30304-04-01,3588.0,3359200.0
H30306-04-01,1560.0,2314000.0
H30307-04-01,1924.0,2584400.0
H30308-04-01,832.0,1066000.0
H30309-04-01,2080.0,4118400.0
H30309-04-02,,
H30309-04-03,,
H30310-04-01,312.0,1456000.0
H30402-04-01,1144.0,1726400.0
H30403-04-01,1144.0,1939600.0
H30404-04-01,2496.0,3036800.0
H30405-04-01,1066.0,3351400.0
H30406-04-01,988.0,1393600.0
H30407-04-01,416.0,1835600.0
H30408-04-01,936.0,1560000.0
H30408-04-02,1092.0,2662400.0
H30409-04-01,156.0,780000.0
H30411-04-01,416.0,702000.0
H30412-04-01,416.0,2121600.0
H30502-04-01,,
H30502-04-02,,
H30502-04-03,,
H30503-04-01,1352.0,1762800.0
H30504-04-01,,
H30505-04-01,,
H30509-04-01,104.0,364000.0
H30510-04-01,208.0,832000.0
H30511-04-01,832.0,1882400.0
H30511-04-02,,
H30511-04-03,624.0,1716000.0
H30602-04-01,1716.0,2870400.0
H30603-04-01,728.0,910000.0
H30604-04-01,884.0,1570400.0
H30605-04-01,1040.0,1133600.0
H30605-04-02,,
H30605-04-03,52.0,10400.0
H30607-04-01,1716.0,4118400.0
H30608-04-01,832.0,2423200.0
H30610-04-01,1820.0,2943200.0
H30701-04-01,520.0,832000.0
H30701-04-03,312.0,832000.0
H30701-04-04,,
H30702-04-01,416.0,582400.0
H30702-04-02,832.0,2225600.0
H30702-04-03,,
H30703-04-01,1248.0,1352000.0
H30703-04-02,468.0,514800.0
H30704-04-01,520.0,244400.0
H30706-04-01,1248.0,4300400.0
H30706-04-03,,
H30706-04-04,,
H30707-04-01,780.0,1502800.0
H30708-04-01,104.0,1040000.0
H30709-04-01,572.0,1534000.0
H30710-04-01,546.0,1580800.0
H30802-04-01,910.0,1560000.0
H30803-04-01,416.0,520000.0
H30805-04-01,1274.0,1242800.0
H30805-04-02,1144.0,1471600.0
H30806-04-01,1612.0,1518400.0
H30806-04-02,728.0,2132000.0
H30807-04-01,1586.0,928200.0
H30809-04-01,1092.0,2392000.0
H30810-04-01,624.0,743600.0
H30811-04-01,676.0,1391000.0
H30901-04-01,1300.0,2298400.0
H30901-04-02,,
H30903-04-01,832.0,1861600.0
H30905-04-01,2132.0,1596400.0
H30905-04-02,,
H30906-04-01,1664.0,1232400.0
H30906-04-02,1196.0,546000.0
H30907-04-01,1560.0,1913600.0
H30908-04-01,832.0,1196000.0
H30909-04-01,1820.0,2870400.0
H30910-04-01,2080.0,13364000.0
H30911-04-01,1300.0,3770000.0
H31001-04-01,2548.0,2236000.0
H31003-04-01,1768.0,1586000.0
H31004-04-01,1456.0,1081600.0
H31004-04-02,572.0,910000.0
H31005-04-02,,
H31006-04-01,728.0,1196000.0
H31007-04-01,416.0,1258400.0
H31008-04-01,312.0,1346800.0
H31010-04-01,936.0,1471600.0
H31101-04-01,,
H31101-04-02,,
H31101-04-03,,
H31102-04-01,884.0,1014000.0
H31103-04-01,3224.0,1996800.0
H31105-04-01,416.0,509600.0
H31107-04-01,936.0,1664000.0
H31108-04-01,832.0,1404000.0
H31109-04-01,1248.0,1126668.3974609377
H31109-04-02,351.0,624000.0
H31109-04-03,1092.0,1601600.0
H31110-04-01,728.0,878800.0
H31701-04-01,156.0,676000.0
H31702-04-01,1040.0,1066000.0
H31703-04-01,1222.0,1362400.0
H31703-04-02,104.0,1040000.0
H31703-04-03,,
H31704-04-01,,
H31706-04-01,1222.0,1279200.0
H31706-04-02,988.0,1222000.0
H31707-04-01,2652.0,2480400.0
H31708-04-01,2132.0,2693600.0
H31709-04-01,728.0,1300000.0
H31710-04-01,1664.0,1632800.0
H31902-04-01,858.0,1331200.0
H31903-04-01,260.0,260000.0
H31904-04-01,260.0,494000.0
H31907-04-01,1040.0,2906800.0
H31908-04-01,728.0,2054000.0
H31909-04-01,1196.0,1409200.0
H31910-04-01,416.0,603200.0
H32101-04-01,,
H32102-04-01,156.0,161200.0
H32103-04-01,1092.0,2007200.0
H32104-04-01,364.0,280800.0
H32104-04-02,,
H32105-04-01,312.0,468000.0
H32106-04-01,546.0,733200.0
H32106-04-02,364.0,676000.0
H32106-04-03,,
H32106-04-04,,
H32106-04-05,,
H32108-04-01,572.0,582400.0
H32109-04-01,572.0,291200.0
H32201-04-01,624.0,748800.0
H32202-04-01,2808.0,3463200.0
H32203-04-01,2496.0,1898000.0
H32204-04-01,780.0,748800.0
H32205-04-01,858.0,400400.0
H32205-04-02,598.0,400400.0
H32206-04-01,520.0,676000.0
H32207-04-01,988.0,847600.0
H32209-04-01,494.0,624000.0
H32209-04-02,364.0,514800.0
H32401-04-01,,
H32402-04-01,,
H32403-04-01,,
H32404-04-01,,
H32405-04-01,,
H32406-04-01,,
H32407-04-01,,
H32408-04-01,,
H32409-04-01,,
H32410-04-01,,
H32501-04-01,,
H32502-04-01,,
H32503-04-01,,
H32504-04-01,156.0,78000.0
H32505-04-01,,
H32506-04-01,,
H32507-04-01,,
H32508-04-01,,
H32509-04-01,,
H32510-04-01,,
H32602-04-01,,
H32604-04-01,,
H32605-04-01,,
H32606-04-01,,
H32607-04-01,,
H32608-04-01,52.0,26000.0
H32609-04-01,,
H32610-04-01,,
H32701-04-01,104.0,104000.0
H32702-04-01,624.0,962000.0
H32703-04-01,,
H32704-04-01,,
H32705-04-01,,
H32707-04-01,,
H32708-04-01,,
H32709-04-01,,
H32710-04-01,,
H32801-04-01,,
H32802-04-01,,
H32803-04-01,,
H32804-04-01,,
H32805-04-01,,
H32806-04-01,1040.0,104000.0
H32807-04-01,,
H32810-04-01,,
H32901-04-01,,
H32902-04-01,,
H32903-04-01,,
H32904-04-01,,
H32905-04-01,,
H32906-04-01,,
H32907-04-01,,
H32908-04-01,,
H32909-04-01,,
H32910-04-01,,
H33001-04-01,,
H33002-04-01,,
H33003-04-01,,
H33004-04-01,,
H33005-04-01,,
H33101-04-01,,
H33102-04-01,,
H33103-04-01,,
H33105-04-01,,
H33106-04-01,,
H33107-04-01,,
H33108-04-01,,
H33109-04-01,,
H33110-04-01,,
H33201-04-01,,
H33202-04-01,52.0,78000.0
H33203-04-01,,
H33204-04-01,,
H33205-04-01,,
H33206-04-01,,
H33208-04-01,,
H33209-04-01,,
H33210-04-01,,
H33301-04-01,,
H33303-04-01,,
H33304-04-01,,
H33305-04-01,,
H33306-04-01,,
H33307-04-01,,
H33308-04-01,,
H33309-04-01,,
H33310-04-01,,
H33401-04-01,,
H33402-04-01,,
H33403-04-01,,
H33404-04-01,,
H33405-04-01,,
H33406-04-01,,
H33407-04-01,,
H33408-04-01,,
H33410-04-01,,
H33501-04-01,2301.0,1627600.0
H33502-04-01,1664.0,1024400.0
H33503-04-01,1924.0,5413200.0
H33504-04-01,676.0,936000.0
H33505-04-01,1856.3999993801117,1666600.0
H33506-04-01,2574.0,3900000.0
H33507-04-01,1560.0,1560000.0
H33508-04-01,1716.0,2340000.0
H33509-04-01,468.0,202800.0
H33510-04-01,1456.0,2033200.0
H33601-04-01,312.0,707200.0
H33602-04-01,676.0,951600.0
H33603-04-01,208.0,468000.0
H33604-04-01,1586.0,2464800.0
H33605-04-01,1716.0,941200.0
H33606-04-01,897.0,884000.0
H33607-04-01,182.0,447200.0
H33608-04-01,,
H33609-04-01,,
H33610-04-01,,
H33701-04-01,572.0,546000.0
H33702-04-01,468.0,982800.0
H33703-04-01,208.0,41600.0
H33704-04-01,52.0,104000.0
H33705-04-01,13.0,455000.0
H33706-04-01,,
H33707-04-01,312.0,254800.0
H33708-04-01,702.0,884000.0
H33710-04-01,156.0,31200.0
H33801-04-01,1118.0,1357200.0
H33802-04-01,,
H33803-04-01,52.0,52000.0
H33804-04-01,364.0,468000.0
H33805-04-01,780.0,1066000.0
H33806-04-01,572.0,1133600.0
H33807-04-01,312.0,780000.0
H33808-04-01,702.0,1913600.0
H33809-04-01,156.0,494000.0
H33810-04-01,104.0,208000.0
H33901-04-01,572.0,374400.0
H33902-04-01,468.0,286000.0
H33903-04-01,520.0,1248000.0
H33904-04-01,52.0,52000.0
H33905-04-01,1716.0,977600.0
H33906-04-01,,
H33907-04-01,1222.0,2106000.0
H33908-04-01,1352.0,608400.0
H33909-04-01,,
H33910-04-01,,
H34001-04-01,421.2000012397766,483600.0
H34002-04-01,1170.0,1398800.0
H34003-04-01,338.0,1019200.0
H34004-04-01,1222.0,1149200.0
H34005-04-01,4004.0,2350400.0
H34006-04-01,520.0,338000.0
H34007-04-01,1144.0,572000.0
H34008-04-01,572.0,988000.0
H34009-04-01,1092.0,182000.0
H34010-04-01,624.0,920400.0
H34101-04-01,676.0,1482000.0
H34102-04-01,312.0,962000.0
H34103-04-01,1547.0,3659500.0
H34104-04-01,2496.0,4633200.0
H34105-04-01,260.0,130000.0
H34106-04-01,1222.0,1076400.0
H34107-04-01,364.0,182000.0
H34108-04-01,1716.0,1211600.0
H34109-04-01,572.0,1040000.0
H34110-04-01,1664.0,910000.0
H34201-04-01,754.0,1341600.0
H34202-04-01,832.0,478400.0
H34203-04-01,2054.0,2262000.0
H34204-04-01,2132.0,3052400.0
H34205-04-01,221.0,218400.0
H34206-04-01,1300.0,1747200.0
H34207-04-01,676.0,572000.0
H34208-04-01,1300.0,1180400.0
H34209-04-01,416.0,618800.0
H34210-04-01,1040.0,1513200.0
H34301-04-01,174.20000007748604,184600.0
H34302-04-01,234.0,390000.0
H34303-04-01,1794.0,1502800.0
H34304-04-01,676.0,941200.0
H34305-04-01,949.0,1523600.0
H34306-04-01,1144.0,416000.0
H34308-04-01,572.0,1565200.0
H34309-04-01,52.0,78000.0
H34310-04-01,52.0,130000.0
H34401-04-02,936.0,899600.0
H34402-04-01,676.0,1029600.0
H34403-04-01,884.0,228800.0
H34404-04-01,416.0,1128400.0
H34405-04-01,728.0,1326000.0
H34406-04-01,520.0,2132000.0
H34407-04-01,1456.0,1274000.0
H34409-04-01,208.0,41600.0
H34410-04-01,,
H34501-04-01,,
H34502-04-01,,
H34503-04-01,78.0,676000.0
H34504-04-01,,
H34505-04-01,,
H34506-04-01,,
H34507-04-01,,
H34508-04-01,,
H34509-04-01,,
H34510-04-01,,
H34601-04-01,,
H34602-04-01,,
H34603-04-01,,
H34604-04-01,104.0,260000.0
H34605-04-01,,
H34606-04-01,,
H34607-04-01,156.0,655200.0
H34608-04-01,,
H34609-04-01,,
H34610-04-01,52.0,26000.0
H34701-04-01,130.0,208000.0
H34703-04-01,,
H34704-04-01,,
H34705-04-01,,
H34706-04-01,,
H34707-04-01,,
H34708-04-01,,
H34709-04-01,,
H34710-04-01,,
H34901-04-01,,
H34902-04-01,,
H34903-04-01,494.0,1019200.0
H34904-04-01,,
H34905-04-01,,
H34906-04-01,52.0,26000.0
H34907-04-01,,
H34908-04-01,52.0,52000.0
H34910-04-01,,
H35001-04-01,1768.0,1263600.0
H35002-04-01,728.0,1976000.0
H35003-04-01,624.0,1216800.0
H35004-04-01,832.0,3265600.0
H35005-04-01,1196.0,2782000.0
H35006-04-01,364.0,676000.0
H35007-04-01,520.0,967200.0
H35008-04-01,1170.0,2178800.0
H35009-04-01,884.0,1560000.0
H35010-04-01,481.0,637000.0
H35101-04-01,390.0,756600.0
H35103-04-01,689.0,1518400.0
H35104-04-01,364.0,364000.0
H35105-04-02,,
H35106-04-01,546.0,1638000.0
H35107-04-01,208.0,182000.0
H35108-04-01,780.0,1097200.0
H35109-04-01,936.0,1950000.0
H35110-04-01,208.0,296400.0
H35201-04-01,312.0,416000.0
H35203-04-01,754.0,1861600.0
H35204-04-01,988.0,1248000.0
H35205-04-01,2288.0,2002000.0
H35206-04-01,156.0,728000.0
H35207-04-01,312.0,561600.0
H35208-04-01,858.0,2093000.0
H35210-04-01,312.0,676000.0
H35301-04-01,,
H35302-04-01,520.0,936000.0
H35303-04-01,,
H35304-04-01,,
H35305-04-01,,
H35306-04-01,,
H35307-04-01,156.0,78000.0
H35308-04-01,,
H35309-04-01,,
H35310-04-01,,
H35402-04-01,,
H35403-04-01,156.0,468000.0
H35404-04-01,104.0,208000.0
H35405-04-01,156.0,546000.0
H35406-04-01,208.0,260000.0
H35407-04-01,416.0,1315600.0
H35408-04-01,780.0,1310400.0
H35409-04-01,2210.0,1456000.0
H35410-04-01,468.0,1773200.0
H35501-04-01,2184.0,8138000.0
H35502-04-01,1092.0,2724800.0
H35503-04-01,,
H35504-04-01,312.0,738400.0
H35505-04-01,988.0,1071200.0
H35506-04-01,1196.0,2756000.0
H35507-04-01,520.0,728000.0
H35508-04-01,1170.0,1502800.0
H35509-04-02,468.0,1300000.0
H35510-04-01,676.0,988000.0
H35601-04-01,1066.0,1586000.0
H35602-04-01,1716.0,3619200.0
H35603-04-01,676.0,1196000.0
H35604-04-01,572.0,374400.0
H35605-04-01,936.0,1164800.0
H35606-04-01,1612.0,2449200.0
H35607-04-01,468.0,572000.0
H35608-04-01,585.0,1055600.0
H35609-04-01,312.0,312000.0
H35610-04-01,962.0,1175200.0
H35701-04-01,156.0,156000.0
H35702-04-01,1300.0,3395600.0
H35703-04-01,,
H35704-04-01,1404.0,1274000.0
H35705-04-01,208.0,182000.0
H35706-04-01,,
H35707-04-01,78.0,312000.0
H35708-04-01,,
H35709-04-01,520.0,832000.0
H35710-04-01,1144.0,1170000.0
H35801-04-01,624.0,280800.0
H35803-04-01,364.0,72800.0
H35804-04-01,416.0,379600.0
H35805-04-01,2028.0,852800.0
H35806-04-01,468.0,806000.0
H35807-04-01,52.0,156000.0
H35808-04-01,1014.0,1388400.0
H35810-04-01,624.0,166400.0
H35901-04-01,3952.0,2015000.0
H35902-04-01,1352.0,1437800.0
H35903-04-01,1508.0,629200.0
H35904-04-01,3874.0,1710800.0
H35905-04-01,1300.0,1497600.0
H35906-04-01,1560.0,468000.0
H35907-04-01,1248.0,286000.0
H35908-04-01,312.0,62400.0
H35909-04-01,520.0,364000.0
H35910-04-01,78.0,101400.0
H36001-04-01,468.0,1242800.0
H36002-04-01,2600.0,520000.0
H36003-04-01,260.0,312000.0
H36004-04-01,1924.0,1071200.0
H36005-04-01,1248.0,759200.0
H36006-04-01,1248.0,520000.0
H36007-04-01,1040.0,634400.0
H36008-04-01,312.0,478400.0
H36009-04-01,364.0,364000.0
H36010-04-01,156.0,520000.0
H36101-04-01,728.0,145600.0
H36102-04-01,2444.0,1284400.0
H36103-04-01,442.0,1305200.0
H36104-04-01,104.0,572000.0
H36105-04-01,2015.0,787800.0
H36106-04-01,3068.0,3109600.0
H36107-04-01,312.0,72800.0
H36108-04-01,1040.0,785200.0
H36109-04-01,1742.0,1409200.0
H36110-04-01,1092.0,488800.0
H36201-04-01,494.0,551200.0
H36202-04-01,624.0,1042600.0
H36203-04-01,416.0,2048800.0
H36204-04-01,52.0,10400.0
H36205-04-01,2522.0,1645800.0
H36206-04-01,1144.0,707200.0
H36207-04-01,156.0,78000.0
H36208-04-01,1742.0,1617200.0
H36209-04-01,1352.0,2132000.0
H36210-04-01,1066.0,556400.0
H36301-04-01,,
H36302-04-01,,
H36303-04-01,,
H36304-04-01,52.0,104000.0
H36305-04-01,,
H36306-04-01,,
H36307-04-01,,
H36308-04-01,1040.0,1716000.0
H36309-04-01,728.0,364000.0
H36310-04-01,,
H36401-04-01,364.0,234000.0
H36402-04-01,598.0,416000.0
H36403-04-01,416.0,426400.0
H36404-04-01,1456.0,1492400.0
H36405-04-01,1248.0,2069600.0
H36406-04-01,1560.0,1196000.0
H36407-04-01,416.0,650000.0
H36408-04-01,598.0,2119000.0
H36409-04-01,1404.0,1328600.0
H36410-04-01,312.0,260000.0
H36501-04-01,416.0,468000.0
H36502-04-01,1040.0,4014400.0
H36503-04-01,572.0,390000.0
H36504-04-01,1144.0,624000.0
H36505-04-01,1716.0,1612000.0
H36506-04-01,520.0,213200.0
H36507-04-01,1924.0,390000.0
H36508-04-01,364.0,182000.0
H36509-04-01,1092.0,4368000.0
H36601-04-01,,
H36602-04-01,,
H36603-04-01,208.0,145600.0
H36604-04-01,,
H36605-04-01,2392.0,338000.0
H36606-04-01,988.0,416000.0
H36607-04-01,468.0,213200.0
H36608-04-01,2756.0,1357200.0
H36609-04-01,780.0,395200.0
H36610-04-01,1144.0,946400.0
H36701-04-01,351.0,1331200.0
H36702-04-01,195.0,878800.0
H36704-04-01,1872.0,514800.0
H36705-04-01,1170.0,2545400.0
H36706-04-01,1144.0,722800.0
H36707-04-01,676.0,468000.0
H36708-04-01,468.0,197600.0
H36709-04-01,78.0,104000.0
H36710-04-01,1248.0,124800.0
H36801-04-01,2132.0,286000.0
H36802-04-01,2444.0,806000.0
H36803-04-01,3172.0,1549600.0
H36804-04-01,156.0,208000.0
H36805-04-01,,
H36806-04-01,,
H36807-04-01,2392.0,988000.0
H36809-04-01,1612.0,2953600.0
H36810-04-01,,
H36901-04-01,1508.0,1227200.0
H36902-04-01,390.0,468000.0
H36903-04-01,468.0,494000.0
H36905-04-01,520.0,275600.0
H36906-04-01,3276.0,3099200.0
H36907-04-01,962.0,239200.0
H36908-04-01,3406.0,1206400.0
H36909-04-01,,
H36910-04-01,260.0,301600.0
H37001-04-01,364.0,218400.0
H37002-04-01,208.0,62400.0
H37003-04-01,728.0,332800.0
H37004-04-01,286.0,1196000.0
H37005-04-01,364.0,1071200.0
H37006-04-01,104.0,124800.0
H37007-04-01,364.0,728000.0
H37008-04-01,1300.0,1518400.0
H37009-04-01,1092.0,1601600.0
H37010-04-01,832.0,301600.0
H37101-04-01,702.0,598000.0
H37102-04-01,364.0,364000.0
H37103-04-01,,
H37104-04-01,572.0,613600.0
H37105-04-01,364.0,364000.0
H37106-04-01,312.0,156000.0
H37107-04-01,1300.0,1170000.0
H37108-04-01,780.0,312000.0
H37109-04-01,26.0,67600.0
H37110-04-01,468.0,182000.0
H37201-04-01,1092.0,1757600.0
H37202-04-01,364.0,254800.0
H37203-04-01,754.0,1128400.0
H37204-04-01,208.0,301600.0
H37205-04-01,1040.0,691600.0
H37206-04-01,468.0,416000.0
H37207-04-01,572.0,884000.0
H37208-04-01,442.0,416000.0
H37209-04-01,416.0,806000.0
H37210-04-01,156.0,78000.0
H37301-04-01,468.0,442000.0
H37302-04-01,1508.0,1003600.0
H37303-04-01,260.0,228800.0
H37304-04-01,1144.0,2028000.0
H37305-04-01,2808.0,2038400.0
H37306-04-01,104.0,218400.0
H37307-04-01,910.0,374400.0
H37308-04-01,572.0,161200.0
H37309-04-01,260.0,195000.0
H37310-04-01,1378.0,1086800.0
H37401-04-01,2548.0,2657200.0
H37402-04-01,,
H37403-04-01,5499.0,4000100.0
H37404-04-01,598.0,824200.0
H37405-04-01,1144.0,1076400.0
H37406-04-01,572.0,473200.0
H37407-04-01,4628.0,1882400.0
H37408-04-01,208.0,270400.0
H37409-04-01,624.0,410800.0
H37410-04-01,,
H37501-04-01,286.0,806000.0
H37502-04-01,1820.0,3624400.0
H37503-04-01,312.0,197600.0
H37504-04-01,728.0,72800.0
H37505-04-01,2704.0,4368000.0
H37506-04-01,1144.0,1851200.0
H37507-04-01,832.0,2574000.0
H37508-04-01,1560.0,4128800.0
H37509-04-01,754.0,691600.0
H37510-04-01,520.0,535600.0
H37601-04-01,806.0,915200.0
H37602-04-02,702.0,644800.0
H37603-04-01,988.0,1050400.0
H37604-04-01,572.0,358800.0
H37605-04-01,832.0,878800.0
H37606-04-01,468.0,478400.0
H37607-04-01,,
H37608-04-01,572.0,988000.0
H37609-04-01,1352.0,353600.0
H37610-04-01,1196.0,2272400.0
H37701-04-01,12168.0,3083600.0
H37702-04-01,3900.0,3317600.0
H37703-04-01,1612.0,1331200.0
H37704-04-01,494.0,421200.0
H37705-04-01,3133.0,1638000.0
H37706-04-01,1170.0,1653600.0
H37707-04-01,728.0,507000.0
H37708-04-01,1560.0,603200.0
H37709-04-01,1040.0,483600.0
H37710-04-01,1339.0,1461200.0
H37801-04-01,104.0,104000.0
H37802-04-01,1430.0,598000.0
H37803-04-01,572.0,561600.0
H37804-04-01,52.0,676000.0
H37805-04-01,,
H37806-04-01,364.0,98800.0
H37807-04-01,156.0,1404000.0
H37808-04-01,754.0,1869400.0
H37809-04-01,364.0,72800.0
H37810-04-01,2808.0,920400.0
H37901-04-01,390.0,416000.0
H37902-04-01,1287.0,1055600.0
H37903-04-01,754.0,452400.0
H37905-04-01,1352.0,1268800.0
H37906-04-01,338.0,715000.0
H37907-04-01,572.0,286000.0
H37908-04-01,2860.0,4508400.0
H37910-04-01,780.0,884000.0
H38001-04-01,1300.0,1123200.0
H38003-04-01,,
H38004-04-01,1508.0,1799200.0
H38006-04-01,676.0,1066000.0
H38007-04-01,1092.0,821600.0
H38008-04-01,104.0,156000.0
H38009-04-01,650.0,561600.0
H38101-04-01,208.0,650000.0
H38102-04-01,936.0,1908400.0
H38103-04-01,468.0,291200.0
H38104-04-01,728.0,988000.0
H38105-04-01,1404.0,1326000.0
H38106-04-01,468.0,140400.0
H38107-04-01,1040.0,1300000.0
H38108-04-01,442.0,494000.0
H38109-04-01,2548.0,1352000.0
H38110-04-01,416.0,832000.0
H38201-04-01,2964.0,1476800.0
H38202-04-01,4212.0,1757600.0
H38203-04-01,104.0,130000.0
H38204-04-01,5512.0,1450800.0
H38205-04-01,1664.0,145600.0
H38206-04-01,1560.0,1045200.0
H38207-04-01,468.0,442000.0
H38208-04-01,3744.0,1112800.0
H38209-04-01,1872.0,759200.0
H38210-04-01,2860.0,3900000.0
H38301-04-01,676.0,561600.0
H38302-04-01,884.0,577200.0
H38303-04-01,832.0,416000.0
H38304-04-01,1040.0,1216800.0
H38305-04-01,988.0,868400.0
H38308-04-01,104.0,52000.0
H38309-04-01,3120.0,920400.0
H38310-04-01,936.0,670800.0
H38401-04-01,780.0,655200.0
H38402-04-01,156.0,78000.0
H38403-04-01,832.0,681200.0
H38404-04-01,676.0,946400.0
H38405-04-01,1872.0,1289600.0
H38406-04-01,1196.0,514800.0
H38407-04-01,5408.0,1856400.0
H38408-04-01,1040.0,894400.0
H38409-04-01,156.0,31200.0
H38410-04-01,1040.0,858000.0
H38501-04-01,1040.0,52000.0
H38502-04-01,104.0,31200.0
H38503-04-01,260.0,26000.0
H38504-04-01,208.0,20800.0
H38505-04-01,988.0,551200.0
H38506-04-01,52.0,338000.0
H38507-04-01,,
H38508-04-01,572.0,546000.0
H38509-04-01,,
H38510-04-01,1274.0,1185600.0
H38601-04-01,,
H38602-04-01,2288.0,1393600.0
H38603-04-01,884.0,735800.0
H38604-04-01,312.0,187200.0
H38605-04-01,1456.0,774800.0
H38606-04-01,1404.0,468000.0
H38607-04-01,1248.0,696800.0
H38608-04-01,624.0,291200.0
H38609-04-01,156.0,62400.0
H38701-04-01,1430.0,1079000.0
H38702-04-01,1716.0,967200.0
H38703-04-01,676.0,514800.0
H38704-04-01,676.0,520000.0
H38705-04-01,676.0,410800.0
H38706-04-01,416.0,234000.0
H38707-04-01,,
H38708-04-01,1040.0,104000.0
H38709-04-01,884.0,447200.0
H38710-04-01,2132.0,1253200.0
H38801-04-01,624.0,358800.0
H38802-04-01,728.0,223600.0
H38803-04-01,988.0,202800.0
H38804-04-01,962.0,1222000.0
H38805-04-01,1092.0,530400.0
H38806-04-01,546.0,343200.0
H38807-04-01,2275.0,1344200.0
H38808-04-01,1612.0,1227200.0
H38809-04-01,624.0,894400.0
H38901-04-01,,
H38902-04-01,,
H38903-04-01,,
H38904-04-01,,
H38905-04-01,,
H38906-04-01,,
H38907-04-01,,
H38908-04-01,,
H38909-04-01,,
H38910-04-01,,
H39001-04-01,,
H39002-04-01,2808.0,1638000.0
H39003-04-01,1196.0,738400.0
H39004-04-01,520.0,213200.0
H39005-04-01,468.0,405600.0
H39006-04-01,884.0,525200.0
H39007-04-01,936.0,234000.0
H39008-04-01,520.0,410800.0
H39009-04-01,780.0,218400.0
H39010-04-01,884.0,218400.0
H39101-04-01,728.0,431600.0
H39102-04-01,676.0,483600.0
H39103-04-01,1950.0,1154400.0
H39104-04-01,780.0,598000.0
H39105-04-01,1144.0,353600.0
H39106-04-01,156.0,156000.0
H39107-04-01,364.0,140400.0
H39109-04-01,1872.0,239200.0
H39110-04-01,260.0,26000.0
H39301-04-01,1300.0,468000.0
H39302-04-01,364.0,234000.0
H39303-04-01,832.0,270400.0
H39304-04-01,1560.0,312000.0
H39305-04-01,1456.0,145600.0
H39307-04-01,936.0,93600.0
H39308-04-01,1560.0,509600.0
H39309-04-01,5148.0,1175200.0
H39310-04-01,5252.0,1482000.0
H39401-04-01,936.0,852800.0
H39402-04-01,312.0,223600.0
H39403-04-01,780.0,234000.0
H39404-04-01,416.0,338000.0
H39405-04-01,156.0,260000.0
H39406-04-01,364.0,260000.0
H39407-04-01,1872.0,561600.0
H39408-04-01,1820.0,364000.0
H39409-04-01,728.0,2184000.0
H39410-04-01,,
H39501-04-01,2964.0,1804400.0
H39502-04-01,1092.0,634400.0
H39503-04-01,2548.0,1658800.0
H39504-04-01,1924.0,587600.0
H39505-04-01,3016.0,1991600.0
H39506-04-01,1508.0,618800.0
H39507-04-01,1664.0,1518400.0
H39509-04-01,988.0,592800.0
H39510-04-01,962.0,650000.0
H39601-04-01,364.0,728000.0
H39602-04-01,,
H39603-04-01,,
H39604-04-01,520.0,166400.0
H39605-04-01,,
H39606-04-01,,
H39607-04-01,572.0,150800.0
H39608-04-01,,
H39609-04-01,728.0,218400.0
H39610-04-01,,
H39701-04-01,832.0,509600.0
H39702-04-01,312.0,135200.0
H39703-04-01,1352.0,811200.0
H39704-04-01,,
H39705-04-01,1768.0,1872000.0
H39706-04-01,897.0,442000.0
H39707-04-01,1352.0,577200.0
H39708-04-01,572.0,286000.0
H39709-04-01,520.0,286000.0
H39710-04-01,754.0,530400.0
H39801-04-01,1924.0,728000.0
H39802-04-01,988.0,1071200.0
H39803-04-01,780.0,286000.0
H39804-04-01,2860.0,936000.0
H39805-04-01,728.0,254800.0
H39806-04-01,832.0,187200.0
H39807-04-01,312.0,239200.0
H39808-04-01,260.0,234000.0
H39809-04-01,988.0,182000.0
H39810-04-01,572.0,369200.0
H39901-04-01,1040.0,530400.0
H39902-04-01,3848.0,1830400.0
H39903-04-01,2964.0,2168400.0
H39904-04-01,364.0,104000.0
H39905-04-01,1248.0,499200.0
H39906-04-01,2236.0,379600.0
H39907-04-01,1092.0,353600.0
H39908-04-01,1352.0,270400.0
H39909-04-01,1872.0,977600.0
H39910-04-01,1248.0,416000.0
H40001-04-01,936.0,582400.0
H40002-04-01,208.0,41600.0
H40003-04-01,1716.0,390000.0
H40004-04-01,1976.0,728000.0
H40005-04-02,,
H40006-04-01,260.0,52000.0
H40007-04-01,2808.0,1414400.0
H40008-04-01,2652.0,1185600.0
H40009-04-01,1248.0,634400.0
H40010-04-01,1248.0,561600.0
H40101-04-01,1144.0,644800.0
H40102-04-01,312.0,312000.0
H40103-04-01,988.0,249600.0
H40104-04-01,364.0,291200.0
H40105-04-01,1612.0,1357200.0
H40106-04-01,1560.0,1560000.0
H40107-04-01,,
H40108-04-01,,
H40109-04-01,988.0,1008800.0
H40110-04-01,416.0,265200.0
H40201-04-01,2834.0,1008800.0
H40202-04-01,728.0,728000.0
H40203-04-01,312.0,312000.0
H40204-04-01,572.0,561600.0
H40205-04-01,1534.0,821600.0
H40206-04-01,1716.0,951600.0
H40207-04-01,3224.0,2246400.0
H40208-04-01,2080.0,670800.0
H40209-04-01,2444.0,3120000.0
H40210-04-01,2132.0,826800.0
H40301-04-01,624.0,291200.0
H40302-04-01,260.0,156000.0
H40303-04-01,2184.0,1456000.0
H40304-04-01,936.0,551200.0
H40305-04-01,364.0,270400.0
H40306-04-01,1768.0,1190800.0
H40307-04-01,2808.0,1939600.0
H40308-04-01,,
H40309-04-01,312.0,228800.0
H40310-04-01,1300.0,1019200.0
H40401-04-01,364.0,416000.0
H40402-04-01,416.0,176800.0
H40403-04-01,832.0,416000.0
H40404-04-01,3068.0,2340000.0
H40405-04-01,2964.0,1206400.0
H40406-04-01,416.0,442000.0
H40407-04-01,1144.0,447200.0
H40408-04-01,,
H40409-04-01,1248.0,1071200.0
H40410-04-01,260.0,67600.0
H40501-04-01,936.0,280800.0
H40502-04-01,52.0,26000.0
H40503-04-01,676.0,904800.0
H40504-04-01,260.0,135200.0
H40505-04-01,728.0,494000.0
H40506-04-01,,
H40507-04-01,260.0,119600.0
H40508-04-01,416.0,124800.0
H40509-04-01,2652.0,2028000.0
H40510-04-01,676.0,858000.0
H40601-04-01,1144.0,1092000.0
H40602-04-01,,
H40603-04-01,,
H40605-04-01,,
H40607-04-01,,
H40608-04-01,,
H40609-04-01,,
H40610-04-01,,
H40701-04-01,572.0,322400.0
H40702-04-01,364.0,182000.0
H40703-04-01,676.0,566800.0
H40704-04-01,1196.0,1596400.0
H40705-04-01,364.0,176800.0
H40707-04-01,468.0,608400.0
H40708-04-01,780.0,1892800.0
H40709-04-01,988.0,2366000.0
H40710-04-01,780.0,1835600.0
H40801-04-01,1196.0,1383200.0
H40802-04-01,728.0,650000.0
H40803-04-01,156.0,156000.0
H40804-04-01,2028.0,1372800.0
H40805-04-01,1508.0,2964000.0
H40806-04-01,624.0,889200.0
H40807-04-01,78.0,130000.0
H40808-04-01,377.0,813800.0
H40809-04-01,624.0,1502800.0
H40810-04-01,416.0,644800.0
H40901-04-01,416.0,260000.0
H40902-04-01,1664.0,2376400.0
H40903-04-01,156.0,468000.0
H40904-04-01,832.0,2043600.0
H40905-04-01,416.0,561600.0
H40906-04-01,988.0,1898000.0
H40908-04-01,2080.0,2523040.0
H40909-04-01,286.0,312000.0
H40910-04-01,572.0,639600.0
H41001-04-01,6292.0,2246400.0
H41002-04-01,468.0,520000.0
H41003-04-01,1092.0,962000.0
H41004-04-01,416.0,384800.0
H41005-04-01,260.0,176800.0
H41006-04-01,572.0,1846000.0
H41007-04-01,624.0,712400.0
H41008-04-01,832.0,878800.0
H41009-04-01,2756.0,1102400.0
H41010-04-01,1976.0,296400.0
H41101-04-01,,
H41102-04-01,,
H41103-04-01,104.0,140400.0
H41104-04-01,,
H41106-04-01,208.0,572000.0
H41107-04-01,52.0,62400.0
H41108-04-01,416.0,780000.0
H41109-04-01,,
H41110-04-01,,
H41201-04-01,,
H41202-04-01,,
H41203-04-01,,
H41204-04-01,390.0,390000.0
H41205-04-01,,
H41206-04-01,52.0,78000.0
H41207-04-01,468.0,468000.0
H41208-04-01,806.0,618800.0
H41209-04-01,780.0,468000.0
H41210-04-01,1456.0,525200.0
H41301-04-01,624.0,873600.0
H41302-04-01,494.0,1586000.0
H41303-04-01,832.0,1170000.0
H41304-04-01,728.0,754000.0
H41305-04-01,2288.0,884000.0
H41306-04-01,780.0,863200.0
H41307-04-01,520.0,1040000.0
H41308-04-01,988.0,1144000.0
H41309-04-01,936.0,1466400.0
H41310-04-01,468.0,2054000.0
H41401-04-01,156.0,468000.0
H41402-04-01,364.0,364000.0
H41403-04-01,52.0,1040000.0
H41404-04-01,52.0,156000.0
H41405-04-01,,
H41406-04-01,156.0,1560000.0
H41407-04-01,624.0,624000.0
H41408-04-01,884.0,2152800.0
H41409-04-01,312.0,1248000.0
H41410-04-01,364.0,1820000.0
H41501-04-01,52.0,104000.0
H41502-04-01,780.0,546000.0
H41503-04-01,156.0,832000.0
H41504-04-01,1404.0,2132000.0
H41505-04-01,728.0,1622400.0
H41508-04-01,520.0,1778400.0
H41509-04-01,1404.0,2132000.0
H41510-04-01,832.0,1664000.0
H41601-04-01,,
H41602-04-01,,
H41603-04-01,936.0,951600.0
H41604-04-01,,
H41605-04-01,,
H41606-04-01,,
H41607-04-01,,
H41609-04-01,,
H41610-04-01,,
H41701-04-01,260.0,52000.0
H41702-04-01,260.0,1040000.0
H41703-04-01,208.0,104000.0
H41704-04-01,1508.0,1346800.0
H41705-04-01,520.0,686400.0
H41706-04-01,1352.0,1900600.0
H41707-04-01,2288.0,1965600.0
H41708-04-01,1872.0,1534000.0
H41709-04-01,104.0,10400.0
H41710-04-01,1872.0,2116400.0
H41801-04-01,1092.0,998400.0
H41802-04-01,728.0,1835600.0
H41803-04-01,2548.0,1742000.0
H41804-04-01,2158.0,2250300.0
H41805-04-01,1092.0,1159600.0
H41806-04-01,884.0,2964000.0
H41807-04-01,1248.0,1456000.0
H41808-04-01,2132.0,2194400.0
H41809-04-01,1040.0,1440400.0
H41810-04-01,468.0,650000.0
H41901-04-01,1352.0,1554800.0
H41902-04-01,624.0,1164800.0
H41903-04-01,416.0,416000.0
H41904-04-01,468.0,364000.0
H41905-04-01,1742.0,1783600.0
H41906-04-01,416.0,603200.0
H41907-04-01,728.0,1856400.0
H41908-04-01,650.0,514800.0
H41909-04-01,364.0,72800.0
H41910-04-01,780.0,2080000.0
H42001-04-01,1248.0,4134000.0
H42002-04-01,,
H42003-04-01,988.0,1118000.0
H42004-04-01,1092.0,1320800.0
H42006-04-01,624.0,1196000.0
H42007-04-01,910.0,1794000.0
H42008-04-01,52.0,260000.0
H42009-04-01,858.0,1079000.0
H42010-04-01,728.0,468000.0
H42101-04-01,546.0,395200.0
H42102-04-01,2132.0,1404000.0
H42103-04-01,416.0,624000.0
H42104-04-01,780.0,1034800.0
H42105-04-01,1690.0,1768000.0
H42106-04-01,2080.0,780000.0
H42107-04-01,442.0,384800.0
H42108-04-01,468.0,1066000.0
H42109-04-01,1196.0,1887600.0
H42110-04-01,1638.0,540800.0
H42201-04-02,780.0,1092000.0
H42202-04-01,546.0,910000.0
H42203-04-01,1820.0,1690000.0
H42204-04-01,624.0,540800.0
H42205-04-01,702.0,351000.0
H42206-04-01,,
H42207-04-01,702.0,1976000.0
H42208-04-01,260.0,374400.0
H42210-04-01,1248.0,1305200.0
H42301-04-01,2444.0,1887600.0
H42302-04-01,3094.0,845000.0
H42303-04-01,468.0,702000.0
H42304-04-01,2574.0,2264600.0
H42305-04-01,364.0,457600.0
H42306-04-01,,
H42307-04-01,1976.0,2189200.0
H42308-04-01,1456.0,1393600.0
H42309-04-01,832.0,613600.0
H42310-04-01,2340.0,3598400.0
H42401-04-01,,
H42402-04-02,,
H42403-04-01,52.0,52000.0
H42404-04-02,,
H42405-04-01,78.0,59800.0
H42406-04-01,1092.0,2054000.0
H42407-04-01,,
H42408-04-01,910.0,2012400.0
H42410-04-01,468.0,1248000.0
H42501-04-01,676.0,1050400.0
H42502-04-01,520.0,686400.0
H42503-04-01,4836.0,1846000.0
H42504-04-01,2288.0,3182400.0
H42505-04-01,936.0,1159600.0
H42506-04-01,520.0,587600.0
H42507-04-01,936.0,878800.0
H42508-04-01,416.0,1102400.0
H42509-04-01,468.0,738400.0
H42510-04-01,1508.0,2641600.0
H42601-04-01,,
H42602-04-01,572.0,1014000.0
H42603-04-01,728.0,2964000.0
H42604-04-01,936.0,1950000.0
H42605-04-01,2808.0,4674800.0
H42607-04-01,676.0,1040000.0
H42608-04-01,1196.0,2043600.0
H42609-04-01,1872.0,1435200.0
H42610-04-01,988.0,3244800.0
H42701-04-01,676.0,1809600.0
H42702-04-01,312.0,468000.0
H42703-04-01,780.0,1638000.0
H42704-04-01,1248.0,1612000.0
H42705-04-01,780.0,988000.0
H42706-04-01,728.0,1092000.0
H42707-04-01,988.0,3068000.0
H42708-04-01,884.0,1014000.0
H42709-04-01,936.0,1903200.0
H42710-04-01,676.0,1258400.0
H42801-04-01,858.0,1903200.0
H42802-04-01,260.0,728000.0
H42803-04-01,234.0,436800.0
H42804-04-01,364.0,364000.0
H42805-04-01,572.0,374400.0
H42806-04-01,546.0,395200.0
H42807-04-01,1092.0,1092000.0
H42808-04-01,806.0,1518400.0
H42809-04-01,1612.0,2839200.0
H42810-04-01,1352.0,1721200.0
H42901-04-01,728.0,592800.0
H42902-04-01,2184.0,1991600.0
H42903-04-01,364.0,676000.0
H42904-04-01,468.0,520000.0
H42905-04-01,260.0,286000.0
H42906-04-01,2132.0,3016000.0
H42907-04-01,1404.0,3010800.0
H42908-04-01,988.0,2808000.0
H42909-04-01,676.0,1539200.0
H42910-04-01,884.0,2017600.0
H43001-04-01,130.0,374400.0
H43002-04-01,572.0,421200.0
H43003-04-01,520.0,988000.0
H43004-04-01,728.0,728000.0
H43005-04-01,3224.0,1424800.0
H43006-04-01,5824.0,3827200.0
H43007-04-01,260.0,353600.0
H43008-04-01,1248.0,447200.0
H43009-04-01,780.0,1466400.0
H43010-04-01,1456.0,2184000.0
