id,food_totalvalue
H00101-04-01,79450.0
H00102-04-01,27700.0
H00104-04-01,67725.0
H00110-04-01,70000.0
H00208-04-01,73000.0
H00209-04-01,86800.0
H00211-04-01,88600.0
H00213-04-01,312350.0
H00301-04-01,65350.0
H00302-04-01,54600.0
H00303-04-01,40000.0
H00304-04-01,37200.0
H00307-04-01,65250.0
H00312-04-01,111150.0
H00313-04-01,309700.0
H00606-04-01,141950.0
H00704-04-01,66500.0
H00707-04-01,132100.0
H00710-04-01,45300.0
H00712-04-01,149770.0
H00801-04-01,214500.0
H00802-04-01,68000.0
H00803-04-01,77900.0
H00805-04-01,41375.0
H00809-04-01,94450.0
H00810-04-02,145860.0
H00810-04-03,79850.0
H00811-04-01,68100.0
H01209-04-01,100300.0
H01209-04-02,54150.0
H01209-04-03,129250.0
H01210-04-01,86700.0
H01401-04-01,113550.0
H01402-04-01,84000.0
H01406-04-01,22800.0
H01409-04-01,15400.00004172325
H01601-04-01,65175.0
H01604-04-01,118075.0
H01605-04-01,242350.0
H01607-04-01,94750.0
H01612-04-01,80775.0
H01801-04-01,63000.0
H01806-04-01,68350.0
H01806-04-02,83650.0
H01809-04-01,96950.0
H01813-04-01,153000.0
H02108-04-01,76050.0
H02110-04-01,92350.0
H02111-04-01,115250.0
H02113-04-01,35550.0
H02203-04-01,75450.0
H02205-04-01,219950.0
H02206-04-01,97450.0
H02207-04-01,160275.0
H02304-04-01,77800.0
H02305-04-01,76150.0
H02310-04-01,57675.0
H02401-04-01,57450.0
H02407-04-01,54575.0
H02409-04-01,22950.0
H02412-04-01,84700.0
H02507-04-01,145850.0
H02601-04-01,63400.0
H02601-04-02,81000.0
H02602-04-01,215200.0
H02608-04-01,59000.0
H02608-04-02,77600.0
H02609-04-01,40050.000005960464
H02703-04-02,77125.0
H02705-04-01,83325.0
H02705-04-02,24050.0
H02706-04-01,102200.0
H02710-04-01,88050.0
H02711-04-01,29750.0
H02711-04-02,63100.0
H02711-04-03,219000.0
H02802-04-01,117500.0
H02803-04-01,25350.0
H02811-04-01,24250.0
H03001-04-01,66150.0
H03003-04-01,147507.0
H03005-04-01,42425.0
H03006-04-01,154700.0
H03010-04-01,84850.0
H03401-04-01,85800.0
H03408-04-01,70200.0
H03409-04-01,124900.0
H03409-04-02,80150.0
H03410-04-01,164800.0
H03410-04-02,107233.0
H03503-04-01,64200.0
H03511-04-01,34100.0
H03512-04-01,46000.0
H03515-04-01,42950.0
H03601-04-01,51600.0
H03602-04-04,68625.0
H03603-04-05,39900.0
H03604-04-04,85300.0
H03604-04-08,76450.0
H03604-04-09,126750.0
H03605-04-02,108450.0
H03607-04-01,58750.0
H03608-04-01,25050.0
H03704-04-01,63900.0
H03705-04-01,40850.0
H03706-04-01,68200.0
H03707-04-01,81600.0
H03707-04-02,27000.0
H03709-04-01,38700.0
H03711-04-02,34770.0
H03711-04-03,52625.0
H03711-04-04,58600.0
H03804-04-01,17000.0
H03807-04-01,75725.0
H03809-04-01,90600.0
H03810-04-01,54625.0
H03811-04-01,51150.0
H03813-04-01,54600.0
H03901-04-01,39750.0
H03902-04-01,54275.0
H03903-04-01,72750.0
H03906-04-01,27050.0
H03907-04-01,74550.0
H03908-04-01,63525.0
H03909-04-01,98050.0
H03909-04-02,251950.0
H03910-04-01,299350.0
H04001-04-01,54400.0
H04002-04-01,46125.0
H04003-04-01,70700.0
H04003-04-03,35000.0
H04004-04-01,35425.0
H04005-04-01,46900.0
H04006-04-01,25525.0
H04007-04-01,19600.0
H04009-04-01,16400.0
H04010-04-01,72600.0
H04010-04-02,47100.0
H04011-04-01,95800.0
H04011-04-02,20700.0
H04201-04-01,131100.0
H04202-04-01,58075.0
H04203-04-01,57200.0
H04204-04-01,46150.0
H04205-04-01,85000.0
H04206-04-01,13200.0
H04207-04-01,68550.0
H04208-04-01,21000.0
H04208-04-02,61725.0
H04209-04-01,87300.0
H04210-04-01,45550.0
H04501-04-01,44450.0
H04505-04-01,130525.0
H04508-04-02,58950.0
H04508-04-03,120600.0
H04508-04-04,36500.0
H04509-04-01,70250.0
H04602-04-01,38150.0
H04603-04-01,35550.0
H04604-04-01,30925.0
H04606-04-01,38425.0
H04606-04-02,159925.0
H04607-04-01,41525.0
H04608-04-01,29750.0
H04609-04-01,49700.0
H04610-04-01,29800.0
H04610-04-02,15650.0
H04610-04-03,26000.0
H04801-04-01,30800.0
H04802-04-01,30650.0
H04802-04-02,24475.0
H04802-04-03,68150.0
H04803-04-02,55150.0
H04804-04-01,46925.0
H04805-04-01,23700.0
H04806-04-01,85450.0
H04807-04-01,8275.0
H04808-04-01,86700.0
H04808-04-02,53050.0
H04810-04-01,18425.0
H04903-04-01,25525.0
H04905-04-01,82950.0
H04907-04-01,78500.0
H04908-04-01,105000.0
H04909-04-01,66200.0
H04910-04-01,165950.0
H04912-04-01,43200.0
H04913-04-01,34900.0
H04913-04-02,29000.0
H04913-04-03,40200.0
H04913-04-04,52000.0
H04913-04-05,23000.0
H04913-04-06,51800.0
H05002-04-01,20925.0
H05003-04-01,37000.0
H05003-04-02,24000.0
H05004-04-01,57950.0
H05005-04-01,52100.0
H05006-04-01,38350.0
H05007-04-01,66850.0
H05008-04-01,28400.0
H05009-04-01,44800.0
H05010-04-01,42100.0
H05101-04-01,88750.0
H05102-04-01,65000.0
H05103-04-01,34175.0
H05104-04-01,26550.0
H05105-04-01,146650.0
H05106-04-01,98225.0
H05107-04-01,13650.0
H05108-04-01,53050.0
H05109-04-01,11700.0
H05110-04-01,24500.0
H05301-04-01,63525.0
H05302-04-01,54700.0
H05303-04-01,68675.0
H05304-04-01,55100.0
H05305-04-01,52800.0
H05305-04-02,81175.0
H05305-04-03,71000.0
H05305-04-05,89350.0
H05306-04-01,31000.0
H05306-04-02,21125.0
H05308-04-01,71100.0
H05309-04-01,59250.0
H05310-04-01,13250.0
H05310-04-02,77050.0
H05403-04-01,93950.0
H05404-04-01,42000.0
H05405-04-01,19050.0
H05406-04-01,23250.0
H05407-04-01,72800.0
H05407-04-02,45200.0
H05409-04-01,56550.0
H05410-04-01,47150.0
H05412-04-01,44200.0
H05412-04-02,112925.0
H05412-04-03,42050.0
H05701-04-01,29025.0
H05702-04-01,78550.0
H05703-04-01,52900.0
H05704-04-01,61000.0
H05705-04-01,24475.0
H05706-04-01,77100.0
H05707-04-01,40600.0
H05709-04-01,66100.0
H05710-04-01,160200.0
H05711-04-01,40600.0
H05711-04-02,42650.0
H05901-04-01,102325.0
H05903-04-01,35000.0
H05904-04-01,75675.0
H05906-04-01,282700.0
H05906-04-02,41300.0
H05910-04-01,83400.0
H06001-04-01,91650.0
H06005-04-01,106500.0
H06006-04-01,54200.0
H06007-04-01,30900.0
H06008-04-01,40250.0
H06009-04-01,124950.0
H06010-04-01,35850.0
H06101-04-01,81450.0
H06102-04-01,76250.0
H06103-04-01,56800.0
H06104-04-01,34320.0
H06104-04-02,52450.0
H06104-04-03,50750.0
H06105-04-01,171800.0
H06105-04-02,160000.0
H06107-04-01,68550.0
H06108-04-01,29700.0
H06109-04-01,90275.0
H06110-04-01,134950.0
H06201-04-01,65650.0
H06203-04-01,42575.0
H06207-04-01,65350.0
H06208-04-01,84600.0
H06209-04-01,33700.0
H06301-04-01,73350.0
H06302-04-01,51000.0
H06303-04-01,71300.0
H06303-04-02,43400.0
H06303-04-03,53150.0
H06305-04-01,47750.0
H06306-04-01,91550.0
H06307-04-01,120500.0
H06309-04-01,214800.0
H06310-04-01,177150.0
H06310-04-02,55040.0
H06310-04-03,64850.0
H06401-04-01,9150.0
H06402-04-01,36200.0
H06403-04-01,15500.0
H06404-04-01,26500.0
H06405-04-01,55200.0
H06406-04-01,53700.0
H06408-04-01,40650.0
H06409-04-01,77200.0
H06410-04-01,74850.0
H06411-04-01,111000.0
H06601-04-01,50300.0
H06602-04-01,42800.0
H06603-04-01,211100.0
H06604-04-01,54050.0
H06605-04-01,52300.0
H06606-04-01,61800.0
H06607-04-01,123950.0
H06608-04-01,128700.0
H06609-04-01,72600.0
H06701-04-01,36800.0
H06702-04-01,104150.0
H06703-04-01,83775.0
H06704-04-01,32350.0
H06706-04-01,38800.0
H06707-04-01,55400.0
H06707-04-02,76850.0
H06708-04-01,14150.0
H06709-04-01,48400.0
H06710-04-01,33725.0
H06801-04-01,79750.0
H06802-04-01,77050.0
H06803-04-01,33600.0
H06805-04-01,30350.0
H06806-04-01,54800.0
H06807-04-01,97450.0
H06810-04-01,31900.0
H06810-04-02,70800.0
H06901-04-01,111550.0
H06902-04-01,115350.0
H06903-04-01,78375.0
H06906-04-01,5425.0
H06908-04-01,59825.0
H06909-04-01,41375.0
H06911-04-01,75650.0
H06911-04-03,58500.0
H06914-04-01,39050.0
H07002-04-02,66250.0
H07003-04-01,70800.0
H07007-04-01,84975.0
H07007-04-02,82950.0
H07008-04-01,26400.0
H07009-04-01,85262.5
H07010-04-01,208025.0
H07201-04-01,31800.0
H07202-04-01,60725.0
H07202-04-02,34300.0
H07203-04-01,69100.0
H07204-04-01,26600.0
H07205-04-01,29500.0
H07206-04-01,70500.0
H07207-04-01,58400.0
H07208-04-01,47325.0
H07208-04-02,44350.0
H07209-04-01,30250.0
H07210-04-01,56600.0
H07302-04-01,47750.0
H07303-04-01,35000.0
H07304-04-01,34400.0
H07304-04-02,39450.0
H07305-04-01,27600.0
H07306-04-01,20750.0
H07307-04-01,60800.0
H07309-04-01,80350.0
H07310-04-01,111300.0
H07311-04-01,21025.0
H07403-04-01,34860.0
H07404-04-01,58325.0
H07406-04-01,90700.0
H07408-04-01,53400.0
H07408-04-02,58700.0
H07408-04-03,41100.0
H07410-04-01,91850.0
H07412-04-01,76525.0
H07413-04-01,82750.0
H07501-04-01,105650.0
H07502-04-01,114950.0
H07502-04-02,52225.0
H07502-04-03,59725.0
H07502-04-04,93850.0
H07502-04-06,47700.0
H07502-04-07,160275.0
H07504-04-01,109200.0
H07506-04-01,58950.0
H07507-04-01,135250.0
H07508-04-01,49000.0
H07509-04-01,63350.0
H07509-04-02,34975.0
H07509-04-03,75300.0
H07509-04-04,30125.0
H07510-04-01,141350.0
H08101-04-01,143200.0
H08102-04-01,18112.5
H08102-04-02,48725.0
H08102-04-03,116450.0
H08102-04-04,70400.0
H08102-04-06,37350.0
H08103-04-01,43350.0
H08107-04-01,52525.0
H08110-04-01,38000.0
H08114-04-01,31225.0
H08301-04-01,92200.0
H08302-04-01,61650.0
H08302-04-02,143000.0
H08302-04-03,70275.0
H08302-04-04,55200.0
H08303-04-01,431700.0
H08304-04-01,57225.0
H08305-04-01,13650.0
H08306-04-01,121275.0
H08307-04-02,24750.0
H08307-04-03,47100.0
H08308-04-01,37150.0
H08308-04-03,55300.0
H08309-04-01,94100.0
H08310-04-01,41350.0
H08402-04-01,32275.0
H08404-04-01,64125.0
H08405-04-01,52750.0
H08406-04-01,53350.0
H08406-04-02,54500.0
H08406-04-03,50000.0
H08406-04-04,39500.0
H08408-04-01,34350.0
H08409-04-01,39950.0
H08409-04-02,65600.0
H08410-04-01,85400.0
H08411-04-01,16000.0
H08501-04-01,15250.0
H08502-04-01,45100.0
H08503-04-01,26850.0
H08503-04-02,41325.0
H08503-04-03,31350.0
H08504-04-01,24550.0
H08505-04-01,106100.0
H08506-04-01,41450.0
H08507-04-01,29625.0
H08508-04-01,45300.0
H08509-04-01,17025.0
H08510-04-01,16650.0
H08510-04-02,105975.0
H08602-04-01,41775.0
H08602-04-02,37000.0
H08602-04-03,24050.0
H08603-04-01,114250.0
H08605-04-01,14450.0
H08609-04-01,57950.0
H08611-04-01,25200.0
H08701-04-01,87400.0
H08703-04-01,140650.0
H08704-04-01,99050.0
H08706-04-01,158650.0
H08707-04-01,91600.0
H08708-04-01,65625.0
H08708-04-02,86500.0
H08709-04-01,154600.0
H08710-04-01,90650.0
H08801-04-01,36100.0
H08802-04-01,57475.0
H08802-04-02,50250.0
H08803-04-01,40400.0
H08804-04-01,15800.0
H08805-04-01,75950.0
H08806-04-01,75700.0
H08810-04-01,21700.0
H08811-04-01,67850.0
H09001-04-01,72137.0
H09001-04-02,36450.0
H09003-04-01,105150.0
H09004-04-01,23000.0
H09004-04-02,43325.0
H09005-04-01,14000.0
H09007-04-01,143650.0
H09008-04-01,111050.0
H09008-04-02,42800.0
H09009-04-01,55125.0
H09009-04-02,52875.0
H09010-04-01,208300.0
H09011-04-01,33975.0
H09101-04-01,41175.0
H09102-04-01,50700.0
H09103-04-01,56900.0
H09105-04-01,93200.0
H09105-04-02,34900.0
H09106-04-01,38150.0
H09106-04-02,41850.0
H09107-04-01,26500.0
H09108-04-01,58400.0
H09109-04-01,37550.0
H09110-04-01,53400.0
H09111-04-01,74350.0
H09203-04-01,56150.0
H09206-04-01,43650.0
H09208-04-01,36595.0
H09209-04-01,29500.0
H09210-04-01,54750.0
H09403-04-01,37725.0
H09403-04-02,72700.0
H09410-04-01,43400.0
H09501-04-01,66000.0
H09504-04-01,207050.0
H09505-04-01,103650.0
H09509-04-01,66800.0
H09510-04-01,41375.0
H09513-04-01,98350.0
H09514-04-01,77500.0
H09604-04-01,133425.0
H09605-04-01,84050.0
H09608-04-01,51200.0
H09609-04-01,129750.0
H09610-04-01,193350.0
H09613-04-01,86600.0
H09701-04-01,47825.0
H09705-04-01,98375.0
H09706-04-01,43000.0
H09710-04-01,65150.0
H09901-04-01,68550.0
H09902-04-01,31700.0
H09903-04-01,57350.0
H09905-04-01,43060.0
H09906-04-01,30400.0
H09908-04-01,58850.0
H09909-04-01,49700.0
H09910-04-01,28550.0
H10002-04-01,101475.0
H10003-04-01,239250.0
H10004-04-01,219350.0
H10007-04-01,243900.0
H10007-04-02,41800.0
H10009-04-01,243150.0
H10009-04-02,94590.0
H10010-04-01,197975.0
H10011-04-01,190250.0
H10201-04-01,93200.0
H10201-04-02,57825.0
H10205-04-01,51475.0
H10207-04-01,64925.0
H10209-04-01,27100.0
H10210-04-01,26475.0
H10303-04-01,58700.0
H10304-04-01,171250.0
H10306-04-01,31825.0
H10309-04-01,36880.0
H10311-04-01,94050.0
H10312-04-01,61425.0
H10701-04-01,57900.0
H10701-04-02,12800.0
H10701-04-03,12325.0
H10702-04-01,31550.0
H10703-04-01,53350.0
H10704-04-01,122800.0
H10704-04-02,57500.0
H10706-04-01,51750.0
H10706-04-02,57000.0
H10707-04-01,77050.0
H10708-04-01,64600.0
H10709-04-01,110550.0
H10710-04-01,125550.0
H10710-04-02,40000.0
H10710-04-03,16575.0
H10710-04-04,15425.0
H10710-04-05,26800.0
H10801-04-01,26350.0
H10802-04-01,134600.0
H10803-04-01,50000.0
H10803-04-02,32625.0
H10803-04-03,18150.0
H10804-04-01,75100.0
H10805-04-01,31150.0
H10806-04-01,62250.0
H10807-04-01,57300.0
H10807-04-02,59350.0
H10809-04-01,22550.0
H10810-04-01,25220.0
H10902-04-01,12475.0
H10904-04-01,25560.000038146973
H10905-04-01,54600.0
H10906-04-01,36350.0
H10908-04-01,37000.0
H10909-04-01,124050.0
H10909-04-02,77600.0
H10909-04-03,42550.0
H10909-04-04,71500.0
H10910-04-01,39850.0
H11001-04-01,37650.0
H11002-04-01,82650.0
H11003-04-01,14300.0
H11006-04-01,39925.0
H11007-04-01,70375.0
H11009-04-01,49150.0
H11010-04-01,30325.000005960464
H11011-04-01,24560.000002384186
H11403-04-01,99400.0
H11405-04-01,130720.0
H11406-04-01,27640.000000596046
H11409-04-01,79850.0
H11410-04-01,70500.0
H11414-04-01,196950.0
H11501-04-01,56100.0
H11502-04-01,33500.0
H11502-04-02,66400.0
H11504-04-01,53750.0
H11505-04-01,68050.0
H11506-04-01,44400.0
H11506-04-02,47250.0
H11506-04-03,95300.0
H11507-04-01,87600.0
H11509-04-01,375200.0
H11510-04-01,123900.0
H11801-04-01,151400.0
H11804-04-01,103850.0
H11805-04-01,41800.0
H11806-04-01,58400.0
H11807-04-01,61800.0
H11808-04-01,53450.00000074506
H11808-04-02,122250.0
H11809-04-01,62600.000001490116
H11810-04-01,37250.0
H11901-04-01,80900.0
H11902-04-01,35800.0
H11903-04-01,59200.0
H11903-04-02,36825.0
H11905-04-01,40300.0
H11907-04-01,66500.0
H11908-04-01,52100.0
H11910-04-01,86500.0
H12001-04-01,59150.0
H12003-04-01,126950.0
H12003-04-02,53100.0
H12005-04-01,39600.0
H12006-04-01,28000.0
H12007-04-01,38700.0
H12008-04-01,45150.0
H12008-04-02,45000.0
H12009-04-01,27150.0
H12010-04-01,16500.0
H12011-04-01,61350.0
H12303-04-01,113550.0
H12306-04-01,87400.0
H12310-04-01,145500.0
H12311-04-01,38150.0
H12401-04-01,46100.0
H12402-04-01,185450.0
H12404-04-01,161700.0
H12407-04-01,35575.0
H12407-04-02,49850.00000074506
H12408-04-01,73500.0
H12409-04-01,51400.0
H12411-04-01,140900.0
H12501-04-01,32400.0
H12502-04-01,112050.0
H12504-04-01,28700.0
H12505-04-01,14650.0
H12506-04-01,74000.0
H12507-04-01,56650.0
H12509-04-01,128000.0
H12510-04-01,94200.0
H12512-04-01,50550.0
H12601-04-01,30900.0
H12603-04-01,28100.0
H12604-04-01,17280.0
H12605-04-01,82933.0
H12606-04-01,27050.000001490116
H12606-04-02,27700.0
H12607-04-01,47100.0
H12609-04-01,14000.0
H12610-04-01,12300.0
H12610-04-02,33900.0
H12611-04-01,22500.0
H12701-04-01,52250.0
H12701-04-02,36200.0
H12703-04-01,70850.0
H12704-04-01,90500.0
H12705-04-01,59850.0
H12706-04-01,37100.0
H12707-04-01,12300.0
H12708-04-01,67800.0
H12709-04-01,67400.0
H12710-04-01,53050.0
H12805-04-01,39350.0
H12805-04-02,66625.0
H12806-04-01,29950.0
H12808-04-01,72700.0
H12809-04-01,77330.0
H12809-04-02,37100.0
H12809-04-03,30250.0
H12810-04-01,41500.0
H12811-04-01,27900.0
H12812-04-01,84700.0
H12901-04-01,56350.0
H12902-04-02,31700.0
H12903-04-01,36950.0
H12904-04-01,38700.0
H12905-04-01,98300.0
H12905-04-02,13925.0
H12906-04-01,35850.0
H12907-04-01,47650.0
H12908-04-01,47650.0
H12909-04-02,43850.0
H12910-04-01,67800.0
H13002-04-01,96300.0
H13003-04-01,34100.0
H13004-04-01,55800.0
H13005-04-01,20000.0
H13006-04-01,121050.0
H13006-04-02,81650.0
H13006-04-03,67000.0
H13006-04-04,18550.0
H13006-04-05,20650.0
H13006-04-06,52450.0
H13007-04-01,79150.0
H13008-04-01,53800.0
H13009-04-01,71400.0
H13010-04-01,44750.0
H13102-04-01,54425.0
H13102-04-02,20000.0
H13103-04-01,45200.0
H13104-04-01,127800.0
H13105-04-01,76050.0
H13105-04-02,61000.0
H13106-04-01,63500.0
H13107-04-02,87800.0
H13107-04-03,25550.0
H13107-04-04,23020.00000476837
H13108-04-01,81300.0
H13108-04-02,31150.0
H13109-04-01,53800.0
H13111-04-01,15350.0
H13202-04-01,158350.0
H13203-04-01,44700.0
H13204-04-01,16600.0
H13205-04-02,71800.0
H13205-04-04,40400.0
H13207-04-01,26125.0
H13208-04-01,47900.0
H13208-04-02,27025.0
H13209-04-01,62000.0
H13210-04-01,59175.0
H13303-04-01,46100.0
H13306-04-01,38350.0
H13307-04-01,28250.0
H13307-04-02,18925.0
H13308-04-01,64500.0
H13309-04-01,50220.00000476837
H13310-04-01,122800.0
H13310-04-02,33250.0
H13310-04-03,71450.0
H13310-04-04,62850.0
H13310-04-05,44880.00000715256
H13310-04-06,78250.0
H13310-04-07,19250.0
H13311-04-01,19850.0
H14001-04-01,61900.0
H14002-04-01,60625.0
H14003-04-01,48950.0
H14003-04-02,17300.0
H14003-04-03,72725.0
H14004-04-01,55625.0
H14004-04-02,41025.0
H14004-04-03,29725.0
H14005-04-01,19675.0
H14006-04-01,16000.0
H14006-04-02,30000.0
H14007-04-01,90500.0
H14008-04-01,34650.0
H14008-04-02,34150.0
H14009-04-01,32150.0
H14010-04-01,123100.0
H14101-04-01,89100.0
H14104-04-01,54250.0
H14104-04-02,68000.0
H14106-04-01,49250.00005960464
H14109-04-01,51200.0
H14109-04-03,163800.0
H14109-04-04,141900.00000596046
H14110-04-01,137775.0
H14111-04-01,120500.0
H14201-04-01,39450.0
H14202-04-01,34500.0
H14203-04-01,64700.0
H14206-04-01,28200.0
H14207-04-01,57350.0
H14207-04-02,55950.0
H14207-04-03,41050.0
H14208-04-01,36600.0
H14209-04-01,99650.0
H14210-04-01,67900.0
H14301-04-01,32750.0
H14301-04-02,50400.0
H14302-04-01,28800.0
H14302-04-02,14750.0
H14302-04-03,30025.0
H14302-04-04,68550.0
H14303-04-01,76600.0
H14304-04-01,30100.0
H14304-04-02,38800.0
H14304-04-03,41650.0
H14304-04-04,82550.0
H14305-04-01,43475.0
H14306-04-01,34400.0
H14306-04-02,29775.0
H14307-04-01,84300.0
H14308-04-01,95350.0
H14308-04-02,44900.0
H14309-04-01,40500.0
H14309-04-02,40300.0
H14309-04-03,50300.0
H14309-04-04,68500.0
H14309-04-05,34725.0
H14310-04-01,111750.0
H14401-04-01,33900.0
H14402-04-01,27500.0
H14402-04-02,33325.0
H14403-04-01,10600.0
H14404-04-01,30600.0
H14404-04-02,22050.0
H14404-04-03,27075.0
H14405-04-01,56450.0
H14406-04-01,47250.0
H14407-04-01,17450.0
H14407-04-02,22675.0
H14408-04-01,44000.0
H14409-04-01,49900.0
H14410-04-02,57950.0
H14601-04-01,35000.0
H14606-04-01,74750.0
H14612-04-01,147800.0
H14801-04-01,15650.0
H14801-04-02,39250.0
H14802-04-01,49300.0
H14803-04-01,53000.0
H14804-04-01,29900.0
H14805-04-01,52150.0
H14806-04-01,33200.0
H14806-04-02,26350.0
H14806-04-03,37750.0
H14807-04-01,34700.0
H14807-04-02,16150.0
H14808-04-01,56550.0
H14808-04-02,15100.000002980232
H14809-04-01,15350.0
H14810-04-01,56300.0
H14903-04-01,62500.0
H14903-04-02,26800.0
H14904-04-01,23150.0
H14906-04-01,27700.0
H14906-04-02,13400.0
H14907-04-01,62200.0
H14908-04-01,49600.0
H14910-04-01,60400.0
H15002-04-01,23160.999987125397
H15003-04-01,33250.0
H15004-04-01,27300.0
H15005-04-01,17400.0
H15006-04-01,15200.0
H15007-04-01,85000.0
H15007-04-02,100800.0
H15008-04-01,6850.0
H15008-04-02,29500.0
H15009-04-01,72100.0
H15010-04-01,149050.0
H15101-04-01,436600.0
H15102-04-01,48000.0
H15102-04-02,59200.0
H15103-04-01,68000.0
H15104-04-01,16000.0
H15105-04-01,21600.0
H15106-04-01,49500.0
H15107-04-01,32150.0
H15108-04-01,73300.0
H15109-04-01,53750.0
H15109-04-02,98600.0
H15110-04-01,121900.0
H15301-04-01,33600.0
H15301-04-02,50000.0
H15302-04-01,152500.0
H15304-04-01,23150.0
H15305-04-01,31300.0
H15306-04-01,20600.0
H15308-04-01,32050.0
H15309-04-01,47100.0
H15309-04-02,20100.0
H15310-04-01,98000.0
H15502-04-01,52550.0
H15503-04-01,38400.0
H15504-04-01,50000.0
H15505-04-01,48000.0
H15505-04-02,115950.0
H15506-04-01,26050.0
H15508-04-01,28850.0
H15509-04-01,49600.0
H15510-04-01,32850.0
H15902-04-01,15300.0
H15903-04-01,193050.0
H15904-04-01,47900.0
H15905-04-01,39200.0
H15907-04-01,20750.0
H15907-04-02,30000.0
H15908-04-01,7520.000004768372
H15909-04-01,47000.0
H15909-04-02,25450.0
H15909-04-03,44200.0
H15910-04-01,19250.0
H16201-04-01,26200.0
H16201-04-02,38700.0
H16202-04-01,11125.0
H16203-04-01,21000.0
H16204-04-01,36375.0
H16205-04-01,61475.0
H16206-04-01,14700.0
H16207-04-01,29250.0
H16208-04-01,53650.0
H16209-04-01,14900.0
H16210-04-01,99700.0
H16302-04-01,21700.0
H16304-04-01,78400.0
H16305-04-01,4550.0
H16305-04-02,18025.0
H16305-04-03,17100.0
H16306-04-01,122750.0
H16307-04-01,48300.0
H16308-04-01,61500.0
H16308-04-02,62350.0
H16309-04-01,23125.0
H16310-04-01,33900.0
H16401-04-01,93200.0
H16402-04-01,24100.0
H16403-04-01,22900.0
H16404-04-01,41700.0
H16405-04-01,20000.0
H16405-04-02,26250.0
H16406-04-01,41300.0
H16407-04-01,53700.0
H16407-04-02,35800.0
H16407-04-03,22400.0
H16408-04-01,45900.0
H16409-04-01,54750.0
H16409-04-02,45150.0
H16409-04-03,85000.0
H16409-04-04,40200.0
H16410-04-01,36450.0
H16501-04-01,13800.0
H16501-04-02,36150.0
H16502-04-01,34400.0
H16503-04-01,37150.0
H16505-04-01,79700.0
H16505-04-02,10500.0
H16505-04-03,55100.0
H16506-04-01,80700.0
H16507-04-01,81000.0
H16508-04-01,53075.0
H16509-04-01,80100.0
H16510-04-01,38000.0
H16604-04-01,46000.0
H16604-04-02,35500.0
H16606-04-01,35600.0
H16607-04-01,53500.0
H16609-04-01,88700.0
H16611-04-01,80300.0
H16701-04-01,66000.0
H16702-04-01,129500.0
H16703-04-01,28150.0
H16703-04-02,45350.0
H16704-04-01,26200.0
H16704-04-02,49700.00000298023
H16705-04-01,85200.0
H16707-04-01,52450.0
H16708-04-01,34050.0
H16709-04-01,33850.0
H16710-04-01,51050.0
H16802-04-01,56500.0
H16803-04-01,92500.0
H16804-04-01,35700.00000298023
H16804-04-03,50000.0
H16806-04-01,42550.0
H16806-04-02,56000.0
H16807-04-01,31000.0
H16808-04-01,40000.0
H16809-04-01,14300.0
H16809-04-02,33750.0
H16809-04-03,18400.0
H16810-04-01,51650.0
H17002-04-01,109100.0
H17003-04-01,158100.0
H17005-04-01,39100.0
H17006-04-01,43575.0
H17007-04-01,30300.0
H17007-04-02,21950.0
H17008-04-01,61050.0
H17009-04-01,70000.00000298023
H17009-04-02,37600.00000298023
H17010-04-01,111600.0
H17010-04-02,76325.0
H17101-04-01,9000.0
H17102-04-01,38025.0
H17103-04-01,124150.0
H17105-04-01,11750.0
H17107-04-01,8600.0
H17108-04-01,40000.0
H17109-04-01,112850.0
H17110-04-01,131500.0
H17201-04-01,43200.0
H17201-04-02,10000.0
H17201-04-03,46900.0
H17202-04-01,64100.0
H17203-04-01,72900.0
H17204-04-01,77900.0
H17205-04-01,51950.0
H17206-04-01,49600.0
H17207-04-01,113950.0
H17207-04-02,40750.0
H17208-04-01,44550.0
H17210-04-01,62750.0
H17301-04-01,66900.0
H17302-04-01,17750.0
H17308-04-01,98800.0
H17309-04-01,39975.0
H17310-04-01,70400.0
H17401-04-01,86150.0
H17401-04-02,23750.0
H17403-04-01,17000.0
H17404-04-01,55800.0
H17405-04-01,16800.0
H17406-04-01,75000.0
H17406-04-03,50000.0
H17408-04-01,110450.0
H17409-04-01,74850.0
H17410-04-01,59200.00000298023
H17502-04-01,76300.0
H17503-04-01,79550.0
H17504-04-02,66750.0
H17506-04-01,91850.0
H17507-04-01,49100.0
H17508-04-01,10650.0
H17509-04-01,102250.0
H17511-04-01,38600.0
H17511-04-02,26650.0
H17511-04-03,42700.0
H17601-04-01,80550.0
H17602-04-01,25500.0
H17604-04-01,44500.0
H17605-04-01,19750.0
H17606-04-01,31050.0
H17608-04-01,39750.0
H17608-04-02,59000.0
H17609-04-01,29320.0
H17610-04-01,24700.0
H17701-04-01,19300.0
H17703-04-01,33150.0
H17704-04-01,65300.0
H17705-04-02,47820.00000476837
H17707-04-02,26750.0
H17707-04-03,72325.0
H17707-04-04,30800.0
H17708-04-01,101300.0
H17708-04-02,33450.0
H17709-04-01,42400.0
H17710-04-01,39700.0
H18001-04-01,99500.0
H18001-04-02,14700.0
H18005-04-01,54700.0
H18007-04-01,37150.0
H18010-04-01,92300.0
H18011-04-01,43100.0
H18012-04-01,116800.0
H18013-04-01,77100.0
H18101-04-01,11100.0
H18102-04-01,87950.0
H18103-04-01,32000.0
H18103-04-02,39900.0
H18103-04-03,22000.0
H18104-04-01,16400.0
H18104-04-02,32600.0
H18104-04-03,13800.0
H18104-04-04,27600.0
H18105-04-01,51100.0
H18106-04-01,29000.0
H18107-04-01,27800.0
H18108-04-01,50550.0
H18109-04-01,31050.0
H18110-04-01,54825.0
H18201-04-01,12200.0
H18202-04-02,29000.0
H18202-04-03,13150.0
H18202-04-04,37100.0
H18202-04-05,41850.0
H18202-04-06,17700.0
H18203-04-01,45200.0
H18204-04-01,37600.0
H18204-04-02,19100.0
H18205-04-01,88150.0
H18205-04-02,30400.0
H18206-04-01,32700.0
H18206-04-02,14700.0
H18207-04-01,54400.0
H18207-04-02,17600.0
H18208-04-01,50000.0
H18209-04-01,35300.0
H18209-04-02,47900.0
H18210-04-01,76100.0
H18210-04-02,33100.0
H18210-04-03,13750.0
H18210-04-04,117050.0
H18210-04-05,53100.0
H18301-04-01,36250.0
H18301-04-02,21150.0
H18301-04-03,36900.0
H18301-04-04,18600.0
H18301-04-05,30300.0
H18301-04-06,19500.0
H18301-04-07,19500.0
H18302-04-01,11600.0
H18303-04-01,21100.0
H18305-04-01,43400.0
H18306-04-01,22750.0
H18307-04-01,45100.0
H18308-04-01,12600.0
H18309-04-01,60300.0
H18311-04-01,21000.0
H18311-04-02,40000.0
H18601-04-01,37500.0
H18601-04-02,26350.0
H18601-04-03,20300.0
H18601-04-04,34000.0
H18602-04-01,22900.0
H18603-04-01,38100.0
H18604-04-01,64900.0
H18605-04-01,121600.0
H18606-04-01,60150.0
H18607-04-01,35600.0
H18608-04-01,14500.0
H18609-04-01,64950.0
H18610-04-01,91000.0
H18708-04-01,44200.0
H18712-04-01,103800.0
H18801-04-01,39800.0
H18801-04-02,38700.0
H18802-04-01,18050.0
H18803-04-01,25950.0
H18804-04-01,84700.0
H18805-04-01,96050.0
H18806-04-01,41900.0
H18806-04-02,28650.0
H18806-04-03,34650.0
H18807-04-01,29000.0
H18807-04-02,26700.0
H18808-04-01,44100.0
H18808-04-02,14600.0
H18808-04-03,23700.0
H18809-04-01,52400.0
H18810-04-01,38550.0
H18901-04-01,9400.0
H18902-04-01,26900.0
H18904-04-01,42200.0
H18905-04-01,38400.0
H18907-04-01,62100.0
H18908-04-01,36550.0
H18909-04-01,50800.0
H18910-04-01,25900.0
H19001-04-01,22100.0
H19001-04-02,13600.0
H19002-04-01,38300.0
H19004-04-01,29100.0
H19005-04-01,19650.0
H19006-04-01,17900.0
H19007-04-01,17800.0
H19008-04-01,35000.0
H19008-04-02,23600.0
H19008-04-03,36000.0
H19008-04-04,26300.0
H19009-04-01,87700.0
H19010-04-01,67300.0
H19101-04-01,28400.0
H19102-04-01,48000.0
H19103-04-01,34800.0
H19104-04-01,30800.0
H19105-04-01,41700.0
H19106-04-01,43100.0
H19107-04-01,58600.0
H19107-04-02,17450.0
H19107-04-03,35600.0
H19108-04-01,27780.000007152557
H19108-04-02,76600.0
H19108-04-03,13200.0
H19109-04-01,42600.0
H19110-04-01,16700.0
H19201-04-01,110550.0
H19203-04-01,129600.0
H19204-04-01,30400.0
H19205-04-01,27700.0
H19205-04-03,43500.0
H19206-04-01,19450.0
H19207-04-01,48500.0
H19208-04-01,28600.0
H19210-04-01,73150.0
H19211-04-01,19850.0
H19212-04-01,25550.0
H19212-04-02,31250.0
H19212-04-03,47225.0
H19401-04-01,34100.0
H19402-04-01,106000.0
H19404-04-01,52500.0
H19406-04-01,54650.0
H19407-04-01,96050.0
H19409-04-01,72150.0
H19501-04-01,46550.0
H19502-04-01,30100.0
H19504-04-01,23700.0
H19504-04-02,53300.0
H19505-04-01,44650.0
H19506-04-01,28850.0
H19507-04-01,26975.0
H19508-04-01,30250.0
H19509-04-01,36600.0
H19510-04-01,46800.0
H19602-04-01,62000.0
H19602-04-02,52750.0
H19603-04-01,187500.0
H19604-04-01,48250.0
H19605-04-01,52000.0
H19607-04-01,47225.0
H19607-04-02,43200.0
H19607-04-03,57450.0
H19608-04-01,35000.0
H19609-04-01,34450.0
H19610-04-01,59500.0
H19702-04-01,25275.0
H19702-04-02,92700.0
H19702-04-03,65550.0
H19702-04-04,77225.0
H19703-04-01,99900.0
H19703-04-02,27200.0
H19704-04-01,58100.0
H19705-04-01,60050.0
H19707-04-01,51100.0
H19708-04-01,107350.0
H19709-04-01,17950.0
H19710-04-01,155800.0
H19711-04-01,63550.0
H20002-04-01,74800.0
H20003-04-01,37700.0
H20004-04-01,72725.0
H20005-04-01,70500.0
H20005-04-02,30050.0
H20006-04-01,12900.0
H20007-04-01,50000.0
H20009-04-01,103100.0
H20010-04-01,36050.0
H20010-04-02,26600.0
H20010-04-03,174050.0
H20011-04-01,8400.0
H20201-04-01,67900.0
H20202-04-01,60950.0
H20203-04-01,15900.0
H20203-04-02,24050.0
H20205-04-01,63100.0
H20206-04-01,57400.0
H20207-04-01,48500.0
H20207-04-02,120200.0
H20208-04-01,19600.0
H20209-04-01,83000.0
H20210-04-01,36850.0
H20210-04-02,26950.0
H20210-04-03,66600.0
H20301-04-01,30500.0
H20302-04-01,52575.0
H20303-04-01,29100.0
H20304-04-01,33150.0
H20305-04-01,30700.0
H20306-04-01,74700.0
H20307-04-01,73400.0
H20309-04-01,19900.0
H20310-04-01,74250.0
H20310-04-02,85750.0
H20401-04-01,48000.0
H20402-04-01,30920.0
H20403-04-01,133050.0
H20404-04-01,31100.0
H20406-04-01,40100.0
H20407-04-01,76100.0
H20408-04-01,32050.0
H20409-04-01,54300.0
H20411-04-01,48950.0
H20503-04-01,77000.0
H20504-04-01,76000.0
H20505-04-01,47875.0
H20507-04-01,92500.0
H20507-04-02,14000.0
H20508-04-01,57950.0
H20509-04-01,31700.0
H20510-04-01,108950.0
H20601-04-01,48100.0
H20601-04-02,16450.0
H20602-04-01,101500.0
H20603-04-01,26000.0
H20603-04-02,121650.0
H20603-04-03,20050.0
H20604-04-01,31200.0
H20606-04-01,33200.0
H20606-04-02,41200.0
H20607-04-01,13700.0
H20608-04-01,16100.0
H20609-04-02,51400.0
H20610-04-02,13050.0
H20610-04-03,18900.0
H20610-04-04,44100.0
H20611-04-02,194100.0
H20801-04-01,90000.0
H20802-04-01,75200.0
H20803-04-01,44000.0
H20804-04-01,24500.0
H20805-04-01,46500.0
H20805-04-02,21550.0
H20807-04-01,45400.0
H20809-04-01,71100.0
H20810-04-01,130700.0
H20811-04-01,80200.0
H20811-04-02,43250.0
H20811-04-03,14300.0
H20811-04-04,41550.0
H20811-04-05,63150.0
H20901-04-01,13100.0
H20902-04-01,66500.0
H20903-04-02,52600.0
H20903-04-03,33250.0
H20904-04-01,9000.0
H20905-04-01,42500.0
H20905-04-02,43600.0
H20906-04-01,95800.0
H20906-04-03,46000.0
H20907-04-01,26800.0
H20908-04-01,86800.0
H20908-04-02,21550.0
H20909-04-01,136100.0
H20910-04-01,73800.0
H21101-04-01,66700.0
H21102-04-01,157950.0
H21102-04-02,31500.0
H21103-04-01,38850.0
H21105-04-01,44500.0
H21106-04-01,49100.0
H21107-04-01,39200.0
H21108-04-01,35400.0
H21109-04-01,179800.0
H21110-04-01,48400.0
H21401-04-01,44875.0
H21401-04-02,26650.0
H21402-04-01,39650.0
H21403-04-01,67050.0
H21404-04-01,14150.0
H21405-04-01,26600.0
H21406-04-01,31850.0
H21407-04-01,115375.0
H21408-04-01,63850.0
H21409-04-01,75900.0
H21410-04-01,132850.0
H21501-04-01,20175.0
H21502-04-01,23250.0
H21503-04-01,19200.0
H21505-04-01,13600.0
H21506-04-01,33700.0
H21507-04-01,39600.0
H21509-04-01,48400.0
H21510-04-01,24350.0
H21601-04-01,29300.0
H21602-04-01,38300.0
H21603-04-01,21650.0
H21608-04-01,72500.0
H21609-04-01,40425.0
H21610-04-01,24588.0
H21612-04-01,16700.0
H21612-04-02,21950.0
H21701-04-01,37000.0
H21703-04-01,9800.0
H21704-04-01,27850.0
H21705-04-01,45100.0
H21706-04-01,33900.0
H21708-04-01,39550.0
H21709-04-01,50575.0
H21710-04-01,27850.0
H21711-04-01,40650.0
H22001-04-01,28800.0
H22002-04-01,76000.0
H22003-04-01,251900.0
H22004-04-01,139400.0
H22004-04-03,33025.0
H22004-04-04,17500.0
H22004-04-05,98650.0
H22006-04-01,23200.0
H22014-04-01,43400.0
H22101-04-01,30300.0
H22101-04-02,24500.0
H22101-04-03,2650.0
H22102-04-02,80400.0
H22103-04-01,30250.0
H22105-04-01,17500.0
H22106-04-01,19825.0
H22109-04-01,49350.0
H22110-04-01,36300.0
H22110-04-02,58800.0
H22110-04-03,33500.0
H22110-04-04,42600.0
H22110-04-05,33900.0
H22110-04-06,32950.0
H22111-04-01,13850.0
H22301-04-01,63500.0
H22302-04-01,82100.0
H22303-04-01,25100.0
H22303-04-02,12100.0
H22303-04-03,45300.0
H22303-04-04,40500.0
H22305-04-01,49100.0
H22306-04-01,44200.0
H22307-04-01,58000.0
H22308-04-01,66400.0
H22309-04-01,30550.0
H22309-04-02,22350.0
H22310-04-01,111900.0
H22401-04-01,134750.0
H22401-04-02,28050.0
H22404-04-01,9125.0
H22406-04-01,22250.0
H22407-04-01,16400.0
H22407-04-02,56725.0
H22407-04-03,94075.0
H22408-04-01,43550.0
H22409-04-01,74900.0
H22410-04-01,126750.0
H22501-04-01,39300.0
H22502-04-01,35300.0
H22502-04-02,19950.0
H22503-04-01,60500.0
H22503-04-02,26250.0
H22504-04-01,61100.0
H22505-04-01,55500.0
H22506-04-01,71900.0
H22507-04-01,39000.0
H22509-04-01,92650.0
H22510-04-01,129600.0
H22802-04-01,36000.0
H22803-04-01,18550.0
H22805-04-01,28500.0
H22806-04-01,25300.0
H22807-04-01,28300.0
H23101-04-01,28000.0
H23102-04-01,69700.0
H23103-04-01,32050.0
H23103-04-02,18450.0
H23104-04-01,17925.0
H23104-04-02,10800.0
H23105-04-01,60600.0
H23106-04-01,53600.0
H23107-04-01,43200.0
H23108-04-01,77500.0
H23109-04-01,53500.0
H23109-04-02,16000.0
H23109-04-03,58650.0
H23110-04-01,38450.0
H23301-04-01,8012.5
H23302-04-01,44650.0
H23303-04-01,99000.0
H23304-04-01,31300.0
H23306-04-01,7600.000001490116
H23307-04-01,42150.0
H23308-04-01,27950.0
H23310-04-01,25325.0
H23312-04-01,29250.0
H23401-04-01,37500.0
H23402-04-01,43650.0
H23404-04-01,29700.0
H23404-04-02,36225.0
H23405-04-01,38225.0
H23406-04-01,40450.0
H23407-04-01,36850.0
H23407-04-02,26025.0
H23408-04-01,27800.0
H23410-04-01,73300.0
H23411-04-01,31250.0
H23412-04-01,52300.0
H23502-04-01,18000.0
H23503-04-01,40400.0
H23503-04-02,95650.0
H23503-04-03,33950.0
H23503-04-04,62150.0
H23504-04-01,53850.0
H23505-04-01,79400.0
H23506-04-01,75850.0
H23506-04-02,21650.0
H23507-04-01,51700.0
H23508-04-01,30550.0
H23509-04-01,51100.0
H23509-04-02,39500.0
H23509-04-03,34800.0
H23510-04-01,61100.0
H23510-04-02,45500.0
H23513-04-01,139700.0
H23601-04-01,20550.0
H23601-04-02,17000.0
H23601-04-03,41100.0
H23603-04-01,51150.0
H23604-04-01,12850.0
H23605-04-01,38950.0
H23606-04-01,38750.0
H23607-04-01,57050.0
H23607-04-02,101700.0
H23607-04-03,45100.0
H23607-04-04,86900.0
H23607-04-05,45950.0
H23608-04-01,49800.0
H23610-04-01,14800.0
H23701-04-01,40900.0
H23701-04-02,63800.0
H23702-04-01,37100.0
H23703-04-01,168200.0
H23705-04-01,52550.0
H23707-04-01,68350.0
H23708-04-01,45600.0
H23708-04-02,35000.0
H23708-04-03,93050.0
H23709-04-01,95625.02001953125
H23710-04-01,29150.0
H23710-04-02,8850.0
H23801-04-01,76000.0
H23802-04-01,35900.0
H23804-04-01,40750.0
H23806-04-01,87450.0
H23806-04-02,41750.0
H23808-04-01,59750.0
H23809-04-01,72400.0
H23810-04-01,46850.0
H23811-04-01,41950.0
H23812-04-01,18975.0
H23813-04-01,52200.0
H23901-04-01,25650.0
H23902-04-01,40650.00004172325
H23903-04-01,45050.0
H23904-04-01,38050.0
H23905-04-01,82100.0
H23905-04-02,14350.0
H23906-04-01,53100.0
H23907-04-01,24300.0
H23908-04-01,66700.0
H23909-04-01,62400.0
H24201-04-01,32500.0
H24202-04-01,54750.0
H24203-04-01,70400.0
H24203-04-02,14000.0
H24204-04-01,46050.0
H24205-04-01,40200.0
H24205-04-02,50650.0
H24206-04-01,33200.0
H24207-04-01,25800.0
H24208-04-01,30800.0
H24209-04-01,27850.0
H24209-04-02,49050.0
H24210-04-01,46800.0
H24210-04-02,17800.0
H24401-04-01,37450.0
H24401-04-02,33550.0
H24401-04-03,13800.0
H24403-04-01,52600.0
H24403-04-02,47650.0
H24407-04-01,74650.0
H24408-04-01,30000.0
H24409-04-01,58350.0
H24411-04-01,44900.0
H24502-04-01,52675.0
H24505-04-01,56475.0
H24506-04-01,20475.0
H24506-04-02,22950.0
H24507-04-01,38000.0
H24509-04-01,31650.0
H24510-04-01,79100.0
H24511-04-01,27380.0
H24512-04-01,30300.0
H24601-04-01,57200.0
H24603-04-01,21325.0
H24604-04-01,37350.0
H24605-04-01,67000.0
H24606-04-01,52200.0
H24608-04-01,21500.0
H24610-04-01,34800.0
H24801-04-01,21000.0
H24802-04-01,64850.0
H24802-04-02,24600.0
H24803-04-01,20600.0
H24804-04-01,10000.0
H24805-04-01,55700.0
H24806-04-01,44300.0
H24808-04-01,37400.0
H24809-04-01,53400.0
H24811-04-01,58900.0
H25001-04-01,90600.0
H25002-04-01,48200.0
H25003-04-01,50000.0
H25004-04-01,46350.0
H25005-04-01,42050.0
H25006-04-01,21000.0
H25008-04-01,76300.0
H25009-04-01,42000.0
H25011-04-01,56900.0
H25201-04-01,77100.0
H25201-04-02,48300.0
H25202-04-01,11250.0
H25203-04-01,56550.0
H25204-04-01,20800.0
H25204-04-02,23100.0
H25207-04-01,106750.0
H25208-04-01,82650.0
H25209-04-01,108750.0
H25210-04-01,44850.0
H25401-04-01,64050.0
H25402-04-01,50150.0
H25402-04-02,35900.0
H25403-04-01,18200.0
H25403-04-02,20850.0
H25404-04-01,73000.0
H25406-04-01,44300.00001192093
H25407-04-01,43600.0
H25408-04-01,70300.0
H25408-04-02,64900.0
H25409-04-01,142900.0
H25409-04-02,38160.0
H25409-04-03,38700.0
H25410-04-01,54600.0
H25410-04-02,24300.0
H25601-04-01,47250.0
H25602-04-01,41750.0
H25603-04-01,24450.0
H25605-04-01,34450.0
H25606-04-01,46550.0
H25607-04-01,75800.0
H25608-04-01,28600.0
H25609-04-01,28200.0
H25609-04-02,60850.0
H25609-04-04,30800.0
H25609-04-05,138580.0
H25609-04-06,45500.0
H25609-04-07,10975.0
H25610-04-01,58600.0
H25610-04-02,39600.0
H25610-04-03,33700.0
H25701-04-01,28300.0
H25702-04-01,99400.0
H25702-04-02,18725.0
H25703-04-02,49300.0
H25703-04-03,42875.0
H25704-04-01,29850.0
H25705-04-01,64900.0
H25705-04-02,34000.0
H25706-04-01,77950.0
H25706-04-02,191350.0
H25706-04-03,123550.0
H25706-04-04,93000.0
H25707-04-01,59350.0
H25708-04-01,73600.0
H25709-04-01,81050.0
H25901-04-01,27500.0
H25902-04-01,49500.0
H25903-04-01,93400.0
H25903-04-02,22350.0
H25903-04-03,50900.0
H25903-04-04,33550.0
H25903-04-05,155300.0
H25904-04-01,88400.0
H25905-04-01,40400.00003576279
H25906-04-01,73800.0
H25906-04-02,38280.00003576279
H25907-04-01,61300.0
H25908-04-01,58200.0
H25909-04-01,88700.0
H25910-04-01,76800.0
H25910-04-02,34671.0
H25910-04-03,22600.0
H26008-04-01,30450.0
H26009-04-01,80200.0
H26009-04-02,29200.0
H26009-04-03,17610.0
H26009-04-04,30100.0
H26009-04-05,30150.0
H26009-04-06,65950.0
H26010-04-01,31300.0
H26012-04-01,23300.0
H26102-04-02,32750.0
H26106-04-01,61800.00000447035
H26106-04-02,29150.0
H26107-04-01,31850.0
H26108-04-01,23400.0
H26109-04-01,22350.0
H26110-04-01,46350.0
H26111-04-01,37400.0
H26201-04-01,57750.0
H26201-04-03,13700.0
H26202-04-01,52350.0
H26203-04-01,120000.0
H26203-04-02,78850.0
H26204-04-01,48950.0
H26205-04-01,11400.0
H26206-04-01,82700.0
H26206-04-02,91150.0
H26207-04-01,48400.0
H26208-04-01,35100.0
H26209-04-01,58500.0
H26209-04-02,68550.0
H26209-04-03,31300.0
H26209-04-04,84200.0
H26209-04-05,39550.0
H26210-04-01,84450.0
H26302-04-01,6925.0
H26304-04-01,50550.0
H26305-04-01,90100.0
H26306-04-01,50700.0
H26307-04-01,44800.0
H26308-04-01,35400.0
H26309-04-01,123100.0
H26311-04-01,54700.0
H26403-04-01,12300.0
H26405-04-01,41200.0
H26406-04-01,133650.0
H26407-04-01,36200.0
H26410-04-01,102350.0
H26411-04-01,95100.0
H26411-04-03,38900.0
H26411-04-04,22600.0
H26416-04-01,51000.0
H26501-04-01,9800.0
H26502-04-01,32300.0
H26502-04-02,80400.0
H26502-04-03,16600.0
H26503-04-01,34700.0
H26504-04-01,16400.0
H26505-04-01,28000.0
H26506-04-01,51100.0
H26507-04-01,51000.0
H26509-04-01,65250.0
H26511-04-01,36800.0
H26511-04-02,19850.0
H26602-04-01,41900.0
H26602-04-02,31000.0
H26603-04-01,38150.0
H26603-04-02,45750.0
H26603-04-03,30650.0
H26604-04-01,32550.0
H26605-04-01,55200.0
H26607-04-01,41000.0
H26608-04-01,34600.0
H26609-04-01,36730.0
H26610-04-01,64450.0
H27004-04-01,35050.0
H27005-04-01,83800.0
H27006-04-01,67480.0
H27006-04-02,56950.0
H27007-04-01,20200.0
H27008-04-01,100100.0
H27010-04-01,184600.0
H27010-04-02,99750.0
H27010-04-03,70350.0
H27102-04-01,45400.0
H27103-04-01,53000.0
H27104-04-01,15550.0
H27106-04-01,48100.0
H27106-04-02,53900.0
H27106-04-03,17250.0
H27107-04-01,59950.0
H27108-04-01,60000.0
H27110-04-01,100900.0
H27401-04-01,72900.0
H27402-04-01,123600.0
H27402-04-02,46325.0
H27403-04-01,14750.0
H27404-04-01,70525.0
H27404-04-02,61300.0
H27406-04-01,94100.0
H27407-04-01,100700.0
H27408-04-01,17300.0
H27409-04-01,75800.0
H27410-04-01,34420.0
H27801-04-01,102200.0
H27802-04-01,39350.0
H27803-04-01,161850.0
H27804-04-01,36500.0
H27805-04-01,59500.0
H27805-04-02,46550.0
H27806-04-01,51500.0
H27806-04-02,23400.0
H27807-04-01,105600.0
H27808-04-01,90200.0
H27808-04-02,78000.0
H27810-04-01,29500.0
H27901-04-01,56550.0
H27902-04-01,38600.0
H27903-04-01,40150.0
H27904-04-01,48400.0
H27905-04-01,65900.0
H27906-04-01,26650.0
H27907-04-01,79950.0
H27907-04-02,55350.0
H27908-04-01,58000.0
H27908-04-02,21000.0
H27909-04-01,92820.0
H27910-04-01,116300.0
H28003-04-01,186100.0
H28006-04-01,43800.0
H28007-04-01,69500.0
H28102-04-01,33300.0
H28104-04-01,77900.0
H28105-04-01,31600.0
H28106-04-01,117800.0
H28107-04-01,38250.0
H28108-04-01,53500.0
H28108-04-02,113500.0
H28109-04-01,37200.0
H28109-04-02,118000.0
H28110-04-01,95250.0
H28202-04-01,23000.0
H28205-04-01,17000.0
H28205-04-02,32700.0
H28206-04-01,100050.0
H28206-04-02,16770.0
H28207-04-01,59130.0
H28207-04-02,43700.0
H28209-04-01,65500.0
H28210-04-01,86450.0
H28211-04-01,47700.0
H28307-04-01,38100.0
H28309-04-01,36000.0
H28310-04-01,33800.0
H28501-04-01,22390.0
H28502-04-01,31350.0
H28503-04-01,42850.0
H28504-04-01,38000.0
H28505-04-01,60500.0
H28505-04-02,31800.00001192093
H28505-04-03,18350.0
H28506-04-01,39100.0
H28508-04-01,26500.0
H28509-04-01,48550.0
H28510-04-01,24530.00004291534
H28511-04-01,11450.0
H28511-04-02,45750.0
H28702-04-01,48050.0
H28703-04-01,44400.0
H28705-04-01,52200.0
H28706-04-01,50200.0
H28709-04-01,68450.0
H28710-04-01,72500.0
H28803-04-01,142700.0
H28805-04-01,63150.0
H28807-04-01,20525.0
H28810-04-01,34450.0
H29002-04-01,18300.0
H29003-04-01,34425.0
H29004-04-01,63750.0
H29005-04-01,42525.0
H29006-04-01,52950.0
H29101-04-01,35850.0
H29202-04-01,115000.0
H29203-04-01,112450.0
H29205-04-01,68100.0
H29208-04-01,71350.0
H29209-04-01,114050.0
H29210-04-01,143050.0
H29210-04-02,170550.00001192093
H29401-04-01,168500.0
H29402-04-01,105750.0
H29403-04-01,49300.0
H29404-04-01,89200.0
H29405-04-01,54950.0
H29406-04-01,36150.0
H29407-04-01,76400.0
H29408-04-01,58120.0
H29409-04-01,126750.0
H29410-04-01,166300.0
H29410-04-02,87133.0
H29501-04-01,70000.0
H29502-04-01,75300.0
H29503-04-01,42650.0
H29504-04-01,31500.0
H29505-04-01,139300.0
H29507-04-01,24800.0
H29508-04-01,25200.0
H29509-04-01,98200.0
H29511-04-01,26300.0
H29602-04-01,118400.0
H29602-04-02,40780.0
H29602-04-03,57100.0
H29603-04-01,47950.0
H29603-04-02,36100.0
H29604-04-01,53700.0
H29604-04-02,22250.0
H29604-04-03,16562.5
H29605-04-01,34475.0
H29606-04-01,12500.0
H29607-04-01,9850.0
H29608-04-01,41600.0
H29608-04-02,21200.0
H29609-04-01,83400.0
H29609-04-02,52300.0
H29610-04-01,80564.0
H29611-04-01,44499.0
H29701-04-01,31000.0
H29702-04-01,40000.0
H29702-04-02,32400.0
H29703-04-01,49050.0
H29704-04-01,51750.0
H29705-04-01,32500.0
H29706-04-01,38700.0
H29706-04-02,28900.0
H29706-04-03,77850.0
H29707-04-01,52000.0
H29707-04-02,30200.0
H29707-04-03,52200.0
H29707-04-04,36000.0
H29708-04-01,32800.0
H29709-04-01,49700.0
H29709-04-02,33850.0
H29710-04-01,116000.0
H29710-04-02,65050.0
H29710-04-03,84950.0
H29801-04-01,94500.0
H29802-04-01,162900.0
H29803-04-01,88870.0
H29803-04-02,41700.0
H29805-04-01,83900.0
H29806-04-01,65340.0
H29807-04-01,130900.0
H29807-04-02,50150.0
H29809-04-01,97900.0
H29810-04-01,109550.0
H29810-04-02,60000.0
H29901-04-01,59690.0
H29902-04-01,40500.0
H29902-04-02,44550.0
H29902-04-05,114200.0
H29902-04-06,52800.0
H29902-04-07,41400.0
H29903-04-01,109800.0
H29903-04-02,37750.0
H29904-04-01,87800.0
H29905-04-01,68000.0
H29906-04-01,50400.0
H29906-04-02,63850.0
H29907-04-01,58850.0
H29908-04-01,86650.0
H29908-04-02,144550.0
H29909-04-01,35550.0
H29909-04-02,42625.0
H29910-04-01,106950.0
H30002-04-01,25225.0
H30002-04-02,43750.0
H30006-04-01,65600.0
H30008-04-01,48900.0
H30008-04-02,176600.0
H30009-04-01,88100.0
H30010-04-01,374050.0
H30012-04-01,74150.0
H30302-04-01,93000.0
H30303-04-01,123200.0
H30304-04-01,75050.0
H30306-04-01,129700.0
H30307-04-01,91900.0
H30308-04-01,28150.0
H30309-04-01,99850.0
H30309-04-02,101780.0
H30309-04-03,66792.0
H30310-04-01,67200.0
H30402-04-01,84600.0
H30403-04-01,53800.0
H30404-04-01,87400.0
H30405-04-01,129350.0
H30406-04-01,41050.0
H30407-04-01,69300.0
H30408-04-01,53700.0
H30408-04-02,71200.0
H30409-04-01,29300.0
H30411-04-01,43675.0
H30412-04-01,73200.0
H30502-04-01,141800.0
H30502-04-02,50125.0
H30502-04-03,73075.0
H30503-04-01,108900.0
H30504-04-01,66725.0
H30505-04-01,49925.0
H30507-04-01,79500.0
H30509-04-01,44350.0
H30510-04-01,83100.0
H30511-04-01,73600.0
H30511-04-02,92850.0
H30511-04-03,98700.0
H30602-04-01,85250.0
H30603-04-01,21125.0
H30604-04-01,52850.0
H30605-04-01,31000.0
H30605-04-02,145025.0
H30605-04-03,50200.0
H30607-04-01,175900.0
H30608-04-01,71100.0
H30610-04-01,77300.0
H30701-04-01,16250.0
H30701-04-03,43000.0
H30701-04-04,58350.0
H30702-04-01,46700.0
H30702-04-02,65250.0
H30702-04-03,16550.0
H30703-04-01,40420.0
H30703-04-02,29275.0
H30704-04-01,31750.0
H30706-04-01,178800.0
H30706-04-03,30750.0
H30706-04-04,25950.0
H30707-04-01,42900.0
H30708-04-01,77500.0
H30709-04-01,43550.0
H30710-04-01,35900.0
H30802-04-01,39500.0
H30803-04-01,42500.0
H30805-04-01,24650.0
H30805-04-02,56600.0
H30806-04-01,38300.0
H30806-04-02,61250.0
H30807-04-01,26750.0
H30809-04-01,59300.0
H30810-04-01,27600.0
H30811-04-01,62150.0
H30901-04-01,68700.0
H30901-04-02,54850.0
H30903-04-01,77800.0
H30904-04-01,35000.0
H30905-04-01,68500.0
H30905-04-02,24325.0
H30906-04-01,44600.0
H30906-04-02,21550.0
H30907-04-01,53950.0
H30908-04-01,41100.0
H30909-04-01,77400.0
H30910-04-01,734500.0
H30910-04-02,30000.0
H30911-04-01,126570.0
H31001-04-01,44750.0
H31003-04-01,51400.00003576279
H31004-04-01,22300.0
H31004-04-02,26950.0
H31005-04-02,88760.0
H31006-04-01,86000.0
H31007-04-01,31800.0
H31008-04-01,52000.0
H31010-04-01,48740.0
H31101-04-01,48200.0
H31101-04-02,121400.0
H31101-04-03,75450.0
H31102-04-01,47500.0
H31103-04-01,39950.0
H31105-04-01,30200.0
H31107-04-01,40000.0
H31108-04-01,27800.0
H31109-04-01,34266.699951171875
H31109-04-02,26900.0
H31109-04-03,32400.0
H31110-04-01,58000.0
H31701-04-01,38700.0
H31702-04-01,23200.0
H31703-04-01,33150.0
H31703-04-02,88925.0
H31703-04-03,120950.0
H31704-04-01,11400.0
H31706-04-01,47700.0
H31706-04-02,60600.0
H31707-04-01,58800.0
H31708-04-01,88400.0
H31709-04-01,53950.0
H31710-04-01,50500.0
H31901-04-01,33600.0
H31902-04-01,41100.0
H31903-04-01,38400.0
H31904-04-01,28200.0
H31907-04-01,80850.0
H31908-04-01,70450.0
H31909-04-01,84350.0
H31910-04-01,51100.0
H32101-04-01,35550.0
H32102-04-01,81000.0
H32103-04-01,90200.0
H32104-04-01,24000.0
H32104-04-02,27100.0
H32105-04-01,43050.0
H32106-04-01,28550.0
H32106-04-02,97325.0
H32106-04-03,73350.0
H32106-04-04,73950.0
H32106-04-05,22675.0
H32108-04-01,40150.0
H32109-04-01,59100.0
H32201-04-01,26800.0
H32202-04-01,110900.0
H32203-04-01,69000.0
H32204-04-01,40950.0
H32205-04-01,40750.0
H32205-04-02,33250.0
H32206-04-01,51800.0
H32207-04-01,67500.0
H32209-04-01,56100.0
H32209-04-02,26900.0
H32401-04-01,125150.0
H32402-04-01,124200.0
H32403-04-01,59200.0
H32404-04-01,75150.0
H32405-04-01,103700.0
H32406-04-01,60542.0
H32407-04-01,115300.0
H32408-04-01,106600.0
H32409-04-01,85350.0
H32410-04-01,30400.0
H32501-04-01,111400.0
H32502-04-01,43000.0
H32503-04-01,35570.0
H32504-04-01,70300.0
H32505-04-01,55340.0
H32506-04-01,57750.0
H32507-04-01,34700.0
H32508-04-01,32600.0
H32509-04-01,40950.0
H32510-04-01,37950.0
H32601-04-01,46000.0
H32602-04-01,99950.0
H32603-04-01,247000.0
H32604-04-01,26050.0
H32605-04-01,152050.0
H32606-04-01,68000.0
H32607-04-01,119750.0
H32608-04-01,91425.0
H32609-04-01,93000.0
H32610-04-01,24800.0
H32701-04-01,153400.0
H32702-04-01,113700.0
H32703-04-01,104950.0
H32704-04-01,149650.0
H32705-04-01,386100.0
H32707-04-01,90950.0
H32708-04-01,122450.0
H32709-04-01,56700.0
H32710-04-01,107250.0
H32801-04-01,78225.0
H32802-04-01,75330.0000178814
H32803-04-01,40575.0
H32804-04-01,70700.0
H32805-04-01,80950.0
H32806-04-01,209400.0
H32807-04-01,78900.0
H32810-04-01,157400.0
H32901-04-01,260683.00000596046
H32902-04-01,71000.0
H32903-04-01,114650.0
H32904-04-01,48050.0
H32905-04-01,53325.0
H32906-04-01,65025.0
H32907-04-01,62425.0
H32908-04-01,80340.0
H32909-04-01,62000.0
H32910-04-01,9625.0
H33001-04-01,132550.0
H33002-04-01,167600.0
H33003-04-01,49450.0
H33004-04-01,58050.0
H33005-04-01,82650.0
H33008-04-01,70000.0
H33101-04-01,58550.0
H33102-04-01,80000.0
H33103-04-01,103050.0
H33104-04-01,38000.0
H33105-04-01,123950.0
H33106-04-01,19600.0
H33107-04-01,110650.0
H33108-04-01,52650.0
H33109-04-01,60750.0
H33110-04-01,63950.0
H33201-04-01,241350.0
H33202-04-01,107800.0
H33203-04-01,272500.0
H33204-04-01,48425.0
H33205-04-01,77150.0
H33206-04-01,56700.0
H33208-04-01,79300.0
H33209-04-01,34825.0
H33210-04-01,101725.0
H33301-04-01,113850.0
H33302-04-01,58000.0
H33303-04-01,96775.0
H33304-04-01,47775.0
H33305-04-01,85500.0
H33306-04-01,114250.0
H33307-04-01,138600.0
H33308-04-01,121450.0
H33309-04-01,76450.0
H33310-04-01,66700.0
H33401-04-01,116250.0
H33402-04-01,245500.0
H33403-04-01,56000.0
H33404-04-01,298750.0
H33405-04-01,97650.0
H33406-04-01,30700.0
H33407-04-01,91400.0
H33408-04-01,68800.0
H33410-04-01,46350.0
H33501-04-01,59650.0
H33502-04-01,35600.0
H33503-04-01,124400.0
H33504-04-01,50500.0
H33505-04-01,81875.0
H33506-04-01,157425.0
H33507-04-01,42300.0
H33508-04-01,100700.0
H33509-04-01,16600.0
H33510-04-01,154950.0
H33601-04-01,28400.0
H33602-04-01,71000.0
H33603-04-01,44475.0
H33604-04-01,66200.0
H33605-04-01,56700.0
H33606-04-01,41750.0
H33607-04-01,51400.0
H33608-04-01,25525.0
H33609-04-01,83300.0
H33610-04-01,58975.0
H33701-04-01,90525.0
H33702-04-01,125890.0
H33703-04-01,105400.0
H33704-04-01,40850.0
H33705-04-01,22720.0
H33706-04-01,70225.0
H33707-04-01,71200.0
H33708-04-01,47300.00001639128
H33709-04-01,21400.0
H33710-04-01,13150.0
H33801-04-01,40050.0
H33802-04-01,71950.0
H33803-04-01,28900.0
H33804-04-01,31425.0
H33805-04-01,74400.0
H33806-04-01,67425.0
H33807-04-01,318700.0
H33808-04-01,61450.0
H33809-04-01,48250.0
H33810-04-01,20825.0
H33901-04-01,78100.0
H33902-04-01,11600.0
H33903-04-01,67600.0
H33904-04-01,26660.0
H33905-04-01,22650.0
H33906-04-01,10100.0
H33907-04-01,154050.0
H33908-04-01,96690.0
H33909-04-01,66300.0
H33910-04-01,29075.0
H34001-04-01,11900.0
H34002-04-01,56800.0
H34003-04-01,66625.0
H34004-04-01,84450.0
H34005-04-01,81350.0
H34006-04-01,72300.0
H34007-04-01,31525.0
H34008-04-01,57800.0
H34009-04-01,15050.0
H34010-04-01,28000.0
H34101-04-01,56300.0
H34102-04-01,36500.0
H34103-04-01,89875.0
H34104-04-01,189300.0
H34105-04-01,18450.0
H34106-04-01,23590.0
H34107-04-01,38900.0
H34108-04-01,46925.0
H34109-04-01,31000.0
H34110-04-01,19150.0
H34201-04-01,54475.0
H34202-04-01,25175.0
H34203-04-01,46350.0
H34204-04-01,123100.0
H34205-04-01,9300.0
H34206-04-01,47925.0
H34207-04-01,20325.0
H34208-04-01,31450.0
H34209-04-01,42050.0
H34210-04-01,46500.0
H34301-04-01,12350.0
H34302-04-01,32800.0
H34303-04-01,63850.0
H34304-04-01,22925.0
H34305-04-01,35600.0
H34306-04-01,74700.0
H34308-04-01,80100.0
H34309-04-01,10100.0
H34310-04-01,40850.0
H34401-04-02,58300.0
H34402-04-01,77250.0
H34403-04-01,66325.0
H34404-04-01,70700.0
H34405-04-01,56950.0
H34406-04-01,88850.0
H34407-04-01,40950.0
H34409-04-01,54525.0
H34410-04-01,34050.0
H34501-04-01,152300.0
H34502-04-01,41100.0
H34503-04-01,100325.0
H34504-04-01,41795.0
H34505-04-01,28800.0
H34506-04-01,56300.0
H34507-04-01,47250.0
H34508-04-01,70760.0
H34509-04-01,85925.0
H34510-04-01,43600.0
H34601-04-01,62025.0
H34602-04-01,50800.0
H34603-04-01,60425.0
H34604-04-01,62150.0
H34605-04-01,108675.0
H34606-04-01,109000.0
H34607-04-01,91150.0
H34608-04-01,92175.0
H34609-04-01,18825.0
H34610-04-01,30750.0
H34701-04-01,236400.0
H34703-04-01,83150.0
H34704-04-01,98500.0
H34705-04-01,161100.0
H34706-04-01,27250.0
H34707-04-01,162600.0
H34708-04-01,35700.0
H34709-04-01,47100.0
H34710-04-01,105050.0
H34901-04-01,64300.0
H34902-04-01,14325.0
H34903-04-01,45050.0
H34904-04-01,34275.0
H34905-04-01,53650.0
H34906-04-01,115300.0
H34907-04-01,29950.0
H34908-04-01,25825.0
H34910-04-01,198000.0
H35001-04-01,60075.0
H35002-04-01,72500.0
H35003-04-01,36500.0
H35004-04-01,100000.0
H35005-04-01,96550.0
H35006-04-01,33240.0
H35007-04-01,80650.0
H35008-04-01,53900.0
H35009-04-01,75500.0
H35010-04-01,18775.0
H35101-04-01,33900.0
H35102-04-01,15000.0
H35103-04-01,55900.0
H35104-04-01,32050.0
H35105-04-02,15600.0
H35106-04-01,80200.0
H35107-04-01,29220.0
H35108-04-01,46775.0
H35109-04-01,84900.0
H35110-04-01,100400.0
H35201-04-01,71075.0
H35202-04-01,31000.0
H35203-04-01,59590.0
H35204-04-01,89200.0
H35205-04-01,69800.0
H35206-04-01,91600.0
H35207-04-01,62200.0
H35208-04-01,90050.0
H35210-04-01,122800.0
H35301-04-01,59150.0
H35302-04-01,69400.0
H35303-04-01,29200.0
H35304-04-01,60200.0
H35305-04-01,60350.0
H35306-04-01,69150.0
H35307-04-01,42300.0
H35308-04-01,23800.0
H35309-04-01,57875.0
H35310-04-01,92025.0
H35401-04-01,17500.0
H35402-04-01,31812.5
H35403-04-01,61200.0
H35404-04-01,37725.0
H35405-04-01,54300.0
H35406-04-01,42075.000005960464
H35407-04-01,78425.0
H35408-04-01,56250.0
H35409-04-01,82450.0
H35410-04-01,92950.0
H35501-04-01,2218250.0
H35502-04-01,73600.0
H35503-04-01,52925.0
H35504-04-01,72450.0
H35505-04-01,43950.0
H35506-04-01,86300.0
H35507-04-01,38400.0
H35508-04-01,56400.0
H35509-04-02,60050.0
H35510-04-01,47325.0
H35601-04-01,50900.0
H35602-04-01,146300.0
H35603-04-01,72400.0
H35604-04-01,41080.0
H35605-04-01,53850.0
H35606-04-01,76775.0
H35607-04-01,30400.0
H35608-04-01,39150.0
H35609-04-01,26300.0
H35610-04-01,58850.0
H35701-04-01,22250.0
H35702-04-01,299750.0
H35703-04-01,176775.0
H35704-04-01,110400.0
H35705-04-01,32475.0
H35706-04-01,57800.0
H35707-04-01,36050.0
H35708-04-01,75400.0
H35709-04-01,61100.0
H35710-04-01,116200.0
H35801-04-01,65650.0
H35802-04-01,21000.0
H35803-04-01,48550.0
H35804-04-01,39200.0
H35805-04-01,67900.0
H35806-04-01,52650.0
H35807-04-01,30450.0
H35808-04-01,32650.0
H35809-04-01,21000.0
H35810-04-01,30400.0
H35901-04-01,89920.0
H35902-04-01,76350.0
H35903-04-01,24350.0
H35904-04-01,103900.0
H35905-04-01,105400.0
H35906-04-01,21700.0
H35907-04-01,23600.0
H35908-04-01,29950.0
H35909-04-01,11600.0
H35910-04-01,42050.0
H36001-04-01,78500.0
H36002-04-01,23600.0
H36003-04-01,34550.0
H36004-04-01,48125.0
H36005-04-01,34900.0
H36006-04-01,36900.0
H36007-04-01,40700.0
H36008-04-01,32700.0
H36009-04-01,44600.0
H36010-04-01,39500.0
H36101-04-01,30600.0
H36102-04-01,65100.0
H36103-04-01,95000.0
H36104-04-01,35700.0
H36105-04-01,34950.0
H36106-04-01,68400.0
H36107-04-01,10500.0
H36108-04-01,60250.0
H36109-04-01,50350.0
H36110-04-01,29725.0
H36201-04-01,51950.000059604645
H36202-04-01,89550.0
H36203-04-01,67000.0
H36204-04-01,16650.0
H36205-04-01,107850.0
H36206-04-01,90850.0
H36207-04-01,19950.0
H36208-04-01,65500.0
H36209-04-01,78250.0
H36210-04-01,173500.0
H36301-04-01,53100.0
H36302-04-01,94350.0
H36303-04-01,59400.0
H36304-04-01,66650.0
H36305-04-01,28900.0
H36306-04-01,45450.0
H36307-04-01,56450.0
H36308-04-01,125500.0
H36309-04-01,48650.0
H36310-04-01,33250.0
H36401-04-01,21050.0
H36402-04-01,23300.0
H36403-04-01,54600.0
H36404-04-01,54150.0
H36405-04-01,67450.0
H36406-04-01,99400.0
H36407-04-01,41050.0
H36408-04-01,76000.0
H36409-04-01,33650.0
H36410-04-01,36400.0
H36501-04-01,76600.0
H36502-04-01,108400.0
H36503-04-01,49950.0
H36504-04-01,38200.0
H36505-04-01,72200.0
H36506-04-01,49150.0
H36507-04-01,44100.0
H36508-04-01,49800.0
H36509-04-01,121100.0
H36601-04-01,21200.0
H36602-04-01,22800.0
H36603-04-01,70600.0
H36604-04-01,22400.0
H36605-04-01,73700.0
H36606-04-01,28125.0
H36607-04-01,18600.0
H36608-04-01,53160.0
H36609-04-01,23350.0
H36610-04-01,103850.0
H36701-04-01,134350.0
H36702-04-01,55225.0
H36703-04-01,44800.0
H36704-04-01,77850.0
H36705-04-01,164200.0
H36706-04-01,37050.0
H36707-04-01,49050.0
H36708-04-01,33400.0
H36709-04-01,21200.0
H36710-04-01,19250.0
H36801-04-01,51700.0
H36802-04-01,71600.0
H36803-04-01,39400.0
H36804-04-01,32500.0
H36805-04-01,43400.0
H36806-04-01,41500.0
H36807-04-01,61200.0
H36809-04-01,93700.0
H36810-04-01,25800.0
H36901-04-01,109600.0
H36902-04-01,23300.0
H36903-04-01,40300.0
H36904-04-01,49000.0
H36905-04-01,39400.0
H36906-04-01,90200.0
H36907-04-01,40575.0
H36908-04-01,90500.0
H36909-04-01,51800.0
H36910-04-01,52250.0
H37001-04-01,57250.0
H37002-04-01,46350.0
H37003-04-01,73050.0
H37004-04-01,44800.0
H37005-04-01,42050.0
H37006-04-01,125580.0
H37007-04-01,42375.0
H37008-04-01,38950.0
H37009-04-01,44000.0
H37010-04-01,14550.0
H37101-04-01,36900.0
H37102-04-01,33450.0
H37103-04-01,10050.0
H37104-04-01,74400.0
H37105-04-01,38320.0
H37106-04-01,45600.0
H37107-04-01,51600.0
H37108-04-01,40750.0
H37109-04-01,30350.0
H37110-04-01,24125.0
H37201-04-01,50900.0
H37202-04-01,25900.0
H37203-04-01,43100.0
H37204-04-01,35500.0
H37205-04-01,33950.0
H37206-04-01,31050.0
H37207-04-01,50750.0
H37208-04-01,36100.0
H37209-04-01,63550.0
H37210-04-01,28200.0
H37301-04-01,43600.0
H37302-04-01,37075.0
H37303-04-01,11800.0
H37304-04-01,97050.0
H37305-04-01,76600.0
H37306-04-01,30850.0
H37307-04-01,22475.0
H37308-04-01,14750.0
H37309-04-01,7125.0
H37310-04-01,45900.0
H37401-04-01,81000.0
H37402-04-01,78100.0
H37403-04-01,110825.0
H37404-04-01,105250.0
H37405-04-01,56600.0
H37406-04-01,18050.0
H37407-04-01,86300.0
H37408-04-01,30950.0
H37409-04-01,60250.0
H37410-04-01,28300.0
H37501-04-01,45450.0
H37502-04-01,105050.0
H37503-04-01,9900.0
H37504-04-01,10900.0
H37505-04-01,131400.0
H37506-04-01,52300.0
H37507-04-01,86200.0
H37508-04-01,117725.0
H37509-04-01,32740.00000357628
H37510-04-01,53450.0
H37601-04-01,71900.0
H37602-04-02,34400.0
H37603-04-01,51550.0
H37604-04-01,18600.0
H37605-04-01,40650.0
H37606-04-01,33650.0
H37607-04-01,27800.0
H37608-04-01,42450.0
H37609-04-01,61200.0
H37610-04-01,94400.0
H37701-04-01,84300.0
H37702-04-01,92900.0
H37703-04-01,68900.0
H37704-04-01,34650.00000074506
H37705-04-01,37800.0
H37706-04-01,44900.0
H37707-04-01,52000.0
H37708-04-01,30300.0
H37709-04-01,46400.0
H37710-04-01,38550.0
H37801-04-01,31550.0
H37802-04-01,19950.0
H37803-04-01,73300.0
H37804-04-01,45550.0
H37805-04-01,8750.0
H37806-04-01,12725.0
H37807-04-01,102200.0
H37808-04-01,110050.0
H37809-04-01,20500.0
H37810-04-01,46100.0
H37901-04-01,29400.0
H37902-04-01,50100.0
H37903-04-01,31200.0
H37905-04-01,48400.0
H37906-04-01,46850.0
H37907-04-01,9100.0
H37908-04-01,126625.0
H37909-04-01,32700.0
H37910-04-01,61000.0
H38001-04-01,32100.0
H38002-04-01,36000.0
H38003-04-01,9700.0
H38004-04-01,67100.00000298023
H38006-04-01,29300.0
H38007-04-01,44100.0
H38008-04-01,36100.0
H38009-04-01,95500.0
H38010-04-01,21000.0
H38101-04-01,77300.0
H38102-04-01,74500.0
H38103-04-01,31750.0
H38104-04-01,34450.0
H38105-04-01,56550.0
H38106-04-01,15400.000002980232
H38107-04-01,67600.0
H38108-04-01,33400.0
H38109-04-01,78400.0
H38110-04-01,42800.0
H38201-04-01,120500.0
H38202-04-01,98400.0
H38203-04-01,13775.0
H38204-04-01,72300.0
H38205-04-01,24350.0
H38206-04-01,60600.0
H38207-04-01,30500.0
H38208-04-01,57500.0
H38209-04-01,47150.0
H38210-04-01,104700.0
H38301-04-01,48900.0
H38302-04-01,41900.0
H38303-04-01,31100.0
H38304-04-01,68300.0
H38305-04-01,41700.0
H38308-04-01,30800.0
H38309-04-01,89050.0
H38310-04-01,23250.0
H38401-04-01,40400.0
H38402-04-01,8600.0
H38403-04-01,42850.0
H38404-04-01,39050.0
H38405-04-01,36550.0
H38406-04-01,30200.0
H38407-04-01,98500.0
H38408-04-01,35950.0
H38409-04-01,15400.0
H38410-04-01,45800.0
H38501-04-01,26040.0
H38502-04-01,30450.0
H38503-04-01,52400.0
H38504-04-01,21300.0
H38505-04-01,95300.0
H38506-04-01,45850.0
H38507-04-01,47150.0
H38508-04-01,62000.0
H38509-04-01,35900.0
H38510-04-01,80500.0
H38601-04-01,27650.0
H38602-04-01,65950.0
H38603-04-01,72100.0
H38604-04-01,47175.0
H38605-04-01,74280.0
H38606-04-01,40750.0
H38607-04-01,49050.0
H38608-04-01,43450.0
H38609-04-01,26550.0
H38610-04-01,35000.0
H38701-04-01,77000.0
H38702-04-01,44350.0
H38703-04-01,31950.0
H38704-04-01,64950.0
H38705-04-01,38050.0
H38706-04-01,43700.0
H38707-04-01,33000.0
H38708-04-01,13250.0
H38709-04-01,16300.0
H38710-04-01,117600.0
H38801-04-01,46450.0
H38802-04-01,23450.0
H38803-04-01,33350.0
H38804-04-01,61950.0
H38805-04-01,43000.0
H38806-04-01,30950.0
H38807-04-01,71300.0
H38808-04-01,60360.0
H38809-04-01,55600.000005960464
H38901-04-01,53800.0
H38902-04-01,56925.0
H38903-04-01,78025.00001639128
H38904-04-01,49675.0
H38905-04-01,97950.0
H38906-04-01,47350.0
H38907-04-01,84600.0
H38908-04-01,26250.0
H38909-04-01,33750.0
H38910-04-01,35450.0
H39001-04-01,20000.0
H39002-04-01,106200.0
H39003-04-01,75950.0
H39004-04-01,7900.0
H39005-04-01,37800.0
H39006-04-01,65300.0
H39007-04-01,34100.0
H39008-04-01,34100.0
H39009-04-01,25400.0
H39010-04-01,21875.0
H39101-04-01,56200.0
H39102-04-01,42800.0
H39103-04-01,75150.0
H39104-04-01,49600.0
H39105-04-01,34500.0
H39106-04-01,46000.0
H39107-04-01,32300.0
H39109-04-01,40950.0
H39110-04-01,8450.0
H39301-04-01,57050.0
H39302-04-01,22100.0
H39303-04-01,19050.0
H39304-04-01,35000.0
H39305-04-01,30100.0
H39307-04-01,10000.0
H39308-04-01,58700.0
H39309-04-01,137800.0
H39310-04-01,126200.0
H39401-04-01,31900.0
H39402-04-01,42000.0
H39403-04-01,38900.0
H39404-04-01,35550.0
H39405-04-01,47550.0
H39406-04-01,40150.0
H39407-04-01,41050.0
H39408-04-01,24300.0
H39409-04-01,111250.0
H39410-04-01,55850.0
H39501-04-01,89100.0
H39502-04-01,15000.0
H39503-04-01,57450.0
H39504-04-01,32100.0
H39505-04-01,61700.0
H39506-04-01,17700.0
H39507-04-01,40550.0
H39509-04-01,45350.0
H39510-04-01,22500.0
H39601-04-01,81900.0
H39602-04-01,31500.0
H39603-04-01,9550.0
H39604-04-01,38550.0
H39605-04-01,32100.0
H39606-04-01,19500.0
H39607-04-01,29775.0
H39608-04-01,24300.0
H39609-04-01,17500.0
H39610-04-01,22300.0
H39701-04-01,45450.0
H39702-04-01,44600.0
H39703-04-01,38600.0
H39704-04-01,24300.0
H39705-04-01,79550.0
H39706-04-01,70300.0
H39707-04-01,48050.0
H39708-04-01,27650.0
H39709-04-01,63050.0
H39710-04-01,62550.0
H39801-04-01,52250.0
H39802-04-01,74000.0
H39803-04-01,16900.0
H39804-04-01,97900.0
H39805-04-01,12800.0
H39806-04-01,19150.0
H39807-04-01,36900.0
H39808-04-01,63550.0
H39809-04-01,42400.0
H39810-04-01,37850.0
H39901-04-01,32200.0
H39902-04-01,45100.0
H39903-04-01,140800.0
H39904-04-01,14300.0
H39905-04-01,21200.0
H39906-04-01,16350.0
H39907-04-01,84200.0
H39908-04-01,18150.0
H39909-04-01,101600.0
H39910-04-01,21400.0
H40001-04-01,58000.0
H40002-04-01,21200.0
H40003-04-01,11000.0
H40004-04-01,18500.0
H40005-04-02,18450.0
H40006-04-01,18200.0
H40007-04-01,66800.0
H40008-04-01,30300.0
H40009-04-01,40100.0
H40010-04-01,22600.0
H40101-04-01,32600.0
H40102-04-01,12750.0
H40103-04-01,23000.0
H40104-04-01,32050.0
H40105-04-01,35500.0
H40106-04-01,55500.0
H40107-04-01,24800.0
H40108-04-01,16600.0
H40109-04-01,81400.0
H40110-04-01,24950.0
H40201-04-01,49550.0
H40202-04-01,31100.0
H40203-04-01,27400.0
H40204-04-01,54300.0
H40205-04-01,46100.0
H40206-04-01,25500.0
H40207-04-01,67700.0
H40208-04-01,35100.0
H40209-04-01,102280.00000715256
H40210-04-01,29200.0
H40301-04-01,32800.0
H40302-04-01,13600.0
H40303-04-01,28700.0
H40304-04-01,20900.0
H40305-04-01,24700.0
H40306-04-01,37850.0
H40307-04-01,99475.0
H40308-04-01,21525.0
H40309-04-01,16650.0
H40310-04-01,32050.0
H40401-04-01,46800.0
H40402-04-01,8500.0
H40403-04-01,52300.0
H40404-04-01,90600.0
H40405-04-01,35400.0
H40406-04-01,42050.0
H40407-04-01,25000.0
H40408-04-01,11800.0
H40409-04-01,57050.0
H40410-04-01,20000.0
H40501-04-01,21000.0
H40502-04-01,22750.0
H40503-04-01,98750.0
H40504-04-01,31100.0
H40505-04-01,14900.0
H40506-04-01,40100.0
H40507-04-01,19250.0
H40508-04-01,19200.0
H40509-04-01,97600.0
H40510-04-01,40300.0
H40601-04-01,69100.0
H40602-04-01,53000.0
H40603-04-01,63150.0
H40604-04-01,60800.0
H40605-04-01,15600.0
H40607-04-01,63750.0
H40608-04-01,81600.0
H40609-04-01,26700.0
H40610-04-01,47200.0
H40701-04-01,33750.0
H40702-04-01,35300.0
H40703-04-01,66750.0
H40704-04-01,39150.0
H40705-04-01,20525.0
H40707-04-01,22062.5
H40708-04-01,55400.0
H40709-04-01,75600.0
H40710-04-01,47900.0
H40801-04-01,38400.0
H40802-04-01,33800.0
H40803-04-01,36100.0
H40804-04-01,51300.0
H40805-04-01,117300.0
H40806-04-01,65700.0
H40807-04-01,13050.0
H40808-04-01,67400.0
H40809-04-01,53600.0
H40810-04-01,57200.0
H40901-04-01,18200.0
H40902-04-01,91400.0
H40903-04-01,76700.0
H40904-04-01,74900.0
H40905-04-01,42650.0
H40906-04-01,99850.0
H40908-04-01,82520.0
H40909-04-01,19000.0
H40910-04-01,23700.0
H41001-04-01,73800.0
H41002-04-01,22500.0
H41003-04-01,41603.0
H41004-04-01,25850.0
H41005-04-01,28550.0
H41006-04-01,96760.0
H41007-04-01,37550.0
H41008-04-01,26300.0
H41009-04-01,48850.0
H41010-04-01,48300.0
H41101-04-01,63650.0
H41102-04-01,88700.0
H41103-04-01,23450.0
H41104-04-01,53700.0
H41106-04-01,236450.0
H41107-04-01,54100.0
H41108-04-01,130400.0
H41109-04-01,111350.0
H41110-04-01,80700.0
H41201-04-01,54700.0
H41202-04-01,62950.0
H41203-04-01,25950.0
H41204-04-01,110300.0
H41205-04-01,70975.0
H41206-04-01,31150.0
H41207-04-01,33450.0
H41208-04-01,112000.0
H41209-04-01,19900.0
H41210-04-01,49975.0
H41301-04-01,18450.0
H41302-04-01,36250.0
H41303-04-01,36500.0
H41304-04-01,41050.0
H41305-04-01,43350.0
H41306-04-01,26550.0
H41307-04-01,21300.0
H41308-04-01,23000.0
H41309-04-01,57450.0
H41310-04-01,58700.0
H41401-04-01,88900.0
H41402-04-01,19350.0
H41403-04-01,51050.0
H41404-04-01,31100.0
H41405-04-01,8300.0
H41406-04-01,63150.0
H41407-04-01,21550.0
H41408-04-01,42650.0
H41409-04-01,33350.0
H41410-04-01,58500.0
H41501-04-01,40050.0
H41502-04-01,48000.0
H41503-04-01,91350.0
H41504-04-01,55450.0
H41505-04-01,43000.0
H41508-04-01,94400.0
H41509-04-01,83970.0
H41510-04-01,62400.0
H41601-04-01,74700.0
H41602-04-01,48225.0
H41603-04-01,57850.0
H41604-04-01,138042.0000357628
H41605-04-01,142950.0
H41606-04-01,130500.0
H41607-04-01,254500.0
H41609-04-01,75250.0
H41610-04-01,186600.0
H41701-04-01,7125.0
H41702-04-01,54500.0
H41703-04-01,52375.0
H41704-04-01,59150.0
H41705-04-01,25300.0
H41706-04-01,42300.0
H41707-04-01,41300.0
H41708-04-01,33100.0
H41709-04-01,2125.0
H41710-04-01,49050.0
H41801-04-01,30550.0
H41802-04-01,43200.0
H41803-04-01,64200.0
H41804-04-01,46425.0
H41805-04-01,28700.0
H41806-04-01,78700.0
H41807-04-01,58500.0
H41808-04-01,49200.0
H41809-04-01,34700.0
H41810-04-01,14250.0
H41901-04-01,39980.0
H41902-04-01,53000.0
H41903-04-01,23900.0
H41904-04-01,17200.0
H41905-04-01,73600.00002384186
H41906-04-01,11725.0
H41907-04-01,44100.0
H41908-04-01,27350.0
H41909-04-01,19150.0
H41910-04-01,63450.0
H42001-04-01,104700.0
H42002-04-01,25150.0
H42003-04-01,51350.0
H42004-04-01,46150.0
H42006-04-01,30000.0
H42007-04-01,73950.0
H42008-04-01,17200.0
H42009-04-01,33700.0
H42010-04-01,48900.0
H42101-04-01,45000.0
H42102-04-01,47300.0
H42103-04-01,22550.0
H42104-04-01,33900.0
H42105-04-01,40500.0
H42106-04-01,42700.0
H42107-04-01,14200.0
H42108-04-01,33150.0
H42109-04-01,55800.0
H42110-04-01,31900.0
H42201-04-02,35150.0
H42202-04-01,49550.0
H42203-04-01,61700.0
H42204-04-01,27400.0
H42205-04-01,35350.0
H42206-04-01,34400.0
H42207-04-01,78550.0
H42208-04-01,16200.0
H42210-04-01,42750.0
H42301-04-01,40900.0
H42302-04-01,32000.0
H42303-04-01,27450.0
H42304-04-01,88220.0
H42305-04-01,8950.0
H42306-04-01,46000.0
H42307-04-01,64400.0
H42308-04-01,47700.0
H42309-04-01,27660.000035762787
H42310-04-01,105900.0
H42401-04-01,52050.0
H42402-04-02,18850.0
H42403-04-01,22800.0
H42404-04-02,59525.0
H42405-04-01,24350.000002980232
H42406-04-01,48250.0
H42407-04-01,59800.00003576279
H42408-04-01,43700.0
H42409-04-01,73000.0
H42410-04-01,78600.0
H42501-04-01,29500.0
H42502-04-01,34600.0
H42503-04-01,78400.0
H42504-04-01,86720.00001072884
H42505-04-01,66000.0
H42506-04-01,34800.0
H42507-04-01,32250.0
H42508-04-01,50900.0
H42509-04-01,39100.0
H42510-04-01,67900.0
H42601-04-01,51700.0
H42602-04-01,29050.0
H42603-04-01,101600.0
H42604-04-01,47650.0
H42605-04-01,114799.90000396967
H42606-04-01,47000.0
H42607-04-01,52600.0
H42608-04-01,82500.0
H42609-04-01,72950.0
H42610-04-01,93300.0
H42701-04-01,41775.0
H42702-04-01,16350.0
H42703-04-01,80000.0
H42704-04-01,44350.0
H42705-04-01,42250.0
H42706-04-01,33900.0
H42707-04-01,67000.0
H42708-04-01,31150.0
H42709-04-01,90800.0
H42710-04-01,36450.0
H42801-04-01,126400.0
H42802-04-01,68850.0
H42803-04-01,28750.0
H42804-04-01,52650.0
H42805-04-01,12300.0
H42806-04-01,18600.0
H42807-04-01,120000.0
H42808-04-01,48100.0
H42809-04-01,199500.0
H42810-04-01,39000.0
H42901-04-01,21400.0
H42902-04-01,55600.0
H42903-04-01,17225.0
H42904-04-01,10062.5
H42905-04-01,62150.0
H42906-04-01,70250.0
H42907-04-01,72700.0
H42908-04-01,94800.0
H42909-04-01,59900.0
H42910-04-01,60200.0
H43001-04-01,69450.0
H43002-04-01,47700.0
H43003-04-01,26600.0
H43004-04-01,17300.0
H43005-04-01,50750.0
H43006-04-01,162400.0
H43007-04-01,12650.0
H43008-04-01,24950.0
H43009-04-01,72200.0
H43010-04-01,72000.0
