id,ndur_nfood_totalvalue
H00101-04-01,210300.0
H00102-04-01,108500.0
H00104-04-01,43600.0
H00110-04-01,269600.0
H00208-04-01,681400.0
H00209-04-01,190900.0
H00211-04-01,301900.0
H00213-04-01,1052300.0
H00301-04-01,223400.0
H00302-04-01,226700.0
H00303-04-01,133900.0
H00304-04-01,71550.0
H00307-04-01,201300.0
H00312-04-01,371400.0
H00313-04-01,2317900.0
H00606-04-01,326100.0
H00704-04-01,159500.0
H00707-04-01,864300.0
H00710-04-01,249400.0
H00712-04-01,1122700.0
H00801-04-01,1109300.0
H00802-04-01,251700.0
H00803-04-01,857709.0
H00805-04-01,118600.0
H00809-04-01,1132000.0
H00810-04-02,2239400.0
H00810-04-03,664000.0
H00811-04-01,477800.0
H01209-04-01,542600.0
H01209-04-02,161900.0
H01209-04-03,717065.0
H01210-04-01,497100.0
H01401-04-01,1051300.0
H01402-04-01,601700.0
H01406-04-01,619300.0
H01409-04-01,300700.0
H01601-04-01,313300.0
H01604-04-01,2025300.0
H01605-04-01,1538500.0
H01607-04-01,166200.0
H01612-04-01,285400.0
H01801-04-01,429800.0
H01806-04-01,154700.0
H01806-04-02,189000.0
H01809-04-01,245300.0
H01813-04-01,631275.0
H02108-04-01,125800.0
H02110-04-01,468800.0
H02111-04-01,493800.0
H02113-04-01,342900.0
H02203-04-01,287300.0
H02205-04-01,3154500.0
H02206-04-01,425500.0
H02207-04-01,312100.0
H02304-04-01,249100.0
H02305-04-01,530000.0
H02310-04-01,460700.0
H02401-04-01,190960.0
H02407-04-01,101000.0
H02409-04-01,118200.0
H02412-04-01,333700.0
H02507-04-01,317450.0
H02601-04-01,566900.0
H02601-04-02,677300.0
H02602-04-01,428300.0
H02608-04-01,229300.0
H02608-04-02,738600.0
H02609-04-01,140750.0
H02703-04-02,382300.0
H02705-04-01,531300.0
H02705-04-02,72900.0
H02706-04-01,183300.0
H02710-04-01,313300.0
H02711-04-01,193500.0
H02711-04-02,266700.0
H02711-04-03,895600.0
H02802-04-01,1440000.0
H02803-04-01,151400.0
H02811-04-01,258000.0
H03001-04-01,375000.0
H03003-04-01,2584200.0
H03005-04-01,670500.0
H03006-04-01,518800.0
H03010-04-01,234200.0
H03401-04-01,558100.0
H03408-04-01,115500.0
H03409-04-01,390400.0
H03409-04-02,177550.0
H03410-04-01,599700.0
H03410-04-02,288283.0
H03503-04-01,206500.0
H03511-04-01,225250.0
H03512-04-01,166700.0
H03515-04-01,55700.0
H03601-04-01,105600.0
H03602-04-04,457900.0
H03603-04-05,234600.0
H03604-04-04,250800.0
H03604-04-08,213675.0
H03604-04-09,220850.0
H03605-04-02,191200.0
H03607-04-01,268900.0
H03608-04-01,55000.0
H03704-04-01,48700.0
H03705-04-01,231800.0
H03706-04-01,74900.0
H03707-04-01,284700.0
H03707-04-02,65100.0
H03709-04-01,42200.0
H03711-04-02,224800.0
H03711-04-03,100600.0
H03711-04-04,315700.0
H03804-04-01,134300.0
H03807-04-01,94900.0
H03809-04-01,429200.0
H03810-04-01,136500.0
H03811-04-01,269100.0
H03813-04-01,160900.0
H03901-04-01,62000.0
H03902-04-01,57200.0
H03903-04-01,232200.0
H03906-04-01,53000.0
H03907-04-01,371800.0
H03908-04-01,215300.0
H03909-04-01,216800.0
H03909-04-02,206900.0
H03910-04-01,571900.0
H04001-04-01,201200.0
H04002-04-01,266000.0
H04003-04-01,200400.0
H04003-04-03,159900.0
H04004-04-01,146500.0
H04005-04-01,90900.0
H04006-04-01,27800.0
H04007-04-01,49200.0
H04009-04-01,47000.0
H04010-04-01,143800.0
H04010-04-02,137700.0
H04011-04-01,797300.0
H04011-04-02,131600.0
H04201-04-01,175000.0
H04202-04-01,304700.0
H04203-04-01,127700.0
H04204-04-01,107000.0
H04205-04-01,359450.0
H04206-04-01,46400.0
H04207-04-01,714800.0
H04208-04-01,56000.0
H04208-04-02,88700.0
H04209-04-01,315200.0
H04210-04-01,66800.0
H04501-04-01,115900.0
H04505-04-01,456400.0
H04508-04-02,170700.0
H04508-04-03,305500.0
H04508-04-04,360900.0
H04509-04-01,158800.0
H04602-04-01,167500.0
H04603-04-01,108000.0
H04604-04-01,140600.0
H04606-04-01,130100.0
H04606-04-02,90200.0
H04607-04-01,120300.0
H04608-04-01,225300.0
H04609-04-01,97000.0
H04610-04-01,70000.0
H04610-04-02,57800.0
H04610-04-03,38400.0
H04801-04-01,193500.0
H04802-04-01,51800.0
H04802-04-02,59500.0
H04802-04-03,282200.0
H04803-04-02,300400.0
H04804-04-01,2272900.0
H04805-04-01,103200.0
H04806-04-01,248800.0
H04807-04-01,11850.0
H04808-04-01,253300.0
H04808-04-02,239300.0
H04810-04-01,97500.0
H04903-04-01,287200.0
H04905-04-01,136100.0
H04907-04-01,200300.0
H04908-04-01,119200.0
H04909-04-01,91200.0
H04910-04-01,230300.0
H04912-04-01,111300.0
H04913-04-01,149700.0
H04913-04-02,121500.0
H04913-04-03,107600.0
H04913-04-04,20300.0
H04913-04-05,103900.0
H04913-04-06,176000.0
H05002-04-01,51600.0
H05003-04-01,130800.0
H05003-04-02,45400.0
H05004-04-01,112100.0
H05005-04-01,110600.0
H05006-04-01,103100.0
H05007-04-01,92500.0
H05008-04-01,70800.0
H05009-04-01,134100.0
H05010-04-01,58200.0
H05101-04-01,226700.0
H05102-04-01,127000.0
H05103-04-01,64260.0
H05104-04-01,54400.0
H05105-04-01,143400.0
H05106-04-01,122400.0
H05107-04-01,90650.0
H05108-04-01,306500.0
H05109-04-01,69400.0
H05110-04-01,41900.0
H05301-04-01,169200.0
H05302-04-01,182800.0
H05303-04-01,141600.0
H05304-04-01,77400.0
H05305-04-01,212000.0
H05305-04-02,384500.0
H05305-04-03,210800.0
H05305-04-05,312650.0
H05306-04-01,50100.0
H05306-04-02,28300.0
H05308-04-01,218700.0
H05309-04-01,370400.0
H05310-04-01,85050.0
H05310-04-02,151800.0
H05403-04-01,156500.0
H05404-04-01,186700.0
H05405-04-01,44600.0
H05406-04-01,66300.0
H05407-04-01,203100.0
H05407-04-02,155500.0
H05409-04-01,113100.0
H05410-04-01,80200.0
H05412-04-01,66200.0
H05412-04-02,103500.0
H05412-04-03,115600.0
H05701-04-01,151100.0
H05702-04-01,153400.0
H05703-04-01,110000.0
H05704-04-01,260800.0
H05705-04-01,45300.0
H05706-04-01,231600.0
H05707-04-01,133700.0
H05709-04-01,75300.0
H05710-04-01,280600.0
H05711-04-01,117000.0
H05711-04-02,95500.0
H05901-04-01,231500.0
H05903-04-01,421200.0
H05904-04-01,1405100.0
H05906-04-01,1584500.0
H05906-04-02,40800.0
H05910-04-01,413000.0
H06001-04-01,480200.0
H06005-04-01,437300.0
H06006-04-01,197450.0
H06007-04-01,95350.0
H06008-04-01,106350.0
H06009-04-01,323700.0
H06010-04-01,138900.0
H06101-04-01,442000.0
H06102-04-01,162000.0
H06103-04-01,104200.0
H06104-04-01,89300.0
H06104-04-02,184900.0
H06104-04-03,186000.0
H06105-04-01,93600.0
H06105-04-02,216100.0
H06107-04-01,232900.0
H06108-04-01,92200.0
H06109-04-01,113200.0
H06110-04-01,165500.0
H06201-04-01,491200.0
H06203-04-01,157300.0
H06207-04-01,141900.0
H06208-04-01,96700.0
H06209-04-01,23400.0
H06301-04-01,165500.0
H06302-04-01,210300.0
H06303-04-01,170900.0
H06303-04-02,242500.0
H06303-04-03,243500.0
H06305-04-01,49000.0
H06306-04-01,40200.0
H06307-04-01,211700.0
H06309-04-01,212900.0
H06310-04-01,315700.0
H06310-04-02,77800.0
H06310-04-03,167400.0
H06401-04-01,84200.0
H06402-04-01,54100.0
H06403-04-01,32900.0
H06404-04-01,92100.0
H06405-04-01,120300.0
H06406-04-01,273100.0
H06408-04-01,113900.0
H06409-04-01,69750.0
H06410-04-01,85200.0
H06411-04-01,154500.0
H06601-04-01,213950.0
H06602-04-01,115300.0
H06603-04-01,331500.0
H06604-04-01,101000.0
H06605-04-01,93500.0
H06606-04-01,73700.0
H06607-04-01,113500.0
H06608-04-01,143000.0
H06609-04-01,252700.0
H06701-04-01,150800.0
H06702-04-01,960000.0
H06703-04-01,208500.0
H06704-04-01,160100.0
H06706-04-01,101500.0
H06707-04-01,196800.0
H06707-04-02,109000.0
H06708-04-01,44000.0
H06709-04-01,50200.0
H06710-04-01,37500.0
H06801-04-01,150600.0
H06802-04-01,285000.0
H06803-04-01,104600.0
H06805-04-01,103400.0
H06806-04-01,165400.0
H06807-04-01,92100.0
H06810-04-01,380700.0
H06810-04-02,249400.0
H06901-04-01,189000.0
H06902-04-01,346800.0
H06903-04-01,219550.0
H06906-04-01,20000.0
H06908-04-01,73800.0
H06909-04-01,173200.0
H06911-04-01,372000.0
H06911-04-03,159900.0
H06914-04-01,166200.0
H07002-04-02,112000.0
H07003-04-01,176500.0
H07007-04-01,312200.0
H07007-04-02,342700.0
H07008-04-01,119950.0
H07009-04-01,316200.0
H07010-04-01,274250.0
H07201-04-01,119950.0
H07202-04-01,116900.0
H07202-04-02,85400.0
H07203-04-01,133000.0
H07204-04-01,56400.0
H07205-04-01,28500.0
H07206-04-01,274400.0
H07207-04-01,116700.0
H07208-04-01,145200.0
H07208-04-02,75900.0
H07209-04-01,74400.0
H07210-04-01,244500.0
H07302-04-01,100500.0
H07303-04-01,181500.0
H07304-04-01,79200.0
H07304-04-02,38200.0
H07305-04-01,68100.0
H07306-04-01,71650.0
H07307-04-01,132200.0
H07309-04-01,113700.0
H07310-04-01,306700.0
H07311-04-01,18600.0
H07403-04-01,58100.0
H07404-04-01,45400.0
H07406-04-01,842500.0
H07408-04-01,274900.0
H07408-04-02,181000.0
H07408-04-03,122900.0
H07410-04-01,273300.0
H07412-04-01,131400.0
H07413-04-01,68200.0
H07501-04-01,85600.0
H07502-04-01,157700.0
H07502-04-02,124800.0
H07502-04-03,243000.0
H07502-04-04,188300.0
H07502-04-06,71200.0
H07502-04-07,964900.0
H07504-04-01,52800.0
H07506-04-01,143700.0
H07507-04-01,244250.0
H07508-04-01,135500.0
H07509-04-01,200400.0
H07509-04-02,71000.0
H07509-04-03,104800.0
H07509-04-04,33900.0
H07510-04-01,199200.0
H08101-04-01,431700.0
H08102-04-01,226250.0
H08102-04-02,291300.0
H08102-04-03,422300.0
H08102-04-04,206500.0
H08102-04-06,171000.0
H08103-04-01,127300.0
H08107-04-01,255500.0
H08110-04-01,106400.0
H08114-04-01,69650.0
H08301-04-01,176900.0
H08302-04-01,387900.0
H08302-04-02,386000.0
H08302-04-03,125600.0
H08302-04-04,174900.0
H08303-04-01,124200.0
H08304-04-01,70100.0
H08305-04-01,29400.0
H08306-04-01,274700.0
H08307-04-02,68000.0
H08307-04-03,148000.0
H08308-04-01,113500.0
H08308-04-03,107150.0
H08309-04-01,210500.0
H08310-04-01,41800.0
H08402-04-01,53900.0
H08404-04-01,138050.0
H08405-04-01,78100.0
H08406-04-01,167200.0
H08406-04-02,158600.0
H08406-04-03,193000.0
H08406-04-04,182900.0
H08408-04-01,157100.0
H08409-04-01,77800.0
H08409-04-02,154800.0
H08410-04-01,132800.0
H08411-04-01,114800.0
H08501-04-01,134500.0
H08502-04-01,136980.0
H08503-04-01,40500.0
H08503-04-02,300100.0
H08503-04-03,102500.0
H08504-04-01,58600.0
H08505-04-01,100000.0
H08506-04-01,116000.0
H08507-04-01,161800.0
H08508-04-01,141800.0
H08509-04-01,57600.0
H08510-04-01,57500.0
H08510-04-02,333300.0
H08602-04-01,99600.0
H08602-04-02,78100.0
H08602-04-03,55000.0
H08603-04-01,137900.0
H08605-04-01,78900.0
H08609-04-01,475600.0
H08611-04-01,78400.0
H08701-04-01,501900.0
H08703-04-01,1419200.0
H08704-04-01,169000.0
H08706-04-01,1370500.0
H08707-04-01,504400.0
H08708-04-01,276400.0
H08708-04-02,201300.0
H08709-04-01,493300.0
H08710-04-01,222500.0
H08801-04-01,61500.0
H08802-04-01,132700.0
H08802-04-02,271100.0
H08803-04-01,70550.0
H08804-04-01,74300.0
H08805-04-01,608400.0
H08806-04-01,140300.0
H08810-04-01,79200.0
H08811-04-01,215100.0
H09001-04-01,111500.0
H09001-04-02,198950.0
H09003-04-01,138000.0
H09004-04-01,39700.0
H09004-04-02,110000.0
H09005-04-01,28800.0
H09007-04-01,256600.0
H09008-04-01,452200.0
H09008-04-02,136250.0
H09009-04-01,171900.0
H09009-04-02,262800.0
H09010-04-01,546800.0
H09011-04-01,138700.0
H09101-04-01,55100.0
H09102-04-01,109200.0
H09103-04-01,129000.0
H09105-04-01,218900.0
H09105-04-02,79600.0
H09106-04-01,87100.0
H09106-04-02,150500.0
H09107-04-01,40400.0
H09108-04-01,562200.0
H09109-04-01,39400.0
H09110-04-01,389900.0
H09111-04-01,129600.0
H09203-04-01,190400.0
H09206-04-01,74600.0
H09208-04-01,112300.0
H09209-04-01,39300.0
H09210-04-01,48000.0
H09403-04-01,272600.0
H09403-04-02,481200.0
H09410-04-01,362400.0
H09501-04-01,107100.0
H09504-04-01,767700.0
H09505-04-01,212650.0
H09509-04-01,265000.0
H09510-04-01,222300.0
H09513-04-01,274900.0
H09514-04-01,112700.0
H09604-04-01,881300.0
H09605-04-01,388100.0
H09608-04-01,272800.0
H09609-04-01,551175.0
H09610-04-01,1180500.0
H09613-04-01,298400.0
H09701-04-01,135900.0
H09705-04-01,993616.0
H09706-04-01,215400.0
H09710-04-01,370300.0
H09901-04-01,748600.0
H09902-04-01,22900.0
H09903-04-01,161300.0
H09905-04-01,116000.0
H09906-04-01,123700.0
H09908-04-01,217500.0
H09909-04-01,122100.0
H09910-04-01,174500.0
H10002-04-01,385300.0
H10003-04-01,971000.0
H10004-04-01,1246500.0
H10007-04-01,888600.0
H10007-04-02,664700.0
H10009-04-01,3422800.0
H10009-04-02,423300.0
H10010-04-01,3534800.0
H10011-04-01,2270400.0
H10201-04-01,240300.0
H10201-04-02,127800.0
H10205-04-01,200600.0
H10207-04-01,486500.0
H10209-04-01,139700.0
H10210-04-01,73000.0
H10303-04-01,463200.0
H10304-04-01,1593400.0
H10306-04-01,117200.0
H10309-04-01,289600.0
H10311-04-01,235700.0
H10312-04-01,284700.0
H10701-04-01,119800.0
H10701-04-02,25100.0
H10701-04-03,37300.0
H10702-04-01,42100.0
H10703-04-01,32700.0
H10704-04-01,131800.0
H10704-04-02,113150.0
H10706-04-01,29500.0
H10706-04-02,52900.0
H10707-04-01,76500.0
H10708-04-01,62100.0
H10709-04-01,51000.0
H10710-04-01,271750.0
H10710-04-02,302600.0
H10710-04-03,386600.0
H10710-04-04,136900.0
H10710-04-05,39700.0
H10801-04-01,46200.0
H10802-04-01,291100.0
H10803-04-01,133300.0
H10803-04-02,81400.0
H10803-04-03,42800.0
H10804-04-01,149500.0
H10805-04-01,24000.0
H10806-04-01,149450.0
H10807-04-01,107100.0
H10807-04-02,59100.0
H10809-04-01,439400.0
H10810-04-01,96300.0
H10902-04-01,14200.0
H10904-04-01,45400.0
H10905-04-01,84100.0
H10906-04-01,71300.0
H10908-04-01,36600.0
H10909-04-01,43100.0
H10909-04-02,117200.0
H10909-04-03,124200.0
H10909-04-04,178900.0
H10910-04-01,175600.0
H11001-04-01,53200.0
H11002-04-01,124500.0
H11003-04-01,44900.0
H11006-04-01,45400.0
H11007-04-01,142200.0
H11009-04-01,78700.0
H11010-04-01,101800.0
H11011-04-01,39100.0
H11403-04-01,325500.0
H11405-04-01,360500.0
H11406-04-01,64200.0
H11409-04-01,540800.0
H11410-04-01,225600.0
H11414-04-01,518800.0
H11501-04-01,198400.0
H11502-04-01,247000.0
H11502-04-02,424700.0
H11504-04-01,182300.0
H11505-04-01,187800.0
H11506-04-01,50400.0
H11506-04-02,413900.0
H11506-04-03,967600.0
H11507-04-01,202200.0
H11509-04-01,998500.0
H11510-04-01,1166400.0
H11801-04-01,104200.0
H11804-04-01,120300.0
H11805-04-01,92300.0
H11806-04-01,98500.0
H11807-04-01,47900.0
H11808-04-01,157700.0
H11808-04-02,246800.0
H11809-04-01,61700.0
H11810-04-01,75400.0
H11901-04-01,81600.0
H11902-04-01,57600.0
H11903-04-01,179300.0
H11903-04-02,514600.0
H11905-04-01,55000.0
H11907-04-01,301400.0
H11908-04-01,454500.0
H11910-04-01,84900.0
H12001-04-01,91950.0
H12003-04-01,70700.0
H12003-04-02,53660.0
H12005-04-01,78700.0
H12006-04-01,35800.0
H12007-04-01,118800.0
H12008-04-01,60000.0
H12008-04-02,98700.0
H12009-04-01,30600.0
H12010-04-01,51600.0
H12011-04-01,36900.0
H12303-04-01,173900.0
H12306-04-01,159000.0
H12310-04-01,513500.0
H12311-04-01,70200.0
H12401-04-01,128400.0
H12402-04-01,574100.0
H12404-04-01,442300.0
H12407-04-01,290600.0
H12407-04-02,304500.0
H12408-04-01,113300.0
H12409-04-01,95000.0
H12411-04-01,890250.0
H12501-04-01,67200.0
H12502-04-01,123500.0
H12504-04-01,23100.0
H12505-04-01,32600.0
H12506-04-01,87900.0
H12507-04-01,26200.0
H12509-04-01,123650.0
H12510-04-01,129900.0
H12512-04-01,78380.0
H12601-04-01,100350.0
H12603-04-01,67900.0
H12604-04-01,56350.0
H12605-04-01,146100.0
H12606-04-01,144500.0
H12606-04-02,34500.0
H12607-04-01,33400.0
H12609-04-01,29100.0
H12610-04-01,23100.0
H12610-04-02,152300.0
H12611-04-01,68400.0
H12701-04-01,81200.0
H12701-04-02,37900.0
H12703-04-01,253000.0
H12704-04-01,330067.0
H12705-04-01,45100.0
H12706-04-01,61500.0
H12707-04-01,35300.0
H12708-04-01,79500.0
H12709-04-01,123400.0
H12710-04-01,65800.0
H12805-04-01,57800.0
H12805-04-02,483200.0
H12806-04-01,74000.0
H12808-04-01,168300.0
H12809-04-01,95100.0
H12809-04-02,125900.0
H12809-04-03,170400.0
H12810-04-01,57900.0
H12811-04-01,18500.0
H12812-04-01,107400.0
H12901-04-01,154400.0
H12902-04-02,1216800.0
H12903-04-01,147600.0
H12904-04-01,97200.0
H12905-04-01,86700.0
H12905-04-02,47600.0
H12906-04-01,59250.0
H12907-04-01,44500.0
H12908-04-01,87600.0
H12909-04-02,51100.0
H12910-04-01,133700.0
H13002-04-01,195400.0
H13003-04-01,60300.0
H13004-04-01,81600.0
H13005-04-01,9000.0
H13006-04-01,147500.0
H13006-04-02,119800.0
H13006-04-03,46200.0
H13006-04-04,41300.0
H13006-04-05,147200.0
H13006-04-06,108400.0
H13007-04-01,87300.0
H13008-04-01,65400.0
H13009-04-01,136700.0
H13010-04-01,102900.0
H13102-04-01,87500.0
H13102-04-02,75100.0
H13103-04-01,507200.0
H13104-04-01,190700.0
H13105-04-01,679600.0
H13105-04-02,184200.0
H13106-04-01,418000.0
H13107-04-02,111450.0
H13107-04-03,25300.0
H13107-04-04,16900.0
H13108-04-01,79900.0
H13108-04-02,88800.0
H13109-04-01,73800.0
H13111-04-01,25400.0
H13202-04-01,117100.0
H13203-04-01,373600.0
H13204-04-01,55400.0
H13205-04-02,122400.0
H13205-04-04,119400.0
H13207-04-01,103900.0
H13208-04-01,234500.0
H13208-04-02,58100.0
H13209-04-01,188300.0
H13210-04-01,461200.0
H13303-04-01,74900.0
H13306-04-01,43400.0
H13307-04-01,37100.0
H13307-04-02,36550.0
H13308-04-01,30800.0
H13309-04-01,92700.0
H13310-04-01,163750.0
H13310-04-02,61200.0
H13310-04-03,92800.0
H13310-04-04,318100.0
H13310-04-05,127600.0
H13310-04-06,209700.0
H13310-04-07,26700.0
H13311-04-01,33600.0
H14001-04-01,97500.0
H14002-04-01,137600.0
H14003-04-01,48000.0
H14003-04-02,21800.0
H14003-04-03,35200.0
H14004-04-01,25800.0
H14004-04-02,21700.0
H14004-04-03,25700.0
H14005-04-01,67400.0
H14006-04-01,15700.0
H14006-04-02,30000.0
H14007-04-01,132600.0
H14008-04-01,41500.0
H14008-04-02,80700.0
H14009-04-01,16200.0
H14010-04-01,223800.0
H14101-04-01,345300.0
H14104-04-01,43200.0
H14104-04-02,215200.0
H14106-04-01,220500.0
H14109-04-01,274900.0
H14109-04-03,497000.0
H14109-04-04,283300.0
H14110-04-01,205000.0
H14111-04-01,280200.0
H14201-04-01,57400.0
H14202-04-01,16500.0
H14203-04-01,261300.0
H14206-04-01,112600.0
H14207-04-01,171800.0
H14207-04-02,150050.0
H14207-04-03,151200.0
H14208-04-01,31075.0
H14209-04-01,731400.0
H14210-04-01,49050.0
H14301-04-01,43800.0
H14301-04-02,46700.0
H14302-04-01,68200.0
H14302-04-02,47400.0
H14302-04-03,25000.0
H14302-04-04,49700.0
H14303-04-01,42400.0
H14304-04-01,45900.0
H14304-04-02,84700.0
H14304-04-03,125200.0
H14304-04-04,110500.0
H14305-04-01,68800.0
H14306-04-01,49800.0
H14306-04-02,60600.0
H14307-04-01,79900.0
H14308-04-01,96000.0
H14308-04-02,48400.0
H14309-04-01,30400.0
H14309-04-02,24800.0
H14309-04-03,21800.0
H14309-04-04,64800.0
H14309-04-05,21600.0
H14310-04-01,27300.0
H14401-04-01,12900.0
H14402-04-01,34500.0
H14402-04-02,34200.0
H14403-04-01,38300.0
H14404-04-01,61900.0
H14404-04-02,23600.0
H14404-04-03,38800.0
H14405-04-01,37400.0
H14406-04-01,101100.0
H14407-04-01,30200.0
H14407-04-02,52800.0
H14408-04-01,52400.0
H14409-04-01,60700.0
H14410-04-02,129600.0
H14606-04-01,238200.0
H14612-04-01,1083900.0
H14801-04-01,16100.0
H14801-04-02,33900.0
H14802-04-01,55600.0
H14803-04-01,74100.0
H14804-04-01,66200.0
H14805-04-01,99900.0
H14806-04-01,29200.0
H14806-04-02,108600.0
H14806-04-03,44200.0
H14807-04-01,101200.0
H14807-04-02,28100.0
H14808-04-01,36900.0
H14808-04-02,25700.0
H14809-04-01,21500.0
H14810-04-01,97050.0
H14903-04-01,77300.0
H14903-04-02,63700.0
H14904-04-01,40650.0
H14906-04-01,25200.0
H14906-04-02,26200.0
H14907-04-01,63800.0
H14908-04-01,152200.0
H14910-04-01,448200.0
H15002-04-01,56100.0
H15003-04-01,73900.0
H15004-04-01,38400.0
H15005-04-01,20600.0
H15006-04-01,61100.0
H15007-04-01,93200.0
H15007-04-02,340300.0
H15008-04-01,44150.0
H15008-04-02,75200.0
H15009-04-01,155200.0
H15010-04-01,165800.0
H15101-04-01,153600.0
H15102-04-01,43000.0
H15102-04-02,127900.0
H15103-04-01,189600.0
H15104-04-01,64200.0
H15105-04-01,57200.0
H15106-04-01,51100.0
H15107-04-01,56600.0
H15108-04-01,179400.0
H15109-04-01,32800.0
H15109-04-02,289000.0
H15110-04-01,114500.0
H15301-04-01,47000.0
H15301-04-02,182300.0
H15302-04-01,166300.0
H15304-04-01,81900.0
H15305-04-01,66300.0
H15306-04-01,26700.0
H15308-04-01,58900.0
H15309-04-01,63300.0
H15309-04-02,60900.0
H15310-04-01,143400.0
H15502-04-01,185400.0
H15503-04-01,24200.0
H15504-04-01,42100.0
H15505-04-01,205200.0
H15505-04-02,138300.0
H15506-04-01,55000.0
H15508-04-01,44350.0
H15509-04-01,107100.0
H15510-04-01,71100.0
H15902-04-01,23100.0
H15903-04-01,114500.0
H15904-04-01,152100.0
H15905-04-01,114800.0
H15907-04-01,65400.0
H15907-04-02,22800.0
H15908-04-01,21600.0
H15909-04-01,147600.0
H15909-04-02,56100.0
H15909-04-03,94600.0
H15910-04-01,15800.0
H16201-04-01,14100.0
H16201-04-02,62000.0
H16202-04-01,11900.0
H16203-04-01,43800.0
H16204-04-01,77600.0
H16205-04-01,154800.0
H16206-04-01,46500.0
H16207-04-01,45500.0
H16208-04-01,447300.0
H16209-04-01,108900.0
H16210-04-01,84100.0
H16302-04-01,42350.0
H16304-04-01,203700.0
H16305-04-01,16200.0
H16305-04-02,19300.0
H16305-04-03,24600.0
H16306-04-01,331600.0
H16307-04-01,38100.0
H16308-04-01,183600.0
H16308-04-02,44500.0
H16309-04-01,24900.0
H16310-04-01,94400.0
H16401-04-01,115200.0
H16402-04-01,58900.0
H16403-04-01,24700.0
H16404-04-01,92400.0
H16405-04-01,165700.0
H16405-04-02,49500.0
H16406-04-01,59400.0
H16407-04-01,50000.0
H16407-04-02,81200.0
H16407-04-03,108400.0
H16408-04-01,37000.0
H16409-04-01,176500.0
H16409-04-02,66400.0
H16409-04-03,187000.0
H16409-04-04,111500.0
H16410-04-01,93800.0
H16501-04-01,100850.0
H16501-04-02,61900.0
H16502-04-01,43200.0
H16503-04-01,52900.0
H16505-04-01,125300.0
H16505-04-02,16400.0
H16505-04-03,70900.0
H16506-04-01,104400.0
H16507-04-01,53200.0
H16508-04-01,79300.0
H16509-04-01,367400.0
H16510-04-01,40800.0
H16604-04-01,62200.0
H16604-04-02,96800.0
H16606-04-01,33000.0
H16607-04-01,88900.0
H16609-04-01,188600.0
H16611-04-01,210300.0
H16701-04-01,59300.0
H16702-04-01,172400.0
H16703-04-01,53150.0
H16703-04-02,38800.0
H16704-04-01,50100.0
H16704-04-02,64200.0
H16705-04-01,164200.0
H16707-04-01,60800.0
H16708-04-01,78900.0
H16709-04-01,31500.0
H16710-04-01,203400.0
H16802-04-01,48700.0
H16803-04-01,465800.0
H16804-04-01,84900.0
H16804-04-03,47100.0
H16806-04-01,56100.0
H16806-04-02,57400.0
H16807-04-01,88500.0
H16808-04-01,38100.0
H16809-04-01,99300.0
H16809-04-02,69000.0
H16809-04-03,76200.0
H16810-04-01,181000.0
H17002-04-01,420800.0
H17003-04-01,144300.0
H17005-04-01,72800.0
H17006-04-01,74000.0
H17007-04-01,22200.0
H17007-04-02,27900.0
H17008-04-01,49800.0
H17009-04-01,63200.0
H17009-04-02,61700.0
H17010-04-01,297800.0
H17010-04-02,320500.0
H17101-04-01,15100.0
H17102-04-01,71700.0
H17103-04-01,289400.0
H17105-04-01,19900.0
H17107-04-01,14900.0
H17108-04-01,71600.0
H17109-04-01,129400.0
H17110-04-01,167000.0
H17201-04-01,136900.0
H17201-04-02,91400.0
H17201-04-03,34600.0
H17202-04-01,79800.0
H17203-04-01,37100.0
H17204-04-01,82200.0
H17205-04-01,84600.0
H17206-04-01,263800.0
H17207-04-01,183400.0
H17207-04-02,49600.0
H17208-04-01,36800.0
H17210-04-01,111300.0
H17301-04-01,56300.0
H17302-04-01,81000.0
H17308-04-01,115100.0
H17309-04-01,30900.0
H17310-04-01,98200.0
H17401-04-01,191000.0
H17401-04-02,79800.0
H17403-04-01,35850.0
H17404-04-01,129800.0
H17405-04-01,15600.0
H17406-04-01,102900.0
H17406-04-03,74100.0
H17408-04-01,171100.0
H17409-04-01,163500.0
H17410-04-01,180900.0
H17502-04-01,201800.0
H17503-04-01,253900.0
H17504-04-02,84100.0
H17506-04-01,377300.0
H17507-04-01,58700.0
H17508-04-01,11100.0
H17509-04-01,169200.0
H17511-04-01,209700.0
H17511-04-02,36000.0
H17511-04-03,44750.0
H17601-04-01,88500.0
H17602-04-01,69100.0
H17604-04-01,87250.0
H17605-04-01,133500.0
H17606-04-01,65400.0
H17608-04-01,60200.0
H17608-04-02,141200.0
H17609-04-01,70300.0
H17610-04-01,253100.0
H17701-04-01,22100.0
H17703-04-01,34900.0
H17704-04-01,71100.0
H17705-04-02,132700.0
H17707-04-02,40200.0
H17707-04-03,60100.0
H17707-04-04,66400.0
H17708-04-01,167800.0
H17708-04-02,32900.0
H17709-04-01,70000.0
H17710-04-01,127700.0
H18001-04-01,131200.0
H18001-04-02,94800.0
H18005-04-01,170600.0
H18007-04-01,569800.0
H18010-04-01,207500.0
H18011-04-01,675900.0
H18012-04-01,235100.0
H18013-04-01,199400.0
H18101-04-01,49300.0
H18102-04-01,85400.0
H18103-04-01,136500.0
H18103-04-02,203200.0
H18103-04-03,51900.0
H18104-04-01,51000.0
H18104-04-02,49000.0
H18104-04-03,33000.0
H18104-04-04,79600.0
H18105-04-01,105500.0
H18106-04-01,51600.0
H18107-04-01,63400.0
H18108-04-01,135100.0
H18109-04-01,59300.0
H18110-04-01,155400.0
H18201-04-01,56500.0
H18202-04-02,53700.0
H18202-04-03,48700.0
H18202-04-04,98000.0
H18202-04-05,65000.0
H18202-04-06,54700.0
H18203-04-01,100100.0
H18204-04-01,32700.0
H18204-04-02,57400.0
H18205-04-01,71000.0
H18205-04-02,73400.0
H18206-04-01,199100.0
H18206-04-02,95900.0
H18207-04-01,101600.0
H18207-04-02,49200.0
H18208-04-01,142400.0
H18209-04-01,61000.0
H18209-04-02,74790.0
H18210-04-01,317600.0
H18210-04-02,163000.0
H18210-04-03,35050.0
H18210-04-04,261000.0
H18210-04-05,362700.0
H18301-04-01,71700.0
H18301-04-02,51400.0
H18301-04-03,48800.0
H18301-04-04,66800.0
H18301-04-05,46028.0
H18301-04-06,192000.0
H18301-04-07,112700.0
H18302-04-01,14900.0
H18303-04-01,87400.0
H18305-04-01,114700.0
H18306-04-01,28500.0
H18307-04-01,83000.0
H18308-04-01,60900.0
H18309-04-01,42500.0
H18311-04-01,202400.0
H18311-04-02,145300.0
H18601-04-01,108900.0
H18601-04-02,64900.0
H18601-04-03,128300.0
H18601-04-04,207400.0
H18602-04-01,48400.0
H18603-04-01,167200.0
H18604-04-01,74500.0
H18605-04-01,109700.0
H18606-04-01,222900.0
H18607-04-01,209100.0
H18608-04-01,59400.0
H18609-04-01,166550.0
H18610-04-01,308000.0
H18708-04-01,71900.0
H18712-04-01,187800.0
H18801-04-01,121800.0
H18801-04-02,54500.0
H18802-04-01,94700.0
H18803-04-01,51200.0
H18804-04-01,55000.0
H18805-04-01,176500.0
H18806-04-01,78600.0
H18806-04-02,41200.0
H18806-04-03,206200.0
H18807-04-01,125600.0
H18807-04-02,90500.0
H18808-04-01,108300.0
H18808-04-02,38100.0
H18808-04-03,58600.0
H18809-04-01,141700.0
H18810-04-01,111200.0
H18901-04-01,7750.0
H18902-04-01,54200.0
H18904-04-01,57100.0
H18905-04-01,42500.0
H18907-04-01,54400.0
H18908-04-01,61000.0
H18909-04-01,127900.0
H18910-04-01,71900.0
H19001-04-01,88700.0
H19001-04-02,89600.0
H19002-04-01,153600.0
H19004-04-01,55250.0
H19005-04-01,76600.0
H19006-04-01,41100.0
H19007-04-01,41300.0
H19008-04-01,73200.0
H19008-04-02,49500.0
H19008-04-03,85000.0
H19008-04-04,58200.0
H19009-04-01,132100.0
H19010-04-01,112900.0
H19101-04-01,42700.0
H19102-04-01,189800.0
H19103-04-01,72400.0
H19104-04-01,53200.0
H19105-04-01,47900.0
H19106-04-01,163000.0
H19107-04-01,59200.0
H19107-04-02,31500.0
H19107-04-03,67200.0
H19108-04-01,30000.0
H19108-04-02,90600.0
H19108-04-03,42400.0
H19109-04-01,68300.0
H19110-04-01,50700.0
H19201-04-01,259800.0
H19203-04-01,357700.0
H19204-04-01,81800.0
H19205-04-01,26700.0
H19205-04-03,48700.0
H19206-04-01,8700.0
H19207-04-01,563900.0
H19208-04-01,208800.0
H19210-04-01,67700.0
H19211-04-01,21800.0
H19212-04-01,76200.0
H19212-04-02,38500.0
H19212-04-03,242000.0
H19401-04-01,57800.0
H19402-04-01,73100.0
H19404-04-01,120900.0
H19406-04-01,128900.0
H19407-04-01,97500.0
H19409-04-01,88700.0
H19501-04-01,33000.0
H19502-04-01,21200.0
H19504-04-01,35900.0
H19504-04-02,48100.0
H19505-04-01,33300.0
H19506-04-01,22500.0
H19507-04-01,85300.0
H19508-04-01,27500.0
H19509-04-01,132200.0
H19510-04-01,37700.0
H19602-04-01,208000.0
H19602-04-02,66600.0
H19603-04-01,624300.0
H19604-04-01,99500.0
H19605-04-01,119700.0
H19607-04-01,35300.0
H19607-04-02,49700.0
H19607-04-03,220800.0
H19608-04-01,61700.0
H19609-04-01,49500.0
H19610-04-01,388700.0
H19702-04-01,33100.0
H19702-04-02,461000.0
H19702-04-03,189800.0
H19702-04-04,203000.0
H19703-04-01,78400.0
H19703-04-02,42600.0
H19704-04-01,93400.0
H19705-04-01,83600.0
H19707-04-01,71500.0
H19708-04-01,65700.0
H19709-04-01,28400.0
H19710-04-01,163000.0
H19711-04-01,57500.0
H20002-04-01,47500.0
H20003-04-01,96500.0
H20004-04-01,120300.0
H20005-04-01,418900.0
H20005-04-02,116050.0
H20006-04-01,11600.0
H20007-04-01,34800.0
H20009-04-01,145000.0
H20010-04-01,51600.0
H20010-04-02,28300.0
H20010-04-03,352600.0
H20011-04-01,61300.0
H20201-04-01,133800.0
H20202-04-01,225100.0
H20203-04-01,46400.0
H20203-04-02,48300.0
H20205-04-01,57550.0
H20206-04-01,80900.0
H20207-04-01,105600.0
H20207-04-02,77100.0
H20208-04-01,25200.0
H20209-04-01,43200.0
H20210-04-01,12000.0
H20210-04-02,23500.0
H20210-04-03,37500.0
H20301-04-01,16300.0
H20302-04-01,29800.0
H20303-04-01,36800.0
H20304-04-01,41400.0
H20305-04-01,28800.0
H20306-04-01,34100.0
H20307-04-01,44500.0
H20309-04-01,15300.0
H20310-04-01,33000.0
H20310-04-02,73900.0
H20401-04-01,43700.0
H20402-04-01,41800.0
H20403-04-01,102700.0
H20404-04-01,10000.0
H20406-04-01,59700.0
H20407-04-01,112900.0
H20408-04-01,32200.0
H20409-04-01,27300.0
H20411-04-01,71000.0
H20503-04-01,103000.0
H20504-04-01,184300.0
H20505-04-01,112600.0
H20507-04-01,283800.0
H20507-04-02,306300.0
H20508-04-01,269300.0
H20509-04-01,51700.0
H20510-04-01,183700.0
H20601-04-01,76600.0
H20601-04-02,30000.0
H20602-04-01,307600.0
H20603-04-01,72000.0
H20603-04-02,250500.0
H20603-04-03,93400.0
H20604-04-01,153800.0
H20606-04-01,102300.0
H20606-04-02,88500.0
H20607-04-01,54300.0
H20608-04-01,76250.0
H20609-04-02,95900.0
H20610-04-02,61900.0
H20610-04-03,64100.0
H20610-04-04,69400.0
H20611-04-02,600800.0
H20801-04-01,149300.0
H20802-04-01,151800.0
H20803-04-01,76500.0
H20804-04-01,69300.0
H20805-04-01,73700.0
H20805-04-02,23100.0
H20807-04-01,79500.0
H20809-04-01,123500.0
H20810-04-01,465000.0
H20811-04-01,66400.0
H20811-04-02,78600.0
H20811-04-03,63708.0
H20811-04-04,61050.0
H20811-04-05,60300.0
H20901-04-01,8000.0
H20902-04-01,75800.0
H20903-04-02,198300.0
H20903-04-03,82300.0
H20904-04-01,35900.0
H20905-04-01,45000.0
H20905-04-02,74800.0
H20906-04-01,322200.0
H20906-04-03,93000.0
H20907-04-01,64700.0
H20908-04-01,118900.0
H20908-04-02,345200.0
H20909-04-01,213200.0
H20910-04-01,79900.0
H21101-04-01,92500.0
H21102-04-01,1068500.0
H21102-04-02,97500.0
H21103-04-01,32400.0
H21105-04-01,228900.0
H21106-04-01,88900.0
H21107-04-01,128000.0
H21108-04-01,204100.0
H21109-04-01,526900.0
H21110-04-01,137600.0
H21401-04-01,34200.0
H21401-04-02,26600.0
H21402-04-01,23000.0
H21403-04-01,11400.0
H21404-04-01,6000.0
H21405-04-01,10600.0
H21406-04-01,38700.0
H21407-04-01,78400.0
H21408-04-01,28200.0
H21409-04-01,29300.0
H21410-04-01,20500.0
H21501-04-01,16600.0
H21502-04-01,11000.0
H21503-04-01,21400.0
H21505-04-01,11200.0
H21506-04-01,30100.0
H21507-04-01,6900.0
H21509-04-01,90500.0
H21510-04-01,14200.0
H21601-04-01,20500.0
H21602-04-01,42200.0
H21608-04-01,17000.0
H21609-04-01,53200.0
H21610-04-01,12200.0
H21612-04-01,32100.0
H21612-04-02,27500.0
H21701-04-01,52000.0
H21703-04-01,20800.0
H21704-04-01,10000.0
H21706-04-01,29700.0
H21708-04-01,47200.0
H21709-04-01,59100.0
H21710-04-01,20100.0
H21711-04-01,31400.0
H22001-04-01,257100.0
H22002-04-01,537200.0
H22003-04-01,1051100.0
H22004-04-01,279000.0
H22004-04-03,267100.0
H22004-04-04,51300.0
H22004-04-05,252800.0
H22006-04-01,48700.0
H22014-04-01,175100.0
H22101-04-01,44100.0
H22101-04-02,82300.0
H22101-04-03,13100.0
H22102-04-02,68200.0
H22103-04-01,70000.0
H22105-04-01,22100.0
H22106-04-01,41000.0
H22109-04-01,88200.0
H22110-04-01,122700.0
H22110-04-02,226500.0
H22110-04-03,53900.0
H22110-04-04,69600.0
H22110-04-05,65700.0
H22110-04-06,111300.0
H22111-04-01,112700.0
H22301-04-01,735100.0
H22302-04-01,43600.0
H22303-04-01,30800.0
H22303-04-02,171100.0
H22303-04-03,176300.0
H22303-04-04,69000.0
H22305-04-01,84200.0
H22306-04-01,94600.0
H22307-04-01,87100.0
H22308-04-01,109900.0
H22309-04-01,125200.0
H22309-04-02,61500.0
H22310-04-01,625000.0
H22401-04-01,116000.0
H22401-04-02,113200.0
H22404-04-01,66500.0
H22406-04-01,129200.0
H22407-04-01,274400.0
H22407-04-02,210000.0
H22407-04-03,297250.0
H22408-04-01,185150.0
H22409-04-01,261700.0
H22410-04-01,507600.0
H22501-04-01,37100.0
H22502-04-01,48000.0
H22502-04-02,35100.0
H22503-04-01,160900.0
H22503-04-02,75700.0
H22504-04-01,414800.0
H22505-04-01,113200.0
H22506-04-01,94700.0
H22507-04-01,47500.0
H22509-04-01,423100.0
H22510-04-01,198900.0
H22802-04-01,121800.0
H22803-04-01,20900.0
H22805-04-01,39100.0
H22806-04-01,80600.0
H22807-04-01,46800.0
H23101-04-01,109900.0
H23102-04-01,130300.0
H23103-04-01,55200.0
H23103-04-02,95300.0
H23104-04-01,108500.0
H23104-04-02,45600.0
H23105-04-01,61900.0
H23106-04-01,53300.0
H23107-04-01,61500.0
H23108-04-01,129600.0
H23109-04-01,166300.0
H23109-04-02,44450.0
H23109-04-03,195200.0
H23110-04-01,106100.0
H23301-04-01,6000.0
H23302-04-01,34000.0
H23303-04-01,12000.0
H23304-04-01,14300.0
H23306-04-01,5500.0
H23307-04-01,50950.0
H23308-04-01,55500.0
H23310-04-01,28750.0
H23312-04-01,44500.0
H23401-04-01,22600.0
H23402-04-01,11800.0
H23404-04-01,1200.0
H23404-04-02,103100.0
H23405-04-01,26200.0
H23406-04-01,22500.0
H23407-04-01,32800.0
H23407-04-02,38900.0
H23408-04-01,30500.0
H23410-04-01,42000.0
H23411-04-01,45500.0
H23412-04-01,11100.0
H23502-04-01,42000.0
H23503-04-01,59000.0
H23503-04-02,59900.0
H23503-04-03,43800.0
H23503-04-04,35400.0
H23504-04-01,40600.0
H23505-04-01,128900.0
H23506-04-01,52300.0
H23506-04-02,51400.0
H23507-04-01,45500.0
H23508-04-01,31800.0
H23509-04-01,58300.0
H23509-04-02,274300.0
H23509-04-03,39100.0
H23510-04-01,63000.0
H23510-04-02,44800.0
H23513-04-01,335000.0
H23601-04-01,28300.0
H23601-04-02,17800.0
H23601-04-03,31500.0
H23603-04-01,136900.0
H23604-04-01,13800.0
H23605-04-01,27400.0
H23606-04-01,118200.0
H23607-04-01,29100.0
H23607-04-02,67400.0
H23607-04-03,108700.0
H23607-04-04,53300.0
H23607-04-05,118300.0
H23608-04-01,28500.0
H23610-04-01,11200.0
H23701-04-01,33000.0
H23701-04-02,44500.0
H23702-04-01,29900.0
H23703-04-01,145600.0
H23705-04-01,52000.0
H23707-04-01,72900.0
H23708-04-01,92700.0
H23708-04-02,115200.0
H23708-04-03,253200.0
H23709-04-01,43800.0
H23710-04-01,24800.0
H23710-04-02,10600.0
H23801-04-01,195100.0
H23802-04-01,48400.0
H23804-04-01,39900.0
H23806-04-01,231300.0
H23806-04-02,71900.0
H23808-04-01,103800.0
H23809-04-01,36800.0
H23810-04-01,62800.0
H23811-04-01,101600.0
H23812-04-01,44500.0
H23813-04-01,81900.0
H23901-04-01,59300.0
H23902-04-01,38100.0
H23903-04-01,25900.0
H23904-04-01,33100.0
H23905-04-01,41100.0
H23905-04-02,16800.0
H23906-04-01,171000.0
H23907-04-01,37000.0
H23908-04-01,32000.0
H23909-04-01,37700.0
H24201-04-01,25800.0
H24202-04-01,40000.0
H24203-04-01,156700.0
H24203-04-02,27100.0
H24204-04-01,33400.0
H24205-04-01,16200.0
H24205-04-02,25100.0
H24206-04-01,51100.0
H24207-04-01,46100.0
H24208-04-01,61100.0
H24209-04-01,71300.0
H24209-04-02,20700.0
H24210-04-01,38800.0
H24210-04-02,35500.0
H24401-04-01,47500.0
H24401-04-02,45700.0
H24401-04-03,22700.0
H24403-04-01,85800.0
H24403-04-02,58000.0
H24407-04-01,125500.0
H24408-04-01,20800.0
H24409-04-01,42400.0
H24411-04-01,108700.0
H24502-04-01,23000.0
H24505-04-01,137900.0
H24506-04-01,29400.0
H24506-04-02,8000.0
H24507-04-01,23200.0
H24509-04-01,76700.0
H24510-04-01,182900.0
H24511-04-01,62200.0
H24512-04-01,11200.0
H24601-04-01,11500.0
H24603-04-01,34900.0
H24604-04-01,5500.0
H24605-04-01,12000.0
H24606-04-01,24500.0
H24608-04-01,10900.0
H24610-04-01,50900.0
H24801-04-01,4500.0
H24802-04-01,61500.0
H24802-04-02,43000.0
H24803-04-01,28000.0
H24804-04-01,15300.0
H24805-04-01,87600.0
H24806-04-01,57200.0
H24808-04-01,24400.0
H24809-04-01,69400.0
H24811-04-01,80300.0
H25001-04-01,122500.0
H25002-04-01,29600.0
H25003-04-01,123500.0
H25004-04-01,75700.0
H25005-04-01,88800.0
H25006-04-01,9500.0
H25008-04-01,29200.0
H25009-04-01,34400.0
H25011-04-01,24300.0
H25201-04-01,112800.0
H25201-04-02,86700.0
H25202-04-01,27700.0
H25203-04-01,90900.0
H25204-04-01,61400.0
H25204-04-02,51300.0
H25207-04-01,149250.0
H25208-04-01,143100.0
H25209-04-01,235400.0
H25210-04-01,110600.0
H25401-04-01,35500.0
H25402-04-01,52100.0
H25402-04-02,102000.0
H25403-04-01,64900.0
H25403-04-02,19800.0
H25404-04-01,107950.0
H25406-04-01,130300.0
H25407-04-01,134000.0
H25408-04-01,132200.0
H25408-04-02,225000.0
H25409-04-01,217800.0
H25409-04-02,54200.0
H25409-04-03,33900.0
H25410-04-01,118700.0
H25410-04-02,54300.0
H25601-04-01,75500.0
H25602-04-01,65600.0
H25603-04-01,87200.0
H25605-04-01,52900.0
H25606-04-01,7900.0
H25607-04-01,123600.0
H25608-04-01,60800.0
H25609-04-01,166200.0
H25609-04-02,89700.0
H25609-04-04,59900.0
H25609-04-05,345100.0
H25609-04-06,259900.0
H25609-04-07,82600.0
H25610-04-01,59800.0
H25610-04-02,112400.0
H25610-04-03,76300.0
H25701-04-01,187700.0
H25702-04-01,100600.0
H25702-04-02,92100.0
H25703-04-02,128800.0
H25703-04-03,168200.0
H25704-04-01,59800.0
H25705-04-01,118600.0
H25705-04-02,106200.0
H25706-04-01,418500.0
H25706-04-02,470450.0
H25706-04-03,348000.0
H25706-04-04,641700.0
H25707-04-01,198000.0
H25708-04-01,94000.0
H25709-04-01,164300.0
H25901-04-01,245200.0
H25902-04-01,119700.0
H25903-04-01,181200.0
H25903-04-02,64300.0
H25903-04-03,63300.0
H25903-04-04,87100.0
H25903-04-05,1494000.0
H25904-04-01,81000.0
H25905-04-01,118300.0
H25906-04-01,88700.0
H25906-04-02,29000.0
H25907-04-01,195700.0
H25908-04-01,49500.0
H25909-04-01,232200.0
H25910-04-01,524907.0
H25910-04-02,308600.0
H25910-04-03,140600.0
H26008-04-01,76600.0
H26009-04-01,177000.0
H26009-04-02,134100.0
H26009-04-03,95200.0
H26009-04-04,79100.0
H26009-04-05,58400.0
H26009-04-06,180100.0
H26010-04-01,128700.0
H26012-04-01,165700.0
H26102-04-02,58000.0
H26106-04-01,69200.0
H26106-04-02,49000.0
H26107-04-01,43300.0
H26108-04-01,100200.0
H26109-04-01,44900.0
H26110-04-01,121900.0
H26111-04-01,162500.0
H26201-04-01,225600.0
H26201-04-03,75500.0
H26202-04-01,199400.0
H26203-04-01,304300.0
H26203-04-02,137600.0
H26204-04-01,167200.0
H26205-04-01,58900.0
H26206-04-01,242300.0
H26206-04-02,85300.0
H26207-04-01,211900.0
H26208-04-01,140500.0
H26209-04-01,174300.0
H26209-04-02,96450.0
H26209-04-03,103700.0
H26209-04-04,133900.0
H26209-04-05,142600.0
H26210-04-01,192600.0
H26302-04-01,32300.0
H26304-04-01,64400.0
H26305-04-01,90100.0
H26306-04-01,80500.0
H26307-04-01,932900.0
H26308-04-01,57500.0
H26309-04-01,163600.0
H26311-04-01,118250.0
H26403-04-01,30000.0
H26405-04-01,73900.0
H26406-04-01,209400.0
H26407-04-01,120600.0
H26410-04-01,147600.0
H26411-04-01,210900.0
H26411-04-03,86500.0
H26411-04-04,26200.0
H26416-04-01,192800.0
H26501-04-01,45800.0
H26502-04-01,117000.0
H26502-04-02,40800.0
H26502-04-03,14800.0
H26503-04-01,37500.0
H26504-04-01,29600.0
H26505-04-01,54400.0
H26506-04-01,146300.0
H26507-04-01,537600.0
H26509-04-01,173000.0
H26511-04-01,154700.0
H26511-04-02,61400.0
H26602-04-01,70300.0
H26602-04-02,125300.0
H26603-04-01,65000.0
H26603-04-02,56400.0
H26603-04-03,47200.0
H26604-04-01,92500.0
H26605-04-01,74000.0
H26607-04-01,139200.0
H26608-04-01,67500.0
H26609-04-01,73400.0
H26610-04-01,266800.0
H27004-04-01,160400.0
H27005-04-01,204400.0
H27006-04-01,334900.0
H27006-04-02,284400.0
H27007-04-01,99300.0
H27008-04-01,119700.0
H27010-04-01,1393500.0
H27010-04-02,172800.0
H27010-04-03,664100.0
H27102-04-01,184500.0
H27103-04-01,78900.0
H27104-04-01,181900.0
H27106-04-01,73500.0
H27106-04-02,51300.0
H27106-04-03,23900.0
H27107-04-01,201300.0
H27108-04-01,337200.0
H27110-04-01,256900.0
H27401-04-01,26300.0
H27402-04-01,117300.0
H27402-04-02,100300.0
H27403-04-01,172300.0
H27404-04-01,68900.0
H27404-04-02,86400.0
H27406-04-01,166000.0
H27407-04-01,111200.0
H27408-04-01,99500.0
H27409-04-01,114900.0
H27410-04-01,210100.0
H27801-04-01,82100.0
H27802-04-01,92500.0
H27803-04-01,110300.0
H27804-04-01,68300.0
H27805-04-01,33500.0
H27805-04-02,42000.0
H27806-04-01,76900.0
H27806-04-02,89200.0
H27807-04-01,179600.0
H27808-04-01,136300.0
H27808-04-02,122000.0
H27810-04-01,106700.0
H27901-04-01,372600.0
H27902-04-01,136300.0
H27903-04-01,156500.0
H27904-04-01,66000.0
H27905-04-01,124800.0
H27906-04-01,175400.0
H27907-04-01,274400.0
H27907-04-02,121000.0
H27908-04-01,95000.0
H27908-04-02,118500.0
H27909-04-01,198600.0
H27910-04-01,233900.0
H28003-04-01,539000.0
H28006-04-01,226100.0
H28007-04-01,240600.0
H28102-04-01,103100.0
H28104-04-01,260150.0
H28105-04-01,115500.0
H28106-04-01,335250.0
H28107-04-01,129900.0
H28108-04-01,202600.0
H28108-04-02,263200.0
H28109-04-01,90360.0
H28109-04-02,355600.0
H28110-04-01,239900.0
H28202-04-01,214500.0
H28205-04-01,45100.0
H28205-04-02,32400.0
H28206-04-01,112300.0
H28206-04-02,27500.0
H28207-04-01,103500.0
H28207-04-02,23900.0
H28209-04-01,63800.0
H28210-04-01,105000.0
H28211-04-01,98400.0
H28307-04-01,86900.0
H28309-04-01,398500.0
H28310-04-01,207200.0
H28501-04-01,61500.0
H28502-04-01,55300.0
H28503-04-01,29500.0
H28504-04-01,15700.0
H28505-04-01,85500.0
H28505-04-02,307600.0
H28505-04-03,175300.0
H28506-04-01,61500.0
H28508-04-01,28500.0
H28509-04-01,27100.0
H28510-04-01,43000.0
H28511-04-01,50500.0
H28511-04-02,143400.0
H28702-04-01,185500.0
H28703-04-01,81700.0
H28705-04-01,122500.0
H28706-04-01,149700.0
H28709-04-01,126700.0
H28710-04-01,447100.0
H28803-04-01,249700.0
H28805-04-01,146500.0
H28807-04-01,185500.0
H28810-04-01,120600.0
H29002-04-01,52000.0
H29003-04-01,119800.0
H29004-04-01,71800.0
H29005-04-01,31800.0
H29006-04-01,54600.0
H29101-04-01,63500.0
H29202-04-01,516000.0
H29203-04-01,973200.0
H29205-04-01,542400.0
H29208-04-01,112500.0
H29209-04-01,396700.0
H29210-04-01,357600.0
H29210-04-02,2645800.0
H29401-04-01,120500.0
H29402-04-01,313500.0
H29403-04-01,336300.0
H29404-04-01,185700.0
H29405-04-01,133000.0
H29406-04-01,227300.0
H29407-04-01,305500.0
H29408-04-01,138800.0
H29409-04-01,651400.0
H29410-04-01,1449600.0
H29410-04-02,482800.0
H29501-04-01,80200.0
H29502-04-01,139900.0
H29503-04-01,26000.0
H29504-04-01,5800.0
H29505-04-01,121800.0
H29507-04-01,139000.0
H29508-04-01,76100.0
H29509-04-01,35700.0
H29511-04-01,41800.0
H29602-04-01,98000.0
H29602-04-02,62800.0
H29602-04-03,80700.0
H29603-04-01,227400.0
H29603-04-02,72900.0
H29604-04-01,77500.0
H29604-04-02,29300.0
H29604-04-03,66000.0
H29605-04-01,56000.0
H29606-04-01,11000.0
H29607-04-01,15000.0
H29608-04-01,27500.0
H29608-04-02,21400.0
H29609-04-01,78000.0
H29609-04-02,195600.0
H29610-04-01,293400.0
H29611-04-01,82000.0
H29701-04-01,46700.0
H29702-04-01,63800.0
H29702-04-02,67500.0
H29703-04-01,29300.0
H29704-04-01,183900.0
H29705-04-01,67800.0
H29706-04-01,91900.0
H29706-04-02,66200.0
H29706-04-03,188800.0
H29707-04-01,18000.0
H29707-04-02,108800.0
H29707-04-03,321100.0
H29707-04-04,34900.0
H29708-04-01,51100.0
H29709-04-01,79400.0
H29709-04-02,69600.0
H29710-04-01,322000.0
H29710-04-02,422300.0
H29710-04-03,404900.0
H29801-04-01,235900.0
H29802-04-01,160000.0
H29803-04-01,197000.0
H29803-04-02,131400.0
H29805-04-01,178100.0
H29806-04-01,225000.0
H29807-04-01,85800.0
H29807-04-02,112000.0
H29809-04-01,297000.0
H29810-04-01,199500.0
H29810-04-02,90600.0
H29901-04-01,159800.0
H29902-04-01,140600.0
H29902-04-02,58200.0
H29902-04-05,172200.0
H29902-04-06,51500.0
H29902-04-07,213100.0
H29903-04-01,47500.0
H29903-04-02,142900.0
H29904-04-01,73500.0
H29905-04-01,65500.0
H29906-04-01,19400.0
H29906-04-02,7200.0
H29907-04-01,122200.0
H29908-04-01,39500.0
H29908-04-02,182350.0
H29909-04-01,67300.0
H29909-04-02,66700.0
H29910-04-01,41500.0
H30002-04-01,153700.0
H30002-04-02,64900.0
H30006-04-01,86100.0
H30008-04-01,84100.0
H30008-04-02,852000.0
H30009-04-01,68200.0
H30010-04-01,674900.0
H30012-04-01,642300.0
H30302-04-01,53700.0
H30303-04-01,468300.0
H30304-04-01,80500.0
H30306-04-01,301400.0
H30307-04-01,37000.0
H30308-04-01,61400.0
H30309-04-01,339100.0
H30309-04-02,118000.0
H30309-04-03,248700.0
H30310-04-01,131700.0
H30402-04-01,875800.0
H30403-04-01,78100.0
H30404-04-01,204100.0
H30405-04-01,179600.0
H30406-04-01,149600.0
H30407-04-01,85800.0
H30408-04-01,66400.0
H30408-04-02,154200.0
H30409-04-01,101600.0
H30411-04-01,61300.0
H30412-04-01,110700.0
H30502-04-01,838300.0
H30502-04-02,466400.0
H30502-04-03,722600.0
H30503-04-01,401000.0
H30504-04-01,551600.0
H30505-04-01,93000.0
H30507-04-01,635000.0
H30509-04-01,173400.0
H30510-04-01,334500.0
H30511-04-01,368600.0
H30511-04-02,200800.0
H30511-04-03,105200.0
H30602-04-01,58600.0
H30603-04-01,48200.0
H30604-04-01,166200.0
H30605-04-01,35900.0
H30605-04-02,267100.0
H30605-04-03,79600.0
H30607-04-01,403400.0
H30608-04-01,75000.0
H30610-04-01,170300.0
H30701-04-01,49400.0
H30701-04-03,223600.0
H30701-04-04,140800.0
H30702-04-01,126600.0
H30702-04-02,73300.0
H30702-04-03,80900.0
H30703-04-01,23700.0
H30703-04-02,87800.0
H30704-04-01,89400.0
H30706-04-01,232600.0
H30706-04-03,63900.0
H30706-04-04,51300.0
H30707-04-01,83000.0
H30708-04-01,42150.0
H30709-04-01,82500.0
H30710-04-01,78300.0
H30802-04-01,117800.0
H30803-04-01,162200.0
H30805-04-01,30400.0
H30805-04-02,92400.0
H30806-04-01,92500.0
H30806-04-02,299500.0
H30807-04-01,19200.0
H30809-04-01,59500.0
H30810-04-01,62600.0
H30811-04-01,98600.0
H30901-04-01,87000.0
H30901-04-02,69300.0
H30903-04-01,158500.0
H30904-04-01,59600.0
H30905-04-01,77400.0
H30905-04-02,86600.0
H30906-04-01,88400.0
H30906-04-02,8200.0
H30907-04-01,62500.0
H30908-04-01,41600.0
H30909-04-01,67200.0
H30910-04-01,353000.0
H30910-04-02,74400.0
H30911-04-01,125600.0
H31001-04-01,152500.0
H31003-04-01,28000.0
H31004-04-01,68300.0
H31004-04-02,41800.0
H31005-04-02,321900.0
H31006-04-01,89000.0
H31007-04-01,50700.0
H31008-04-01,80900.0
H31010-04-01,80600.0
H31101-04-01,957400.0
H31101-04-02,299600.0
H31101-04-03,154700.0
H31102-04-01,124200.0
H31103-04-01,10300.0
H31105-04-01,57600.0
H31107-04-01,88700.0
H31108-04-01,31200.0
H31109-04-01,59500.0
H31109-04-02,54400.0
H31109-04-03,53200.0
H31110-04-01,106100.0
H31701-04-01,39300.0
H31702-04-01,74000.0
H31703-04-01,61100.0
H31703-04-02,268500.0
H31703-04-03,237600.0
H31704-04-01,787100.0
H31706-04-01,68800.0
H31706-04-02,61600.0
H31707-04-01,52200.0
H31708-04-01,251700.0
H31709-04-01,92000.0
H31710-04-01,126000.0
H31901-04-01,14600.0
H31902-04-01,236700.0
H31903-04-01,139300.0
H31904-04-01,125300.0
H31907-04-01,173100.0
H31908-04-01,87800.0
H31909-04-01,74800.0
H31910-04-01,158700.0
H32101-04-01,331500.0
H32102-04-01,56050.0
H32103-04-01,302400.0
H32104-04-01,60500.0
H32104-04-02,41100.0
H32105-04-01,141800.0
H32106-04-01,52900.0
H32106-04-02,889800.0
H32106-04-03,137400.0
H32106-04-04,162700.0
H32106-04-05,126800.0
H32108-04-01,106000.0
H32109-04-01,86000.0
H32201-04-01,62100.0
H32202-04-01,299100.0
H32203-04-01,141900.0
H32204-04-01,57800.0
H32205-04-01,63200.0
H32205-04-02,143900.0
H32206-04-01,132500.0
H32207-04-01,161700.0
H32209-04-01,207500.0
H32209-04-02,63000.0
H32401-04-01,309700.0
H32402-04-01,623400.0
H32403-04-01,176700.0
H32404-04-01,210700.0
H32405-04-01,407800.0
H32406-04-01,332300.0
H32407-04-01,123800.0
H32408-04-01,1037000.0
H32409-04-01,243300.0
H32410-04-01,193100.0
H32501-04-01,109800.0
H32502-04-01,82100.0
H32503-04-01,215400.0
H32504-04-01,332000.0
H32505-04-01,152400.0
H32506-04-01,319400.0
H32507-04-01,128000.0
H32508-04-01,200800.0
H32509-04-01,317700.0
H32510-04-01,145100.0
H32601-04-01,173000.0
H32602-04-01,707500.0
H32603-04-01,198100.0
H32604-04-01,163250.0
H32605-04-01,599000.0
H32606-04-01,160500.0
H32607-04-01,1061500.0
H32608-04-01,237500.0
H32609-04-01,397800.0
H32610-04-01,330000.0
H32701-04-01,716200.0
H32702-04-01,2835754.0
H32703-04-01,920000.0
H32704-04-01,312200.0
H32705-04-01,7215600.0
H32707-04-01,619300.0
H32708-04-01,1040700.0
H32709-04-01,468500.0
H32710-04-01,319800.0
H32801-04-01,300700.0
H32802-04-01,1388900.0
H32803-04-01,328200.0
H32804-04-01,392900.0
H32805-04-01,674500.0
H32806-04-01,1254600.0
H32807-04-01,406000.0
H32810-04-01,602100.0
H32901-04-01,1841400.0
H32902-04-01,465000.0
H32903-04-01,703200.0
H32904-04-01,173700.0
H32905-04-01,273700.0
H32906-04-01,279700.0
H32907-04-01,472800.0
H32908-04-01,217050.0
H32909-04-01,344600.0
H32910-04-01,75400.0
H33001-04-01,73400.0
H33002-04-01,610900.0
H33003-04-01,272700.0
H33004-04-01,168400.0
H33005-04-01,981500.0
H33008-04-01,62100.0
H33101-04-01,344300.0
H33102-04-01,274800.0
H33103-04-01,402400.0
H33104-04-01,83400.0
H33105-04-01,187300.0
H33106-04-01,125600.0
H33107-04-01,336700.0
H33109-04-01,387300.0
H33110-04-01,426900.0
H33201-04-01,603900.0
H33202-04-01,664500.0
H33203-04-01,720900.0
H33204-04-01,311800.0
H33205-04-01,167750.0
H33206-04-01,247900.0
H33208-04-01,582300.0
H33209-04-01,128500.0
H33210-04-01,1033900.0
H33301-04-01,775200.0
H33302-04-01,244000.0
H33303-04-01,695300.0
H33304-04-01,178100.0
H33305-04-01,326500.0
H33306-04-01,176000.0
H33307-04-01,387900.0
H33308-04-01,489000.0
H33309-04-01,171800.0
H33310-04-01,786500.0
H33401-04-01,837500.0
H33402-04-01,417100.0
H33403-04-01,333700.0
H33404-04-01,614000.0
H33405-04-01,887900.0
H33406-04-01,122000.0
H33407-04-01,494300.0
H33408-04-01,404700.0
H33410-04-01,119900.0
H33501-04-01,66500.0
H33502-04-01,47500.0
H33503-04-01,170700.0
H33504-04-01,100600.0
H33505-04-01,184800.0
H33506-04-01,335900.0
H33507-04-01,126600.0
H33508-04-01,137800.0
H33509-04-01,90000.0
H33510-04-01,82100.0
H33601-04-01,100900.0
H33602-04-01,144400.0
H33603-04-01,774700.0
H33604-04-01,243900.0
H33605-04-01,160900.0
H33606-04-01,160710.0
H33607-04-01,113950.0
H33608-04-01,94600.0
H33609-04-01,223900.0
H33610-04-01,183100.0
H33701-04-01,295450.0
H33702-04-01,435300.0
H33703-04-01,343400.0
H33704-04-01,102800.0
H33705-04-01,73400.0
H33706-04-01,132950.0
H33707-04-01,394400.0
H33708-04-01,229400.0
H33709-04-01,9300.0
H33710-04-01,87300.0
H33801-04-01,136200.0
H33802-04-01,88100.0
H33803-04-01,75200.0
H33804-04-01,155500.0
H33805-04-01,86900.0
H33806-04-01,123000.0
H33807-04-01,690500.0
H33808-04-01,175500.0
H33809-04-01,90400.0
H33810-04-01,67000.0
H33901-04-01,258700.0
H33902-04-01,67450.0
H33903-04-01,137000.0
H33904-04-01,163200.0
H33905-04-01,29500.0
H33906-04-01,64900.0
H33907-04-01,217400.0
H33908-04-01,402900.0
H33909-04-01,403400.0
H33910-04-01,107200.0
H34001-04-01,42700.0
H34002-04-01,813900.0
H34003-04-01,94800.0
H34004-04-01,251700.0
H34005-04-01,125600.0
H34006-04-01,75450.0
H34007-04-01,44300.0
H34008-04-01,187300.0
H34009-04-01,44300.0
H34010-04-01,68300.0
H34101-04-01,327000.0
H34102-04-01,90100.0
H34103-04-01,86300.0
H34104-04-01,379850.0
H34105-04-01,32250.0
H34106-04-01,45300.0
H34107-04-01,60700.0
H34108-04-01,25000.0
H34109-04-01,47700.0
H34110-04-01,105700.0
H34201-04-01,69800.0
H34202-04-01,56450.0
H34203-04-01,38100.0
H34204-04-01,814000.0
H34205-04-01,28100.0
H34206-04-01,68300.0
H34207-04-01,40600.0
H34208-04-01,58700.0
H34209-04-01,72700.0
H34210-04-01,263200.0
H34301-04-01,92000.0
H34302-04-01,138900.0
H34303-04-01,54800.0
H34304-04-01,90300.0
H34305-04-01,204000.0
H34306-04-01,187900.0
H34308-04-01,136600.0
H34309-04-01,25700.0
H34310-04-01,254900.0
H34401-04-02,81900.0
H34402-04-01,207550.0
H34403-04-01,98450.0
H34404-04-01,67200.0
H34405-04-01,110800.0
H34406-04-01,88900.0
H34407-04-01,26800.0
H34409-04-01,72300.0
H34410-04-01,75900.0
H34501-04-01,694900.0
H34502-04-01,344600.0
H34503-04-01,470500.0
H34504-04-01,234150.0
H34505-04-01,413400.0
H34506-04-01,154900.0
H34507-04-01,77900.0
H34508-04-01,205800.0
H34509-04-01,257700.0
H34510-04-01,254400.0
H34601-04-01,200300.0
H34602-04-01,279900.0
H34603-04-01,190500.0
H34604-04-01,219800.0
H34605-04-01,1061900.0
H34606-04-01,495700.0
H34607-04-01,295200.0
H34608-04-01,198200.0
H34609-04-01,53800.0
H34610-04-01,112400.0
H34701-04-01,679100.0
H34703-04-01,161900.0
H34704-04-01,147700.0
H34705-04-01,1534100.0
H34706-04-01,87700.0
H34707-04-01,1076600.0
H34708-04-01,220400.0
H34709-04-01,171400.0
H34710-04-01,677300.0
H34901-04-01,208800.0
H34902-04-01,111000.0
H34903-04-01,339700.0
H34904-04-01,102150.0
H34905-04-01,193000.0
H34906-04-01,511500.0
H34907-04-01,252100.0
H34908-04-01,169700.0
H34910-04-01,1096900.0
H35001-04-01,288900.0
H35002-04-01,162000.0
H35003-04-01,61000.0
H35004-04-01,114900.0
H35005-04-01,294300.0
H35006-04-01,144800.0
H35007-04-01,502200.0
H35008-04-01,248900.0
H35009-04-01,111300.0
H35010-04-01,52900.0
H35101-04-01,126700.0
H35102-04-01,104100.0
H35103-04-01,130000.0
H35104-04-01,146000.0
H35105-04-02,145600.0
H35106-04-01,207350.0
H35107-04-01,109300.0
H35108-04-01,118400.0
H35109-04-01,129700.0
H35110-04-01,170600.0
H35201-04-01,218900.0
H35202-04-01,99750.0
H35203-04-01,156900.0
H35204-04-01,230500.0
H35205-04-01,182900.0
H35206-04-01,194800.0
H35207-04-01,326100.0
H35208-04-01,346300.0
H35210-04-01,593075.0
H35301-04-01,279600.0
H35302-04-01,309550.0
H35303-04-01,134800.0
H35304-04-01,481200.0
H35305-04-01,152300.0
H35306-04-01,260600.0
H35307-04-01,67600.0
H35308-04-01,110750.0
H35309-04-01,170800.0
H35310-04-01,192400.0
H35401-04-01,208400.0
H35402-04-01,54900.0
H35403-04-01,329100.0
H35404-04-01,61900.0
H35405-04-01,68400.0
H35406-04-01,56400.0
H35407-04-01,217900.0
H35408-04-01,133100.0
H35409-04-01,114200.0
H35410-04-01,107500.0
H35501-04-01,194000.0
H35502-04-01,177600.0
H35503-04-01,92600.0
H35504-04-01,105900.0
H35505-04-01,435000.0
H35506-04-01,165000.0
H35507-04-01,164725.0
H35508-04-01,128600.0
H35509-04-02,163100.0
H35510-04-01,89300.0
H35601-04-01,115000.0
H35602-04-01,606400.0
H35603-04-01,247500.0
H35604-04-01,93200.0
H35605-04-01,159700.0
H35606-04-01,100700.0
H35607-04-01,68800.0
H35608-04-01,29100.0
H35609-04-01,34500.0
H35610-04-01,105500.0
H35701-04-01,139450.0
H35702-04-01,676000.0
H35703-04-01,393600.0
H35704-04-01,548200.0
H35705-04-01,108300.0
H35706-04-01,134300.0
H35707-04-01,130400.0
H35708-04-01,214800.0
H35709-04-01,155100.0
H35710-04-01,393900.0
H35801-04-01,110000.0
H35802-04-01,91000.0
H35803-04-01,52000.0
H35804-04-01,160900.0
H35805-04-01,65500.0
H35806-04-01,72000.0
H35807-04-01,36100.0
H35808-04-01,51800.0
H35809-04-01,110900.0
H35810-04-01,109700.0
H35901-04-01,45200.0
H35902-04-01,122300.0
H35903-04-01,59300.0
H35904-04-01,103100.0
H35905-04-01,130800.0
H35906-04-01,66800.0
H35907-04-01,26300.0
H35908-04-01,65500.0
H35909-04-01,24250.0
H35910-04-01,362600.0
H36001-04-01,80800.0
H36002-04-01,29200.0
H36003-04-01,77000.0
H36004-04-01,51900.0
H36005-04-01,36700.0
H36006-04-01,131400.0
H36007-04-01,43300.0
H36008-04-01,90600.0
H36009-04-01,58800.0
H36010-04-01,98400.0
H36101-04-01,147600.0
H36102-04-01,144300.0
H36103-04-01,169350.0
H36104-04-01,139100.0
H36105-04-01,86900.0
H36106-04-01,143600.0
H36107-04-01,124500.0
H36108-04-01,126800.0
H36109-04-01,154900.0
H36110-04-01,46400.0
H36201-04-01,258200.0
H36202-04-01,156900.0
H36203-04-01,96800.0
H36204-04-01,17400.0
H36205-04-01,127300.0
H36206-04-01,163200.0
H36207-04-01,105900.0
H36208-04-01,107100.0
H36209-04-01,108300.0
H36210-04-01,394600.0
H36301-04-01,306100.0
H36302-04-01,183600.0
H36303-04-01,210650.0
H36304-04-01,173400.0
H36305-04-01,538800.0
H36306-04-01,95700.0
H36307-04-01,295000.0
H36308-04-01,491200.0
H36309-04-01,197600.0
H36310-04-01,150400.0
H36401-04-01,20400.0
H36402-04-01,39800.0
H36403-04-01,111300.0
H36404-04-01,67400.0
H36405-04-01,76500.0
H36406-04-01,202700.0
H36407-04-01,39500.0
H36408-04-01,147400.0
H36409-04-01,40600.0
H36410-04-01,60700.0
H36501-04-01,151500.0
H36502-04-01,69100.0
H36503-04-01,84400.0
H36504-04-01,138800.0
H36505-04-01,57000.0
H36506-04-01,124600.0
H36507-04-01,72800.0
H36508-04-01,121100.0
H36509-04-01,113900.0
H36601-04-01,223600.0
H36602-04-01,50900.0
H36603-04-01,69700.0
H36604-04-01,118800.0
H36605-04-01,90800.0
H36606-04-01,58200.0
H36607-04-01,95950.0
H36608-04-01,174850.0
H36609-04-01,36300.0
H36610-04-01,62800.0
H36701-04-01,211900.0
H36702-04-01,68800.0
H36703-04-01,143000.0
H36704-04-01,67800.0
H36705-04-01,593900.0
H36706-04-01,13500.0
H36707-04-01,69500.0
H36708-04-01,43300.0
H36709-04-01,26800.0
H36710-04-01,58500.0
H36801-04-01,72100.0
H36802-04-01,58350.0
H36803-04-01,58400.0
H36804-04-01,27400.0
H36805-04-01,58800.0
H36806-04-01,125300.0
H36807-04-01,127000.0
H36809-04-01,59300.0
H36810-04-01,22600.0
H36901-04-01,140400.0
H36902-04-01,107600.0
H36903-04-01,461700.0
H36904-04-01,115100.0
H36905-04-01,116650.0
H36906-04-01,98200.0
H36907-04-01,91100.0
H36908-04-01,77800.0
H36909-04-01,65800.0
H36910-04-01,217000.0
H37001-04-01,335100.0
H37002-04-01,142100.0
H37003-04-01,83800.0
H37004-04-01,63200.0
H37005-04-01,252700.0
H37006-04-01,407200.0
H37007-04-01,193500.0
H37008-04-01,65200.0
H37009-04-01,115400.0
H37010-04-01,62800.0
H37101-04-01,79200.0
H37102-04-01,92000.0
H37103-04-01,37200.0
H37104-04-01,69100.0
H37105-04-01,54300.0
H37106-04-01,91600.0
H37107-04-01,52700.0
H37108-04-01,127800.0
H37109-04-01,35200.0
H37110-04-01,51800.0
H37201-04-01,73900.0
H37202-04-01,38900.0
H37203-04-01,65500.0
H37204-04-01,35200.0
H37205-04-01,44500.0
H37206-04-01,48800.0
H37207-04-01,80800.0
H37208-04-01,83200.0
H37209-04-01,142200.0
H37210-04-01,72900.0
H37301-04-01,93900.0
H37302-04-01,109200.0
H37303-04-01,78700.0
H37304-04-01,239800.0
H37305-04-01,90900.0
H37306-04-01,139500.0
H37307-04-01,30800.0
H37308-04-01,33300.0
H37309-04-01,11400.0
H37310-04-01,63400.0
H37401-04-01,122500.0
H37402-04-01,354800.0
H37403-04-01,7199500.0
H37404-04-01,162500.0
H37405-04-01,246600.0
H37406-04-01,35600.0
H37407-04-01,35700.0
H37408-04-01,42300.0
H37409-04-01,162700.0
H37410-04-01,95800.0
H37501-04-01,104400.0
H37502-04-01,88100.0
H37503-04-01,20900.0
H37504-04-01,21000.0
H37505-04-01,100100.0
H37506-04-01,73900.0
H37507-04-01,80000.0
H37508-04-01,143600.0
H37509-04-01,35000.0
H37510-04-01,187200.0
H37601-04-01,278500.0
H37602-04-02,134700.0
H37603-04-01,67200.0
H37604-04-01,39900.0
H37605-04-01,79300.0
H37606-04-01,80300.0
H37607-04-01,56700.0
H37608-04-01,100000.0
H37609-04-01,127000.0
H37610-04-01,76000.0
H37701-04-01,66300.0
H37702-04-01,109900.0
H37703-04-01,80400.0
H37704-04-01,91600.0
H37705-04-01,68100.0
H37706-04-01,40900.0
H37707-04-01,85700.0
H37708-04-01,65400.0
H37709-04-01,30400.0
H37710-04-01,106500.0
H37801-04-01,134400.0
H37802-04-01,34500.0
H37803-04-01,34600.0
H37804-04-01,101600.0
H37805-04-01,22900.0
H37806-04-01,50100.0
H37807-04-01,178600.0
H37808-04-01,79900.0
H37809-04-01,29500.0
H37810-04-01,56600.0
H37901-04-01,49000.0
H37902-04-01,76000.0
H37903-04-01,68600.0
H37905-04-01,53600.0
H37906-04-01,52900.0
H37907-04-01,15500.0
H37908-04-01,139700.0
H37909-04-01,37750.0
H37910-04-01,28400.0
H38001-04-01,60900.0
H38002-04-01,11600.0
H38003-04-01,46300.0
H38004-04-01,158800.0
H38006-04-01,64300.0
H38007-04-01,56900.0
H38008-04-01,42500.0
H38009-04-01,108500.0
H38010-04-01,401100.0
H38101-04-01,147900.0
H38102-04-01,120500.0
H38103-04-01,45300.0
H38104-04-01,121300.0
H38105-04-01,152500.0
H38106-04-01,33200.0
H38107-04-01,174300.0
H38108-04-01,59400.0
H38109-04-01,123200.0
H38110-04-01,77800.0
H38201-04-01,50600.0
H38202-04-01,92600.0
H38203-04-01,60400.0
H38204-04-01,64700.0
H38205-04-01,43400.0
H38206-04-01,92600.0
H38207-04-01,86000.0
H38208-04-01,83300.0
H38209-04-01,98900.0
H38210-04-01,118000.0
H38301-04-01,66900.0
H38302-04-01,84800.0
H38303-04-01,118200.0
H38304-04-01,76900.0
H38305-04-01,60300.0
H38308-04-01,44800.0
H38309-04-01,130050.0
H38310-04-01,67900.0
H38401-04-01,63900.0
H38402-04-01,19900.0
H38403-04-01,84800.0
H38404-04-01,77800.0
H38405-04-01,115300.0
H38406-04-01,45600.0
H38407-04-01,431400.0
H38408-04-01,71600.0
H38409-04-01,13000.0
H38410-04-01,93300.0
H38501-04-01,34400.0
H38502-04-01,21700.0
H38503-04-01,118400.0
H38504-04-01,103000.0
H38505-04-01,105200.0
H38506-04-01,91900.0
H38507-04-01,24800.0
H38508-04-01,107400.0
H38509-04-01,57000.0
H38510-04-01,183700.0
H38601-04-01,45800.0
H38602-04-01,52600.0
H38603-04-01,43400.0
H38604-04-01,74400.0
H38605-04-01,64600.0
H38606-04-01,46900.0
H38607-04-01,43100.0
H38608-04-01,29450.0
H38609-04-01,36100.0
H38610-04-01,34100.0
H38701-04-01,170300.0
H38702-04-01,66500.0
H38703-04-01,55400.0
H38704-04-01,17300.0
H38705-04-01,216800.0
H38706-04-01,40900.0
H38707-04-01,20800.0
H38708-04-01,13000.0
H38709-04-01,18200.0
H38710-04-01,44300.0
H38801-04-01,53200.0
H38802-04-01,33400.0
H38803-04-01,59800.0
H38804-04-01,128400.0
H38805-04-01,73500.0
H38806-04-01,29800.0
H38807-04-01,153300.0
H38808-04-01,39700.0
H38809-04-01,47800.0
H38901-04-01,126000.0
H38902-04-01,139050.0
H38903-04-01,167600.0
H38904-04-01,103600.0
H38905-04-01,353200.0
H38906-04-01,82700.0
H38907-04-01,755300.0
H38908-04-01,288600.0
H38909-04-01,317100.0
H38910-04-01,175700.0
H39001-04-01,22000.0
H39002-04-01,118300.0
H39003-04-01,146800.0
H39004-04-01,10700.0
H39005-04-01,54100.0
H39006-04-01,37200.0
H39007-04-01,30800.0
H39008-04-01,96300.0
H39009-04-01,37100.0
H39010-04-01,64600.0
H39101-04-01,57600.0
H39102-04-01,41100.0
H39103-04-01,68400.0
H39104-04-01,63600.0
H39105-04-01,26000.0
H39106-04-01,44300.0
H39107-04-01,56800.0
H39109-04-01,49200.0
H39110-04-01,44700.0
H39301-04-01,65300.0
H39302-04-01,98300.0
H39303-04-01,21800.0
H39304-04-01,47500.0
H39305-04-01,52100.0
H39307-04-01,31500.0
H39308-04-01,84500.0
H39309-04-01,80400.0
H39310-04-01,69500.0
H39401-04-01,24500.0
H39402-04-01,11000.0
H39403-04-01,165400.0
H39404-04-01,67300.0
H39405-04-01,250400.0
H39406-04-01,71700.0
H39407-04-01,38200.0
H39408-04-01,42600.0
H39409-04-01,273200.0
H39410-04-01,157900.0
H39501-04-01,204200.0
H39502-04-01,30100.0
H39503-04-01,108100.0
H39504-04-01,63200.0
H39505-04-01,189500.0
H39506-04-01,96100.0
H39507-04-01,71600.0
H39509-04-01,109600.0
H39510-04-01,67650.0
H39601-04-01,13000.0
H39602-04-01,15600.0
H39603-04-01,41000.0
H39604-04-01,12000.0
H39605-04-01,14750.0
H39606-04-01,36000.0
H39607-04-01,7000.0
H39608-04-01,23500.0
H39609-04-01,11200.0
H39610-04-01,6000.0
H39701-04-01,41800.0
H39702-04-01,15000.0
H39703-04-01,38800.0
H39704-04-01,50800.0
H39705-04-01,69200.0
H39706-04-01,34400.0
H39707-04-01,58800.0
H39708-04-01,52900.0
H39709-04-01,63600.0
H39710-04-01,60300.0
H39801-04-01,31000.0
H39802-04-01,68500.0
H39803-04-01,39800.0
H39804-04-01,94400.0
H39805-04-01,79850.0
H39806-04-01,37800.0
H39807-04-01,23400.0
H39808-04-01,79300.0
H39809-04-01,32200.0
H39810-04-01,106900.0
H39901-04-01,58500.0
H39902-04-01,74500.0
H39903-04-01,76800.0
H39904-04-01,21200.0
H39905-04-01,38900.0
H39906-04-01,42800.0
H39907-04-01,97800.0
H39908-04-01,24800.0
H39909-04-01,74700.0
H39910-04-01,49000.0
H40001-04-01,81200.0
H40002-04-01,32100.0
H40003-04-01,21600.0
H40004-04-01,38300.0
H40005-04-02,70750.0
H40006-04-01,30600.0
H40007-04-01,136400.0
H40008-04-01,44700.0
H40009-04-01,104100.0
H40010-04-01,42600.0
H40101-04-01,37000.0
H40102-04-01,39900.0
H40103-04-01,63600.0
H40104-04-01,73600.0
H40105-04-01,140400.0
H40106-04-01,50300.0
H40107-04-01,67600.0
H40108-04-01,136900.0
H40109-04-01,144800.0
H40110-04-01,32400.0
H40201-04-01,88700.0
H40202-04-01,140500.0
H40203-04-01,39800.0
H40204-04-01,76300.0
H40205-04-01,73300.0
H40206-04-01,72800.0
H40207-04-01,90500.0
H40208-04-01,75700.0
H40209-04-01,64200.0
H40210-04-01,73400.0
H40301-04-01,106000.0
H40302-04-01,73200.0
H40303-04-01,57200.0
H40304-04-01,38900.0
H40305-04-01,79600.0
H40306-04-01,95300.0
H40307-04-01,136900.0
H40308-04-01,52300.0
H40309-04-01,34100.0
H40310-04-01,55600.0
H40401-04-01,159900.0
H40402-04-01,45100.0
H40403-04-01,154200.0
H40404-04-01,248300.0
H40405-04-01,190000.0
H40406-04-01,109000.0
H40407-04-01,26100.0
H40408-04-01,27400.0
H40409-04-01,53500.0
H40410-04-01,66800.0
H40501-04-01,64500.0
H40502-04-01,24000.0
H40503-04-01,151700.0
H40504-04-01,81700.0
H40505-04-01,34850.0
H40506-04-01,174500.0
H40507-04-01,56300.0
H40508-04-01,94500.0
H40509-04-01,297400.0
H40510-04-01,64800.0
H40601-04-01,106200.0
H40602-04-01,178000.0
H40603-04-01,88200.0
H40604-04-01,120000.0
H40605-04-01,86600.0
H40607-04-01,30900.0
H40608-04-01,170200.0
H40609-04-01,164800.0
H40610-04-01,233400.0
H40701-04-01,69900.0
H40702-04-01,36100.0
H40703-04-01,145000.0
H40704-04-01,52300.0
H40705-04-01,19800.0
H40707-04-01,122000.0
H40708-04-01,16550.0
H40709-04-01,115600.0
H40710-04-01,94100.0
H40801-04-01,97500.0
H40802-04-01,239100.0
H40803-04-01,92400.0
H40804-04-01,114000.0
H40805-04-01,219400.0
H40806-04-01,133700.0
H40807-04-01,37600.0
H40808-04-01,122900.0
H40809-04-01,121300.0
H40810-04-01,238600.0
H40901-04-01,31500.0
H40902-04-01,161800.0
H40903-04-01,118100.0
H40904-04-01,478400.0
H40905-04-01,98500.0
H40906-04-01,269300.0
H40908-04-01,139100.0
H40909-04-01,84100.0
H40910-04-01,60500.0
H41001-04-01,123800.0
H41002-04-01,124800.0
H41003-04-01,70200.0
H41004-04-01,94500.0
H41005-04-01,102000.0
H41006-04-01,147000.0
H41007-04-01,104200.0
H41008-04-01,241400.0
H41009-04-01,118500.0
H41010-04-01,108700.0
H41101-04-01,153000.0
H41102-04-01,238500.0
H41103-04-01,38000.0
H41104-04-01,220700.0
H41106-04-01,646500.0
H41107-04-01,74400.0
H41108-04-01,314000.0
H41109-04-01,156800.0
H41110-04-01,140500.0
H41201-04-01,182900.0
H41202-04-01,596962.0
H41203-04-01,75900.0
H41204-04-01,237626.0
H41205-04-01,377500.0
H41206-04-01,250300.0
H41207-04-01,37200.0
H41208-04-01,125900.0
H41209-04-01,90600.0
H41210-04-01,56300.0
H41301-04-01,63400.0
H41302-04-01,68600.0
H41303-04-01,33700.0
H41304-04-01,66300.0
H41305-04-01,55600.0
H41306-04-01,21200.0
H41307-04-01,39200.0
H41308-04-01,28100.0
H41309-04-01,66300.0
H41310-04-01,91400.0
H41401-04-01,284000.0
H41402-04-01,144600.0
H41403-04-01,94000.0
H41404-04-01,57600.0
H41405-04-01,145400.0
H41406-04-01,84200.0
H41407-04-01,15400.0
H41408-04-01,71500.0
H41409-04-01,41000.0
H41410-04-01,97200.0
H41501-04-01,144700.0
H41502-04-01,48100.0
H41503-04-01,951300.0
H41504-04-01,331700.0
H41505-04-01,56700.0
H41508-04-01,110800.0
H41509-04-01,62300.0
H41510-04-01,161500.0
H41601-04-01,960200.0
H41602-04-01,185700.0
H41603-04-01,552500.0
H41604-04-01,594000.0
H41605-04-01,840700.0
H41606-04-01,497000.0
H41607-04-01,731700.0
H41609-04-01,309300.0
H41610-04-01,597000.0
H41701-04-01,21200.0
H41702-04-01,24000.0
H41703-04-01,54600.0
H41704-04-01,550100.0
H41705-04-01,57100.0
H41706-04-01,129800.0
H41707-04-01,56900.0
H41708-04-01,69500.0
H41709-04-01,33900.0
H41710-04-01,49500.0
H41801-04-01,63500.0
H41802-04-01,59300.0
H41803-04-01,55500.0
H41804-04-01,49000.0
H41805-04-01,48300.0
H41806-04-01,43700.0
H41807-04-01,74300.0
H41808-04-01,61700.0
H41809-04-01,72000.0
H41810-04-01,65100.0
H41901-04-01,118300.0
H41902-04-01,71300.0
H41903-04-01,73800.0
H41904-04-01,81700.0
H41905-04-01,53400.0
H41906-04-01,16700.0
H41907-04-01,34800.0
H41908-04-01,17400.0
H41909-04-01,48900.0
H41910-04-01,74350.0
H42001-04-01,241900.0
H42002-04-01,53500.0
H42003-04-01,103000.0
H42004-04-01,134500.0
H42006-04-01,86100.0
H42007-04-01,99600.0
H42008-04-01,90700.0
H42009-04-01,134400.0
H42010-04-01,59300.0
H42101-04-01,156900.0
H42102-04-01,147000.0
H42103-04-01,20300.0
H42104-04-01,664500.0
H42105-04-01,101700.0
H42106-04-01,43000.0
H42107-04-01,61300.0
H42108-04-01,158300.0
H42109-04-01,91400.0
H42110-04-01,62700.0
H42201-04-02,114500.0
H42202-04-01,55500.0
H42203-04-01,101900.0
H42204-04-01,144400.0
H42205-04-01,115700.0
H42206-04-01,75100.0
H42207-04-01,286400.0
H42208-04-01,35800.0
H42210-04-01,114200.0
H42301-04-01,124900.0
H42302-04-01,81200.0
H42303-04-01,47400.0
H42304-04-01,87200.0
H42305-04-01,8800.0
H42306-04-01,81400.0
H42307-04-01,100300.0
H42308-04-01,41700.0
H42309-04-01,28000.0
H42310-04-01,184000.0
H42401-04-01,61440.0
H42402-04-02,22700.0
H42403-04-01,59000.0
H42404-04-02,89500.0
H42405-04-01,291700.0
H42406-04-01,108100.0
H42407-04-01,569000.0
H42408-04-01,254300.0
H42409-04-01,216100.0
H42410-04-01,327100.0
H42501-04-01,65000.0
H42502-04-01,60600.0
H42503-04-01,394300.0
H42504-04-01,146600.0
H42505-04-01,92300.0
H42506-04-01,62800.0
H42507-04-01,43900.0
H42508-04-01,128500.0
H42509-04-01,75500.0
H42510-04-01,47600.0
H42601-04-01,100600.0
H42602-04-01,98700.0
H42603-04-01,162900.0
H42604-04-01,79700.0
H42605-04-01,171600.0
H42606-04-01,104500.0
H42607-04-01,143100.0
H42608-04-01,162400.0
H42609-04-01,79300.0
H42610-04-01,82100.0
H42701-04-01,31300.0
H42702-04-01,98500.0
H42703-04-01,151600.0
H42704-04-01,81100.0
H42705-04-01,66000.0
H42706-04-01,43400.0
H42707-04-01,86000.0
H42708-04-01,33400.0
H42709-04-01,138300.0
H42710-04-01,68300.0
H42801-04-01,741100.0
H42802-04-01,184100.0
H42803-04-01,184600.0
H42804-04-01,83000.0
H42805-04-01,63400.0
H42806-04-01,95200.0
H42807-04-01,396900.0
H42808-04-01,131200.0
H42809-04-01,424900.0
H42810-04-01,126500.0
H42901-04-01,32200.0
H42902-04-01,84400.0
H42903-04-01,76400.0
H42904-04-01,23800.0
H42905-04-01,81400.0
H42906-04-01,153000.0
H42907-04-01,40400.0
H42908-04-01,182000.0
H42909-04-01,155600.0
H42910-04-01,34100.0
H43001-04-01,143300.0
H43002-04-01,80900.0
H43003-04-01,387400.0
H43004-04-01,96800.0
H43005-04-01,160900.0
H43006-04-01,271600.0
H43007-04-01,69100.0
H43008-04-01,100900.0
H43009-04-01,299500.0
H43010-04-01,116300.0
