hh,own_value
1013000204.0,218400.0
1013000206.0,
1021000102.0,
1021000108.0,
1021000109.0,
1021000110.0,
1021000111.0,
1021000113.0,
1021000201.0,
1021000202.0,
1021000203.0,
1021000207.0,
1021000212.0,
1021000213.0,
1021000310.0,
1021000312.0,
1021000402.0,
1021000405.0,
1021000406.0,
1021000408.0,
1021000503.0,
1021000504.0,
1021000506.0,
1021000604.0,
1021000607.0,
1021000608.0,
1021000610.0,
1021000612.0,
1021000701.0,
1021000702.0,
1021000703.0,
1021000705.0,
1021000710.0,
1021000711.0,
1021000802.0,
1021000807.0,
1021000808.0,
1021000809.0,
1021000811.0,
1021000904.0,
1021000906.0,
1021000909.0,
1021001003.0,
1021001004.0,
1021001005.0,
1021001008.0,
1021001009.0,
1021001107.0,
1021001109.0,
1021001110.0,
1021001202.0,
1021001206.0,
1021001208.0,
1021001210.0,
1021001211.0,
1021001301.0,
1021001304.0,
1021001306.0,
1021001307.0,
1021001308.0,
1021001402.0,
1021001403.0,
1021001405.0,
1021001406.0,
1021001407.0,
1021001408.0,
1021001501.0,
1021001505.0,
1021001512.0,
1021001606.0,
1021001607.0,
1021001609.0,416000.0
1021001610.0,
1021001701.0,
1021001704.0,
1021001705.0,
1021001706.0,
1021001709.0,
1021001710.0,
1021001713.0,
1021001802.0,
1021001804.0,
1021001809.0,
1021001810.0,
1021001901.0,
1021001902.0,
1021001907.0,
1021001909.0,
1021002003.0,
1021002007.0,
1021002008.0,
1021002010.0,
1021002011.0,
1021002103.0,
1021002105.0,
1021002107.0,
1021002201.0,
1021002202.0,
1021002203.0,
1021002204.0,
1021002207.0,
1021002208.0,
1021002210.0,
1021002211.0,
1021002301.0,
1021002308.0,
1021002309.0,
1021002312.0,
1021002407.0,
1021002501.0,
1021002502.0,
1021002505.0,
1021002506.0,
1021002508.0,
1021002509.0,
1021002510.0,
1021002512.0,
1021002603.0,
1021002604.0,
1021002605.0,
1021002606.0,
1021002610.0,
1021002611.0,
1021002613.0,
1021002702.0,
1021002703.0,
1021002708.0,
1021002710.0,
1021002711.0,
1021002801.0,
1021002802.0,
1021002803.0,
1021002805.0,
1021002807.0,
1021002810.0,
1021002901.0,
1021002903.0,
1021002906.0,
1021002910.0,
1021003003.0,
1021003101.0,
1021003103.0,
1021003104.0,
1021003109.0,
1021003110.0,
1021003201.0,
1021003205.0,
1021003308.0,
1021003309.0,
1021003310.0,
1021003403.0,
1021003411.0,
1021003412.0,
1021003413.0,
1033000302.0,
1033000304.0,416000.0
1033000305.0,
1033000307.0,2080000.0
1033000308.0,
1033000504.0,
1033000506.0,122200.0
1033000507.0,
1033000511.0,
1041000203.0,
1041000206.0,
1041000209.0,
1041000213.0,
1043000402.0,
1043000403.0,871000.0
1043000406.0,
1043000407.0,130000.0
1043000408.0,
1043000409.0,327600.0
1043000410.0,546000.0
1043000601.0,260000.0
1043000602.0,
1043000603.0,780000.0
1043000605.0,
1043000607.0,
1043000611.0,
1043000802.0,
1043000804.0,
1043000805.0,
1043000806.0,
1043000807.0,
1043000808.0,218400.0
1043000809.0,93600.0
1043000810.0,
1043000811.0,
1051000103.0,
1051000104.0,
1051000105.0,
1051000106.0,
1051000109.0,
1051000110.0,1331200.0
1051000301.0,
1051000305.0,
1051000308.0,
1051000309.0,213200.0
1051000310.0,
1051000311.0,
1053000402.0,
1053000408.0,31200.0
1053000410.0,
1053000802.0,218400.0
1053000806.0,
1053000807.0,31200.0
1053000808.0,
1053001201.0,
1053001202.0,
1053001203.0,
1053001205.0,
1053001206.0,
1053001207.0,
1053001208.0,
1053001209.0,
1053001503.0,46800.0
1053001505.0,
1053001507.0,
1053001508.0,
1053001509.0,
1053001510.0,
1053001512.0,72800.0
1053001513.0,
1053001902.0,
1053001903.0,
1053001904.0,
1053001907.0,20800.0
1053001908.0,13000.0
1053001909.0,
1053002301.0,
1053002302.0,
1053002303.0,
1053002304.0,
1053002305.0,145600.0
1053002306.0,
1053002307.0,
1053002308.0,
1053002310.0,
1053002603.0,
1053002605.0,1092000.0
1053002608.0,163800.0
1053002609.0,
1053002610.0,
1053003002.0,
1053003003.0,483600.0
1053003004.0,
1053003005.0,218400.0
1053003006.0,
1053003008.0,
1053003010.0,462800.0
1053003303.0,20800.0
1053003307.0,
1053003309.0,218400.0
1053003312.0,
1063000301.0,291200.0
1063000302.0,
1063000305.0,
1063000308.0,
1063000310.0,
1063000311.0,
1063000502.0,
1063000505.0,
1063000508.0,
1063000509.0,
1063000510.0,
1063000511.0,
1063000701.0,
1063000702.0,358800.0
1063000703.0,
1063000704.0,436800.0
1063000706.0,
1063000709.0,
1063000710.0,93600.0
1063000711.0,
1063000902.0,
1063000908.0,
1063000909.0,
1063000910.0,
1071000101.0,
1071000102.0,
1071000103.0,
1071000104.0,
1071000106.0,
1071000109.0,
1071000110.0,364000.0
1071000111.0,
1071000201.0,
1071000205.0,
1071000206.0,
1071000207.0,
1071000209.0,
1071000210.0,
1073000801.0,1456000.0
1073000803.0,
1073000807.0,728000.0
1073000808.0,109200.0
1073000809.0,
1073001203.0,
1073001205.0,
1073001207.0,
1073001209.0,
1073001210.0,1201200.0
1073001601.0,
1073001602.0,
1073001603.0,
1073001604.0,
1073001605.0,
1073001606.0,
1073001610.0,20800.0
1073001611.0,
1073002002.0,
1073002004.0,
1073002005.0,
1073002006.0,
1073002007.0,
1073002009.0,
1073002010.0,1414400.0
1073002302.0,
1073002303.0,
1073002306.0,
1073002307.0,
1073002308.0,
1073002309.0,291200.0
1073002702.0,
1081000202.0,
1081000203.0,
1081000209.0,
1081000211.0,
1081000214.0,
1081000302.0,
1081000303.0,
1081000307.0,634400.0
1081000308.0,
1081000309.0,436800.0
1081000310.0,
1083000601.0,
1083000603.0,
1083000604.0,
1083000605.0,
1083000609.0,
1083000610.0,
1083000901.0,
1083000902.0,
1083000903.0,52000.0
1083000906.0,
1083000908.0,728000.0
1083000909.0,
1083000910.0,46800.0
1083001302.0,
1083001303.0,
1083001305.0,
1083001306.0,
1083001307.0,
1083001309.0,150800.0
1083001310.0,
1083001311.0,
1083001603.0,1404000.0
1083001604.0,
1083001606.0,104000.0
1083001608.0,117000.0
1083001610.0,
1083001611.0,624000.0
1083001612.0,
1083001613.0,
1083002001.0,
1083002007.0,
1083002008.0,
1083002009.0,520000.0
1083002010.0,218400.0
1083002302.0,
1083002303.0,
1083002306.0,
1083002701.0,
1083002702.0,
1083002703.0,
1083002704.0,
1083002708.0,353600.0
1083002710.0,
1083003006.0,416000.0
1083003008.0,
1083003009.0,
1083003301.0,
1083003302.0,520000.0
1083003306.0,
1083003307.0,
1083003309.0,218400.0
1083003310.0,
1083003312.0,
1093000401.0,
1093000402.0,364000.0
1093000403.0,546000.0
1093000405.0,
1093000406.0,
1093000407.0,
1093000408.0,312000.0
1093000409.0,
1093000410.0,364000.0
1101000101.0,
1101000102.0,
1101000103.0,
1101000107.0,
1101000114.0,
1103000501.0,218400.0
1103000502.0,
1103000503.0,780000.0
1103000505.0,
1103000506.0,
1103000507.0,
1103000508.0,
1103000509.0,
1103000510.0,
1103000702.0,
1103000705.0,
1103000706.0,
1103000709.0,
1103000710.0,
1103000901.0,
1103000903.0,
1103000904.0,
1103000905.0,
1103000906.0,
1103000907.0,
1103000909.0,416000.0
1103001203.0,
1103001205.0,
1103001206.0,
1103001209.0,
1103001210.0,
1103001211.0,
1113000101.0,637000.0
1113000103.0,546000.0
1113000104.0,1263600.0
1113000105.0,
1113000106.0,
1113000107.0,
1113000108.0,655200.0
1113000109.0,182000.0
1113000110.0,1092000.0
1113000301.0,
1113000302.0,62400.0
1113000305.0,436800.0
1113000310.0,
1113000502.0,312000.0
1113000504.0,
1113000505.0,
1113000506.0,
1113000507.0,
1113000508.0,
1113000509.0,
1113000510.0,
1121000103.0,
1121000107.0,
1121000108.0,795600.0
1121000110.0,
1123000301.0,
1123000303.0,
1123000305.0,436800.0
1123000306.0,
1123000307.0,
1123000308.0,
1123000309.0,364000.0
1123000311.0,
1123000603.0,
1123000605.0,
1123000606.0,
1123000608.0,
1123000609.0,52000.0
1123000610.0,
1131000203.0,
1131000205.0,
1131000207.0,
1131000208.0,
1131000209.0,
1131000210.0,
1131000212.0,
1131000303.0,
1131000309.0,
1131000310.0,
1131000404.0,
1131000405.0,
1131000406.0,
1131000409.0,
1131000410.0,
1131000413.0,
1131000604.0,
1131000605.0,
1131000609.0,62400.0
1131000610.0,624000.0
1131000613.0,
1131000701.0,
1131000703.0,
1131000704.0,
1131000705.0,
1131000706.0,
1131000707.0,
1131000709.0,
1131000710.0,
1133000801.0,104000.0
1133000803.0,
1133000804.0,
1133000805.0,1456000.0
1133000806.0,
1133000808.0,
1133000809.0,
1133000810.0,728000.0
1133001003.0,
1133001005.0,
1133001006.0,
1133001008.0,
1133001009.0,
1133001010.0,
1133001202.0,
1133001206.0,
1133001209.0,
1133001210.0,873600.0
1133001404.0,
1133001407.0,
1133001408.0,1778400.0
1133001409.0,260000.0
1133001410.0,
1133001411.0,
1133001601.0,
1133001603.0,
1133001604.0,
1133001605.0,
1133001606.0,
1133001607.0,
1133001609.0,
1133001610.0,1560000.0
1133001901.0,
1133001904.0,
1133001905.0,
1133001906.0,
1133001909.0,
1133002102.0,
1133002104.0,
1133002105.0,
1133002106.0,
1133002107.0,
1133002108.0,
1133002110.0,
1133002303.0,
1133002304.0,
1133002305.0,
1133002308.0,
1133002502.0,
1133002503.0,
1133002504.0,
1133002505.0,
1133002506.0,
1133002509.0,
1143000301.0,
1143000303.0,
1143000307.0,218400.0
1143000308.0,
1143000309.0,104000.0
1143000310.0,
1153000401.0,
1153000402.0,956800.0
1153000403.0,
1153000404.0,
1153000407.0,
1153000409.0,41600.0
1153002701.0,
1153002703.0,
1153002705.0,
1153002707.0,156000.0
1153002708.0,
1153002709.0,655200.0
1153002710.0,
1153003105.0,
1153003107.0,
1153003110.0,
1163001101.0,124800.0
1163001102.0,
1163001103.0,
1163001104.0,327600.0
1163001105.0,
1163001107.0,
1163001108.0,
1163001109.0,20800.0
1163001110.0,
1163001302.0,
1163001303.0,
1163001304.0,
1163001307.0,
1163001310.0,
2013000401.0,
2013000403.0,
2013000404.0,
2013000406.0,
2013000407.0,
2013000408.0,
2013000409.0,
2013000410.0,
2013000601.0,260000.0
2013000602.0,728000.0
2013000603.0,364000.0
2013000604.0,145600.0
2013000605.0,764400.0
2013000606.0,31200.0
2013000607.0,23400.0
2013000609.0,
2013000804.0,218400.0
2013000805.0,218400.0
2013000806.0,
2013000808.0,624000.0
2013000809.0,218400.0
2013000810.0,327600.0
2013000901.0,124800.0
2013000902.0,
2013000903.0,
2013000905.0,
2013000906.0,
2013000907.0,
2013000909.0,
2013000910.0,
2013000911.0,
2021000103.0,
2021000106.0,
2021000109.0,
2021000110.0,
2023000502.0,
2023000503.0,
2023000504.0,
2023000505.0,
2023000508.0,
2023000509.0,104000.0
2023000510.0,
2023000701.0,
2023000702.0,
2023000703.0,
2023000704.0,
2023000705.0,
2023000706.0,
2023000707.0,
2023000709.0,
2023000710.0,728000.0
2031000103.0,
2031000109.0,
2031000110.0,
2031000114.0,
2031000401.0,
2031000405.0,1112800.0
2031000406.0,
2031000407.0,312000.0
2031000409.0,
2031000410.0,1300000.0
2033000801.0,
2033000803.0,936000.0
2033000804.0,83200.0
2033000806.0,
2033000807.0,
2033000808.0,
2033000809.0,
2033001801.0,364000.0
2033001802.0,
2033001804.0,
2033001805.0,
2033001806.0,301600.0
2033001808.0,
2033001809.0,
2033001810.0,62400.0
2033002301.0,
2033002303.0,447200.0
2033002307.0,
2033002308.0,
2033002310.0,62400.0
2033002801.0,
2033002803.0,452400.0
2033002805.0,436800.0
2033002807.0,
2033003302.0,
2033003303.0,873600.0
2033003305.0,1092000.0
2033003306.0,468000.0
2033003308.0,
2033003309.0,
2033003310.0,62400.0
2041000201.0,
2041000202.0,
2041000204.0,
2041000207.0,
2041000208.0,
2041000209.0,
2041000210.0,
2041000606.0,
2041000610.0,
2041000611.0,
2041000901.0,
2041000902.0,
2041000904.0,
2041000909.0,
2041000911.0,
2043001202.0,
2043001204.0,
2043001206.0,
2043001209.0,
2043001210.0,
2043001401.0,312000.0
2043001405.0,759200.0
2043001406.0,
2043001410.0,
2043001411.0,582400.0
2043001501.0,
2043001503.0,
2043001505.0,
2043001506.0,26000.0
2043001508.0,218400.0
2043001509.0,
2043001510.0,
2051000105.0,
2051000108.0,
2051000109.0,436800.0
2051000110.0,
2051000111.0,582400.0
2053000401.0,312000.0
2053000403.0,
2053000404.0,291200.0
2053000405.0,
2053000406.0,
2053000407.0,
2053000408.0,
2053000409.0,39000.0
2053000410.0,436800.0
2053000903.0,
2053000905.0,20800.0
2053000906.0,535600.0
2053000907.0,
2053000908.0,
2053000910.0,
2053001302.0,1060800.0
2053001303.0,291200.0
2053001304.0,
2053001305.0,
2053001306.0,218400.0
2053001307.0,
2053001308.0,
2053001309.0,
2053001702.0,
2053001709.0,
2053001710.0,
2053003001.0,
2053003003.0,
2053003004.0,
2053003006.0,
2053003007.0,31200.0
2053003008.0,499200.0
2053003009.0,
2053003010.0,1102400.0
2063000302.0,499200.0
2063000305.0,
2063000306.0,72800.0
2063000307.0,
2063000308.0,
2063000310.0,156000.0
2073000501.0,
2073000502.0,273000.0
2073000503.0,1027000.0
2073000504.0,91000.0
2073000506.0,1066000.0
2073000507.0,
2073000508.0,
2073000509.0,312000.0
2073000510.0,676000.0
2073000601.0,
2073000602.0,
2073000603.0,
2073000604.0,327600.0
2073000605.0,182000.0
2073000606.0,540800.0
2073000607.0,
2073000608.0,738400.0
2073000609.0,
2073000610.0,2641600.0
2081000101.0,
2081000102.0,
2081000104.0,
2081000106.0,
2081000107.0,
2081000110.0,
2081000111.0,1430000.0
2083000501.0,228800.0
2083000502.0,10400.0
2083000503.0,156000.0
2083000504.0,338000.0
2083000506.0,
2083000507.0,811200.0
2083000508.0,260000.0
2083000509.0,
2083000510.0,20800.0
2083000701.0,
2083000702.0,
2083000704.0,312000.0
2083000705.0,156000.0
2083000706.0,
2083000707.0,109200.0
2083000708.0,
2083000709.0,273000.0
2083000710.0,31200.0
2083000801.0,187200.0
2083000802.0,156000.0
2083000803.0,46800.0
2083000804.0,
2083000805.0,312000.0
2083000806.0,
2083000807.0,436800.0
2083000808.0,444600.0
2083000809.0,416000.0
2083000810.0,
2091000306.0,
2091000308.0,
2091000312.0,
2091000603.0,
2091000604.0,
2091000607.0,
2091000609.0,
2091000611.0,
2093003301.0,
2093003302.0,
2093003306.0,
2093003309.0,
2101000205.0,
2101000206.0,
2101000207.0,
2101000208.0,
2101000211.0,
2103000402.0,447200.0
2103000405.0,
2103000406.0,
2103000407.0,
2103000408.0,
2103000409.0,
2103000602.0,
2103000603.0,
2103000604.0,
2103000605.0,
2103000606.0,
2103000607.0,291200.0
2103000609.0,
2103000610.0,
2103000611.0,218400.0
2103000703.0,
2103000704.0,
2103000705.0,
2103000707.0,
2103000708.0,
2103000709.0,478400.0
2111000307.0,
2111000310.0,
2111000311.0,195000.0
2113000401.0,
2113000402.0,109200.0
2113000403.0,36400.0
2113000404.0,780000.0
2113000405.0,221000.0
2113000406.0,
2113000407.0,
2113000408.0,
2113000409.0,208000.0
2113000410.0,273000.0
2113000602.0,31200.0
2113000604.0,
2113000605.0,260000.0
2113000606.0,
2113000607.0,
2113000608.0,52000.0
2113000609.0,
2113000610.0,
2113000701.0,327600.0
2113000702.0,41600.0
2113000703.0,291200.0
2113000704.0,163800.0
2113000705.0,239200.0
2113000706.0,
2113000707.0,182000.0
2113000708.0,
2113000709.0,
2113000710.0,312000.0
2113000901.0,52000.0
2113000902.0,
2113000903.0,
2113000905.0,457600.0
2113000907.0,
2113000908.0,
2113000909.0,260000.0
2113000910.0,
2121000304.0,
2121000305.0,
2121000306.0,
2121000307.0,
2121000311.0,
2123000802.0,312000.0
2123000803.0,
2123000804.0,
2123000808.0,
2123000809.0,
2123000810.0,
2123000902.0,
2123000903.0,
2123000904.0,
2123000907.0,
2123000909.0,546000.0
2123000910.0,
2123001102.0,728000.0
2123001103.0,
2123001105.0,
2123001106.0,
2123001108.0,
2123001109.0,
2123001110.0,
2123001302.0,
2123001303.0,
2123001308.0,
2123001309.0,
2123001310.0,
2143000201.0,
2143000202.0,780000.0
2143000203.0,582400.0
2143000204.0,
2143000205.0,52000.0
2143000206.0,
2143000207.0,
2143000208.0,
2143000209.0,
2143000210.0,
2143000301.0,
2143000302.0,
2143000308.0,
2143000309.0,
2143000310.0,
2151000101.0,31200.0
2151000103.0,
2151000105.0,
2151000106.0,
2151000108.0,39000.0
2151000109.0,
2151000110.0,
2153000202.0,218400.0
2153000203.0,312000.0
2153000206.0,
2153000207.0,
2153000209.0,
2153000211.0,
2153000401.0,
2153000405.0,
2153000406.0,145600.0
2153000409.0,
2153000410.0,
2153000603.0,62400.0
2153000604.0,72800.0
2153000605.0,
2153000608.0,
2153000704.0,
2153000706.0,182000.0
2153000707.0,
2153000710.0,291200.0
2163000302.0,384800.0
2163000307.0,364000.0
2163000310.0,
2173000903.0,104000.0
2173000904.0,
2173000905.0,728000.0
2173000907.0,
2173000909.0,
2183003705.0,
2183003709.0,145600.0
2183003710.0,624000.0
2193000303.0,
2193000304.0,
2193000306.0,
2193000307.0,156000.0
2193000308.0,
2193000309.0,551200.0
2193000310.0,
2203000102.0,171600.0
2203000103.0,759200.0
2203000104.0,218400.0
2203000107.0,
2203000109.0,145600.0
2203000110.0,696800.0
2213000601.0,
2213000602.0,468000.0
2213000603.0,
2213000604.0,364000.0
2213000610.0,
2223002201.0,
2223002205.0,
2223002206.0,
2223002207.0,
2223002208.0,
2223002209.0,312000.0
2223002210.0,280800.0
2223002211.0,
2223002601.0,436800.0
2223002602.0,
2223002603.0,
2223002606.0,62400.0
2223002608.0,
2223002609.0,436800.0
2223002610.0,
2233001103.0,
2233001105.0,
2233001108.0,
2233001110.0,20800.0
2233001402.0,
2233001403.0,
2233001407.0,260000.0
2233001410.0,280800.0
2233001803.0,613600.0
2233001809.0,218400.0
2233001810.0,582400.0
2233002203.0,
2233002205.0,41600.0
2233002208.0,587600.0
2233002209.0,218400.0
2233002210.0,
2233002601.0,52000.0
2233002602.0,
2233002604.0,416000.0
2233002607.0,
2233002609.0,468000.0
2233002610.0,327600.0
2233002903.0,
2233002908.0,
2233002909.0,
2233002910.0,364000.0
2243001302.0,218400.0
2243001303.0,
2243001306.0,52000.0
2243001307.0,
2243001308.0,
2243001309.0,655200.0
2243001310.0,556400.0
3013000301.0,
3013000302.0,
3013000303.0,
3013000305.0,
3013000306.0,
3013000309.0,83200.0
3013000310.0,
3021000201.0,218400.0
3021000203.0,
3021000205.0,
3021000207.0,
3021000210.0,
3021000211.0,
3021000213.0,
3023000302.0,
3023000303.0,218400.0
3023000305.0,208000.0
3023000306.0,
3023000307.0,
3023000308.0,
3023000310.0,520000.0
3023000501.0,
3023000502.0,234000.0
3023000503.0,
3023000504.0,
3023000505.0,
3023000506.0,
3023000507.0,
3023000510.0,457600.0
3023000801.0,
3023000806.0,
3023000807.0,218400.0
3023000808.0,
3023000809.0,
3023000811.0,551200.0
3023001002.0,
3023001008.0,57200.0
3023001009.0,
3023001010.0,
3023001304.0,
3023001306.0,
3023001307.0,
3023001310.0,
3023001313.0,
3023001601.0,234000.0
3023001603.0,436800.0
3023001605.0,468000.0
3023001606.0,
3023001608.0,
3023001609.0,
3023001610.0,
3023001812.0,
3023003503.0,260000.0
3023003504.0,
3023003506.0,130000.0
3023003507.0,
3023003508.0,
3023003510.0,
3023003512.0,
3031000202.0,
3031000204.0,
3031000205.0,
3031000206.0,
3031000207.0,
3031000211.0,
3031000213.0,
3031000214.0,
3033000601.0,
3033000602.0,
3033000604.0,
3033000605.0,
3033000606.0,
3033000607.0,
3033000608.0,
3033000609.0,
3033000610.0,
3033000901.0,
3033000902.0,
3033000903.0,312000.0
3033000905.0,
3033000906.0,
3033000907.0,
3033000908.0,
3033000909.0,
3033000910.0,832000.0
3033001501.0,
3033001505.0,
3033001507.0,
3033001508.0,832000.0
3033001509.0,
3033001511.0,
3033001512.0,390000.0
3033001513.0,
3033003302.0,
3033003303.0,
3033003304.0,
3033003306.0,
3033003307.0,
3033003308.0,
3033003311.0,260000.0
3041000201.0,
3041000202.0,
3041000203.0,
3041000204.0,
3041000205.0,
3041000207.0,
3041000208.0,
3041000210.0,
3041000401.0,
3041000403.0,
3041000404.0,
3041000406.0,
3041000411.0,
3041000701.0,62400.0
3041000702.0,
3041000703.0,
3041000705.0,291200.0
3041000708.0,312000.0
3041000710.0,
3041000711.0,
3043000902.0,
3043000903.0,364000.0
3043000905.0,
3043000906.0,
3043000909.0,
3043000910.0,
3043000911.0,
3043001402.0,
3043001403.0,31200.0
3043001406.0,582400.0
3043001409.0,156000.0
3043001410.0,
3051000105.0,
3051000108.0,
3051000109.0,
3051000110.0,
3063000202.0,
3063000710.0,130000.0
3071000201.0,
3071000202.0,
3071000203.0,
3071000208.0,
3071000210.0,
3071000211.0,52000.0
3071000503.0,
3071000506.0,
3071000507.0,260000.0
3071000701.0,
3071000702.0,104000.0
3071000703.0,
3071000704.0,
3071000706.0,
3071000714.0,
3073001206.0,
3073001207.0,
3073001208.0,312000.0
3073001210.0,
3073001701.0,260000.0
3073001702.0,
3073001703.0,
3073001708.0,520000.0
3073001714.0,260000.0
3073001802.0,208000.0
3073001805.0,
3073001808.0,78000.0
3073001809.0,
3073002005.0,
3073002205.0,416000.0
3073002207.0,
3073002208.0,
3073002210.0,104000.0
3073002302.0,
3073002303.0,
3073002305.0,
3073002307.0,520000.0
3073002309.0,156000.0
3073002502.0,
3073002505.0,
3073002507.0,41600.0
3073002508.0,145600.0
3083000102.0,
3083000107.0,
3083000109.0,
3083000110.0,312000.0
3083000201.0,
3083000203.0,
3083000204.0,
3083000207.0,
3083000208.0,312000.0
3083000210.0,
3083000212.0,
3083000405.0,
3083000410.0,
3083000411.0,
3093000103.0,
3093000104.0,
3093000105.0,
3093000106.0,260000.0
3093000107.0,
3093000108.0,
3093000109.0,728000.0
3093000110.0,
3093000113.0,
3093000201.0,
3093000202.0,
3093000203.0,260000.0
3093000204.0,
3093000205.0,
3093000207.0,535600.0
3093000208.0,
3093000210.0,312000.0
3101000101.0,
3101000102.0,
3101000103.0,
3101000105.0,
3101000107.0,
3101000108.0,
3101000109.0,416000.0
3101000110.0,
3101000401.0,260000.0
3101000404.0,
3101000406.0,
3101000408.0,
3101000409.0,
3101000411.0,78000.0
3101000412.0,
3101000413.0,
3103000601.0,
3103000602.0,676000.0
3103000603.0,
3103000604.0,390000.0
3103000606.0,
3103000608.0,
3103000609.0,
3103000701.0,
3103000703.0,
3103000705.0,312000.0
3103000707.0,
3103000709.0,520000.0
3103000710.0,832000.0
3103000801.0,
3103000802.0,
3103000803.0,312000.0
3103000805.0,
3103000811.0,260000.0
3103000901.0,
3103000903.0,
3103000904.0,
3103000905.0,
3103000906.0,
3103000908.0,
3103000909.0,156000.0
3103000910.0,26000.0
3103001001.0,364000.0
3103001003.0,
3103001005.0,
3103001007.0,
3103001008.0,
3103001010.0,
3103001011.0,
3103001201.0,
3103001203.0,312000.0
3103001207.0,
3103001209.0,
3103001210.0,
3103001211.0,
3111000102.0,
3111000105.0,520000.0
3111000106.0,280800.0
3111000107.0,182000.0
3111000109.0,
3111000110.0,
3111000111.0,
3113000304.0,
3113000401.0,
3113000402.0,624000.0
3113000403.0,374400.0
3113000404.0,301600.0
3113000405.0,218400.0
3113000407.0,156000.0
3113000408.0,109200.0
3113000409.0,364000.0
3133000101.0,
3133000102.0,
3133000103.0,
3133000104.0,
3133000106.0,
3133000108.0,52000.0
3133000109.0,
3133000111.0,20800.0
3133000201.0,
3133000202.0,
3133000204.0,260000.0
3133000205.0,
3133000206.0,312000.0
3133000208.0,
3133000301.0,31200.0
3133000302.0,
3133000304.0,130000.0
3133000305.0,561600.0
3133000308.0,72800.0
3133000309.0,
3133000311.0,291200.0
3153001601.0,
3153001602.0,
3153001604.0,
3153001605.0,
3153001606.0,
3153001607.0,
3153001609.0,
3153001610.0,
3163001603.0,
3163001608.0,41600.0
3173000901.0,
3173000902.0,104000.0
3173000903.0,
3173000906.0,273000.0
3173000909.0,78000.0
3173000910.0,468000.0
3173001001.0,
3173001003.0,20800.0
3173001004.0,156000.0
3173001005.0,
3173001006.0,208000.0
3173001008.0,
3173001102.0,218400.0
3173001103.0,
3173001105.0,208000.0
3173001106.0,
3173001108.0,
3173001109.0,62400.0
3181000103.0,
3181000104.0,
3181000105.0,
3181000106.0,
3181000113.0,
3183000205.0,
3183000210.0,
3183000301.0,
3183000302.0,
3183000304.0,
3183000305.0,
3183000307.0,
3183000308.0,145600.0
3183000309.0,291200.0
3183000310.0,104000.0
3183000401.0,
3183000403.0,
3183000405.0,
3183000406.0,
3183000407.0,
3183000409.0,
3183000410.0,
3191000501.0,520000.0
3191000502.0,
3191000504.0,
3191000505.0,
3191000506.0,
3191000507.0,
3191000509.0,
3193001202.0,
3193001203.0,26000.0
3193001204.0,312000.0
3193001205.0,
3193001207.0,436800.0
3193001208.0,
3193001209.0,
3193001210.0,1040000.0
3193001211.0,
3203001801.0,312000.0
3203001802.0,
3203001803.0,
3203001804.0,
3203001806.0,364000.0
3203001807.0,
3203001808.0,
3203001809.0,520000.0
3203001810.0,
3203002102.0,
3203002104.0,
3203002105.0,
3203002106.0,
3203002109.0,
3203002110.0,
3203002111.0,65000.0
3203002402.0,
3203002403.0,
3203002404.0,
3203002406.0,
3203002407.0,
3203002409.0,
3203002410.0,
3203002701.0,
3203002702.0,260000.0
3203002703.0,
3203002704.0,
3203002705.0,
3203002706.0,
3203002707.0,62400.0
3203002709.0,93600.0
3203003002.0,
3203003003.0,364000.0
3203003004.0,
3203003005.0,
3203003006.0,260000.0
3203003007.0,52000.0
3203003008.0,
3203003009.0,
3203003010.0,364000.0
3213002101.0,260000.0
3213002103.0,78000.0
3213002105.0,260000.0
3213002106.0,364000.0
3213002108.0,156000.0
3213002110.0,260000.0
3213002304.0,884000.0
3213002308.0,
3213002801.0,
3213002802.0,884000.0
3213002804.0,
3213002805.0,
3213002809.0,
3213002810.0,
3213003001.0,312000.0
3213003002.0,676000.0
3213003004.0,
3213003005.0,
3213003006.0,234000.0
3213003007.0,421200.0
3213003009.0,
3213003010.0,
4013000301.0,
4013000303.0,
4013000304.0,
4013000305.0,
4013000306.0,
4013000307.0,
4013000310.0,
4013000501.0,
4013000503.0,
4013000504.0,
4013000507.0,
4013000508.0,
4013000509.0,
4013000510.0,52000.0
4021000201.0,
4021000202.0,509600.0
4021000203.0,
4021000204.0,
4021000205.0,
4021000207.0,
4021000209.0,
4021000210.0,
4023000701.0,62400.0
4023000703.0,
4023000704.0,
4023000707.0,
4023000710.0,
4023001103.0,
4023001104.0,
4023001105.0,
4023001106.0,
4023001107.0,
4023001108.0,
4023001109.0,
4023001110.0,520000.0
4023001602.0,
4023001603.0,
4023001607.0,182000.0
4023001608.0,
4023001609.0,
4023001610.0,
4023002001.0,
4023002002.0,728000.0
4023002003.0,499200.0
4023002005.0,291200.0
4023002006.0,436800.0
4023002007.0,
4023002008.0,327600.0
4023002009.0,382200.0
4023002506.0,
4023002509.0,956800.0
4023002510.0,
4023003001.0,
4023003002.0,546000.0
4023003003.0,
4023003005.0,52000.0
4023003007.0,182000.0
4023003008.0,
4023003009.0,
4023003010.0,
4031000206.0,
4031000207.0,
4031000209.0,
4031000210.0,364000.0
4031000212.0,
4033000406.0,
4033000408.0,
4033000410.0,582400.0
4033000601.0,
4033000602.0,
4033000604.0,
4033000605.0,
4033000607.0,
4033000608.0,
4033000609.0,
4033000610.0,
4033000702.0,
4033000704.0,
4033000706.0,
4033000707.0,
4033000708.0,
4033000902.0,676000.0
4033000905.0,
4033000906.0,
4033000907.0,416000.0
4033000910.0,
4033000911.0,31200.0
4033000916.0,728000.0
4041000305.0,
4041000309.0,
4043000603.0,
4043000605.0,
4043000606.0,
4043000609.0,
4043000610.0,327600.0
4043001002.0,
4043001203.0,109200.0
4043001210.0,54600.0
4051000203.0,
4051000204.0,182000.0
4051000205.0,
4051000206.0,
4051000208.0,
4051000210.0,218400.0
4051000506.0,
4051000508.0,436800.0
4053000603.0,
4053000607.0,
4053000608.0,
4053001002.0,
4053001003.0,52000.0
4053001004.0,
4053001006.0,
4053001007.0,
4053001008.0,
4053001009.0,
4061000303.0,
4061000305.0,
4061000309.0,
4063000801.0,
4063000805.0,
4063000807.0,
4063001001.0,
4063001002.0,
4063001004.0,
4063001006.0,
4063001008.0,
4063001009.0,
4063001101.0,
4063001103.0,
4063001104.0,
4063001105.0,
4063001107.0,
4063001108.0,
4063001301.0,
4063001302.0,
4063001304.0,
4063001305.0,
4063001307.0,
4063001308.0,
4063001309.0,41600.0
4063001310.0,
4071000203.0,
4071000207.0,
4073000305.0,
4073000307.0,
4073000308.0,
4073000309.0,291200.0
4073000310.0,
4073000502.0,
4073000505.0,
4073000506.0,
4073000510.0,
4073000701.0,
4073000707.0,
4073000709.0,
4073000710.0,1164800.0
4073000711.0,
4073000902.0,65000.0
4073000909.0,
4073000910.0,
4083000201.0,
4083000209.0,
4083000210.0,62400.0
4091000202.0,
4091000203.0,
4091000205.0,
4091000206.0,
4091000210.0,
4093000505.0,
4093000507.0,
4093000508.0,
4093000510.0,
4093000903.0,
4093000906.0,
4101000102.0,436800.0
4101000103.0,
4101000104.0,
4101000105.0,
4101000107.0,
4101000108.0,
4101000109.0,
4101000110.0,
4101000501.0,
4101000511.0,
4103002601.0,
4103002606.0,
4103002608.0,
4103002609.0,
4103002610.0,1092000.0
4103002612.0,546000.0
4103002902.0,
4103002903.0,
4103002904.0,291200.0
4103002905.0,
4103002906.0,364000.0
4103002907.0,613600.0
4103002908.0,
4103002909.0,364000.0
4103002910.0,208000.0
4103003802.0,
4103003803.0,
4103003805.0,52000.0
4103003806.0,218400.0
4103003807.0,
4103003808.0,327600.0
4103003812.0,
4111000202.0,
4111000204.0,
4111000205.0,
4111000209.0,
4111000210.0,312000.0
4111000211.0,364000.0
4113000401.0,
4113000402.0,
4113000404.0,
4113000408.0,364000.0
4113000410.0,
4113000602.0,
4113000603.0,
4113000604.0,
4113000607.0,312000.0
4113000608.0,
4113000711.0,
4113000903.0,
4113000905.0,
4113000906.0,109200.0
4113000909.0,364000.0
4113000910.0,910000.0
4123000303.0,
4123000305.0,
4123000307.0,
4123000310.0,910000.0
4123000504.0,
4123000508.0,
4123000509.0,
4123000510.0,
4133000204.0,
4133000205.0,520000.0
4133000207.0,
4133000208.0,
4133000209.0,72800.0
4133000301.0,
4133000303.0,
4133000305.0,
4133000307.0,
4133000503.0,
4133000504.0,
4133000505.0,
4133000506.0,
4133000507.0,
4133000508.0,
4133000512.0,416000.0
4141000102.0,
4141000103.0,218400.0
4141000104.0,
4141000105.0,
4141000108.0,
4141000110.0,655200.0
4141000111.0,
4143000304.0,
4143000305.0,
4143000306.0,
4143000310.0,
4143000503.0,468000.0
4143000506.0,
4143000508.0,
4143000510.0,182000.0
4151000207.0,
4151000208.0,
4151000210.0,1092000.0
4151000212.0,
4153000401.0,
4153000403.0,
4153000404.0,
4153000408.0,
4153000409.0,62400.0
4153000410.0,52000.0
4153000602.0,
4153000606.0,
4153000607.0,
4153000610.0,
4153000701.0,
4153000703.0,1092000.0
4153000704.0,
4153000706.0,546000.0
4153000708.0,145600.0
4153000710.0,910000.0
4153000902.0,291200.0
4153000903.0,
4153000904.0,
4153000905.0,
4153000906.0,130000.0
4153000909.0,
4163000702.0,
4163000703.0,
4163000705.0,
4163000706.0,
4163000708.0,
4163000709.0,
4163000710.0,312000.0
4171000801.0,
4171000802.0,
4171000803.0,
4171000804.0,
4171000805.0,
4171000806.0,
4171000807.0,
4171000808.0,
4171000809.0,
4171000810.0,873600.0
4173001402.0,
4173001404.0,364000.0
4173001409.0,
4173001410.0,
4173001411.0,291200.0
4173001702.0,
4173001704.0,
4173001705.0,
4173001707.0,
4173001708.0,
4173001710.0,364000.0
4183001101.0,
4183001103.0,
4183001107.0,
4183001109.0,52000.0
4183002001.0,
4183002003.0,104000.0
4183002005.0,
4183002006.0,
4183002007.0,
4183002009.0,728000.0
4183002010.0,
4183002301.0,
4183002303.0,
4183002308.0,
4193003203.0,
4193003206.0,
4193003207.0,
4193003210.0,582400.0
4193003211.0,546000.0
4193003212.0,218400.0
4193003502.0,294840.0
4193003503.0,291200.0
4193003504.0,98280.0
4193003506.0,390000.0
4193003507.0,218400.0
4193003508.0,364000.0
4193003509.0,145600.0
4193003510.0,509600.0
101300021302.0,
102100020304.0,
102100040502.0,
102100040504.0,
102100070302.0,
102100080803.0,218400.0
102100110201.0,
102100110901.0,
102100110903.0,
102100110904.0,
102100140202.0,
102100150406.0,
102100160707.0,
102100220202.0,
102100251005.0,
102100251007.0,
102100310407.0,156000.0
103300030403.0,
103300030702.0,
103300051102.0,156000.0
104100020602.0,
104300040906.0,327600.0
104300040908.0,62400.0
104300060303.0,
104300060305.0,
104300061103.0,
104300080702.0,
105300040602.0,
105300040605.0,
105300040607.0,
105300080208.0,
105300080804.0,
105300151301.0,218400.0
105300260802.0,
105300260806.0,
105300300504.0,
105300330702.0,416000.0
106300030505.0,
106300030511.0,78000.0
106300051003.0,
106300051004.0,
106300051007.0,
106300051008.0,
107300121003.0,
107300161002.0,
107300200304.0,
107300200503.0,
108100020203.0,
108300060803.0,
108300090202.0,
108300090608.0,
108300130403.0,
108300200202.0,
108300200901.0,
108300200902.0,
108300230203.0,
108300270903.0,
108300330803.0,
109300040903.0,
109300040907.0,
109300040908.0,
110100010202.0,
110100010203.0,364000.0
110100010204.0,
110100010205.0,
110100010206.0,
110100010207.0,
110300070603.0,
110300070907.0,
110300090303.0,
110300091001.0,
111300030205.0,
111300030801.0,
111300051004.0,
112300030102.0,
113100070706.0,
113100070712.0,
113300080104.0,
113300080402.0,
113300120702.0,819000.0
113300141003.0,
113300141006.0,
113300160102.0,
113300250210.0,166400.0
113300250215.0,39000.0
114300030504.0,31200.0
114300030505.0,436800.0
115300040402.0,
115300040702.0,
115300040703.0,
116300110402.0,
116300131002.0,
201300041004.0,
201300080903.0,
201300080905.0,
201300090902.0,
202300071002.0,208000.0
203100040102.0,
203100040603.0,1040000.0
203300080303.0,364000.0
203300180403.0,873600.0
203300180804.0,
203300330503.0,
203300330504.0,
203300330505.0,
203300330507.0,
203300330509.0,
203300330511.0,
203300330602.0,
203300330603.0,
204100020802.0,
204100020809.0,
204100020810.0,
205300090603.0,
205300090606.0,338000.0
205300090611.0,910000.0
205300130703.0,
205300130910.0,
205300170503.0,
207300050203.0,
207300050204.0,
208100010905.0,
208100010910.0,894400.0
208300050203.0,364000.0
208300050909.0,260000.0
208300050912.0,494000.0
208300070203.0,
208300070403.0,15600.0
208300080502.0,23400.0
209100061003.0,
209300330602.0,
209300330603.0,
209300330905.0,
210100020602.0,
210300070904.0,
210300070905.0,
210300070906.0,
211100030705.0,416000.0
211100030706.0,124800.0
211300070903.0,218400.0
211300070905.0,104000.0
211300070906.0,
211300090504.0,72800.0
212300080905.0,
212300081007.0,
212300091005.0,
212300110703.0,
212300111005.0,
212300130804.0,
214300020804.0,
214300020805.0,46800.0
214300020806.0,
214300020807.0,
214300020808.0,
215300020201.0,
215300040603.0,
217300090803.0,
222300221004.0,52000.0
222300221007.0,
222300221016.0,
222300221018.0,
222300221020.0,291200.0
222300221023.0,273000.0
222300221024.0,
223300180704.0,20800.0
224300131003.0,364000.0
224300131004.0,
224300131006.0,
301300030803.0,1612000.0
302300030303.0,182000.0
302300030403.0,260000.0
302300050205.0,
302300051003.0,
302300051004.0,
302300051008.0,
302300080103.0,
302300131004.0,187200.0
302300131005.0,260000.0
302300351203.0,
303100021105.0,
303100021110.0,
303300090106.0,
303300090702.0,
304100020707.0,
304100020709.0,
304100040304.0,520000.0
304100041001.0,
304100041003.0,468000.0
304100070103.0,
304100070105.0,
304100070802.0,
304100070803.0,
304300091102.0,
304300140803.0,
307100050306.0,
307100050307.0,208000.0
307100050702.0,
307300170702.0,
307300170803.0,
307300170804.0,
307300180802.0,
307300180803.0,
307300220105.0,
307300230503.0,
308300010901.0,
308300010903.0,
308300010905.0,
309300010903.0,
309300020703.0,520000.0
310100010801.0,
310100010807.0,
310300071002.0,208000.0
310300090205.0,
310300100301.0,
310300100303.0,
310300100308.0,
310300100403.0,
310300100407.0,
310300120102.0,442000.0
313300010206.0,
316300160303.0,
317300100703.0,
317300110302.0,
319300120202.0,
319300120203.0,
319300120204.0,
320300180503.0,
320300240401.0,
320300240405.0,
320300241004.0,832000.0
320300241007.0,
320300301003.0,260000.0
321300210601.0,
321300280103.0,
321300300802.0,
401300030406.0,
401300030903.0,
401300050402.0,
402300160903.0,
402300251005.0,
402300300306.0,
403100020904.0,
403100020911.0,
403100020912.0,
403100021203.0,
403300091101.0,
403300091103.0,
403300091108.0,
406100030909.0,
406300081005.0,
406300110502.0,
410300290303.0,
410300290501.0,291200.0
410300290503.0,
410300290504.0,
410300380804.0,
411300040502.0,
411300060106.0,104000.0
412300050103.0,
412300050902.0,
414300050605.0,520000.0
415300040902.0,
415300060603.0,
415300060604.0,
415300070603.0,
417300170903.0,
418300230203.0,
418300230802.0,
