,wage_total,hh,bs_profit,other_inc
0,1416000.0,1013000201,170000.0,2460000.0
1,,1013000204,68000.0,
2,2880000.0,1013000206,400000.0,3600000.0
3,100000.0,1021000102,,
4,,1021000108,60000.0,4070000.0
5,6140000.0,1021000109,1200000.0,1200000.0
6,9680000.0,1021000111,100000.0,3400000.0
7,5700000.0,1021000113,100000.0,9160000.0
8,5760000.0,1021000201,21000.0,300000.0
9,,1021000202,95000.0,
10,1680000.0,1021000203,10000.0,2280000.0
11,,102100020304,52000.0,864000.0
12,864000.0,1021000204,,
13,288000.0,1021000207,160000.0,2172000.0
14,2808000.0,1021000212,-727200.0,
15,,1021000213,500000.0,
16,,1021000312,360000.0,6820000.0
17,990000.0,1021000313,,0.0
18,,1021000401,,0.0
19,8640000.0,1021000402,30000.0,280000.0
20,600000.0,1021000405,,640000.0
21,480000.0,102100040502,90000.0,2420000.0
22,25000000.0,1021000503,,0.0
23,,1021000504,,2920000.0
24,,1021000506,1200000.0,1200000.0
25,,1021000604,182000.0,184800.0
26,2278000.0,1021000607,,17000000.0
27,9600000.0,1021000610,500000.0,7200000.0
28,5040000.0,1021000612,1400000.0,17200000.0
29,5400000.0,1021000701,6000000.0,60000000.0
30,2160000.0,1021000702,328000.0,3936000.0
31,480000.0,1021000703,,600000.0
32,2880000.0,1021000705,,30000.0
33,4896000.0,1021000709,,0.0
34,,1021000710,,424000000.0
35,1104000.0,1021000711,40000.0,2880000.0
36,6240000.0,1021000802,,200000.0
37,888000.0,1021000805,,0.0
38,576000.0,102100080503,,
39,,102100080803,,940000.0
40,,1021000809,,1200000.0
41,,1021000810,,1450000.0
42,2040000.0,1021000811,,80000.0
43,420000.0,1021000904,525000.0,10800000.0
44,2496000.0,1021000906,160000.0,1272000.0
45,1680000.0,1021000909,160000.0,2000000.0
46,2664000.0,1021001003,20000.0,8750000.0
47,2040000.0,1021001004,,0.0
48,,1021001007,222000.0,2016000.0
49,128000.0,1021001011,,1100000.0
50,996000.0,1021001102,,2200000.0
51,,1021001105,600000.0,5400000.0
52,480000.0,1021001107,120000.0,4832000.0
53,5232000.0,1021001109,,16605000.0
54,1490000.0,102100110901,,74400000.0
55,,102100110904,610000.0,2720000.0
56,7200000.0,1021001110,,60000.0
57,,1021001202,774000.0,13680000.0
58,300000.0,1021001205,,0.0
59,4800000.0,1021001206,240000.0,2980000.0
60,,1021001208,,1180000.0
61,,1021001210,1250000.0,15000000.0
62,2160000.0,1021001211,,0.0
63,2000000.0,1021001301,600000.0,14000000.0
64,400000.0,1021001302,-60000.0,720000.0
65,4800000.0,1021001304,,
66,4400000.0,1021001305,20000.0,300000.0
67,9600000.0,1021001306,,0.0
68,,1021001307,900000.0,
69,5760000.0,1021001308,453000.0,390000.0
70,,1021001309,,
71,,1021001402,30000.0,2380000.0
72,,102100140202,600000.0,7200000.0
73,,102100140204,,2400000.0
74,,1021001403,-25000.0,0.0
75,3612000.0,1021001405,,0.0
76,,1021001406,72000.0,144000.0
77,5760000.0,1021001407,,0.0
78,,1021001408,1395000.0,3704000.0
79,6528000.0,1021001501,,0.0
80,6048000.0,102100150102,,0.0
81,392000.0,1021001504,150000.0,15900000.0
82,2920000.0,1021001505,,19500000.0
83,3528000.0,1021001507,,4800000.0
84,1152000.0,1021001512,485000.0,1250000.0
85,,1021001607,174000.0,3450000.0
86,840000.0,102100160707,334000.0,3060000.0
87,5760000.0,1021001701,40000.0,
88,,1021001704,155000.0,3900000.0
89,2720000.0,1021001705,,
90,,1021001706,30000.0,380000.0
91,,1021001709,,
92,,1021001710,25000.0,1200000.0
93,2040000.0,102100171003,,800000.0
94,80000.0,1021001711,-354500.0,8700000.0
95,,1021001713,,
96,512000.0,1021001802,,500000.0
97,34080000.0,1021001804,2000000.0,26000000.0
98,8640000.0,1021001809,12000000.0,4800000.0
99,4000000.0,1021001810,,0.0
100,5400000.0,1021001901,,0.0
101,4200000.0,1021001902,,0.0
102,4800000.0,1021001907,,620000.0
103,660000.0,1021001908,180000.0,9900000.0
104,,1021001909,,15000000.0
105,3840000.0,1021001910,,206720000.0
106,1776000.0,1021001915,150000.0,0.0
107,3000000.0,1021002007,,
108,,1021002008,550000.0,3570000.0
109,,1021002010,195000.0,240000.0
110,,1021002011,260000.0,1200000.0
111,,1021002013,1250000.0,15360000.0
112,36000.0,1021002103,420000.0,7200000.0
113,9000000.0,1021002106,,160000.0
114,31500000.0,1021002107,,0.0
115,405000.0,1021002201,,9100000.0
116,,1021002203,350000.0,2400000.0
117,4368000.0,1021002204,200000.0,2900000.0
118,60000.0,1021002205,60000.0,1152000.0
119,2160000.0,1021002208,180000.0,25200000.0
120,1260000.0,1021002210,,4150000.0
121,2304000.0,1021002301,,0.0
122,5040000.0,1021002307,,0.0
123,,1021002308,240000.0,2880000.0
124,1980000.0,1021002309,,0.0
125,,1021002312,750000.0,0.0
126,,1021002405,,280000.0
127,7200000.0,1021002407,,7200000.0
128,19800000.0,1021002501,70000.0,11500000.0
129,1008000.0,1021002502,810000.0,7350000.0
130,,1021002505,-380000.0,
131,,1021002508,1085000.0,7230000.0
132,,1021002509,-20000.0,1200000.0
133,1440000.0,1021002510,,3360000.0
134,864000.0,102100251007,,
135,900000.0,1021002603,50000.0,210000.0
136,,1021002604,800000.0,3900000.0
137,1152000.0,1021002605,255000.0,130000.0
138,,102100260606,150000.0,1860000.0
139,,1021002610,,346000.0
140,3000000.0,1021002611,,1060000.0
141,4800000.0,1021002702,200000.0,
142,,1021002703,180000.0,3000000.0
143,3000000.0,1021002711,640000.0,6590000.0
144,90000.0,1021002801,1800000.0,5380000.0
145,360000.0,1021002802,810000.0,14400000.0
146,1260000.0,1021002803,,250000.0
147,19488000.0,1021002804,,400000.0
148,8400000.0,1021002805,5160000.0,60000000.0
149,3840000.0,1021002807,,0.0
150,1248000.0,1021002810,120000.0,1155000.0
151,,1021002901,132000.0,2400000.0
152,,1021002903,,0.0
153,840000.0,1021002905,,0.0
154,1326000.0,1021002906,120000.0,4050000.0
155,1200000.0,1021002910,120000.0,2790000.0
156,,1021003003,5200000.0,18000000.0
157,640000.0,1021003004,,0.0
158,120000.0,1021003101,,11240000.0
159,21800000.0,1021003103,,0.0
160,19500000.0,1021003109,,420000.0
161,,1021003201,2462000.0,0.0
162,,1021003203,320000.0,900000.0
163,,1021003205,500000.0,1000000.0
164,,1021003309,,3120000.0
165,600000.0,1021003310,15000.0,23610000.0
166,1920000.0,1021003403,280000.0,300000.0
167,129600000.0,1021003407,,0.0
168,,1021003411,20000.0,300000.0
169,60000.0,1021003412,32000.0,360000.0
170,,1033000301,,500000.0
171,,1033000302,,94000.0
172,1296000.0,1033000303,,12000.0
173,,1033000304,,430000.0
174,,103300030403,,350000.0
175,,1033000305,,500000.0
176,,1033000307,,85000.0
177,240000.0,103300030702,24500.0,270000.0
178,,1033000308,,260000.0
179,,1033000310,,480000.0
180,192000.0,1033000504,35000.0,78000.0
181,20000.0,1033000505,10000.0,720000.0
182,1440000.0,1033000506,30000.0,750000.0
183,3304000.0,1033000507,69000.0,208000.0
184,,1033000509,,300000.0
185,,1033000510,,114000.0
186,,1033000511,490000.0,7950000.0
187,,103300051102,,300000.0
188,14400000.0,1041000203,,401000.0
189,,1041000204,300000.0,3000000.0
190,4800000.0,1041000206,,0.0
191,,104100020602,126000.0,660000.0
192,,1041000207,,2150000.0
193,7200000.0,1041000209,800000.0,8870000.0
194,2764000.0,1041000210,,450000.0
195,3420000.0,1041000211,,120000.0
196,,1041000213,650000.0,7575000.0
197,240000.0,1043000401,,0.0
198,,1043000402,,2250000.0
199,1320000.0,1043000403,110000.0,1200000.0
200,,1043000406,,115000.0
201,696000.0,1043000407,40000.0,2808000.0
202,242000.0,1043000408,,0.0
203,1200000.0,1043000409,1067000.0,5520000.0
204,,104300040906,,4450000.0
205,60000.0,104300040908,10000.0,6380000.0
206,2280000.0,1043000410,,12880000.0
207,2240000.0,1043000601,,2000000.0
208,8800000.0,1043000603,56000.0,1929000.0
209,2502000.0,1043000604,29000.0,360000.0
210,1280000.0,1043000605,,800000.0
211,960000.0,1043000606,,97600.0
212,45000.0,1043000607,-45000.0,1740000.0
213,168000.0,1043000609,,50000.0
214,,1043000610,120000.0,2520000.0
215,5964000.0,1043000611,,1496000.0
216,4320000.0,104300061103,,740000.0
217,,1043000802,70000.0,840000.0
218,3360000.0,1043000804,76000.0,180000.0
219,,1043000805,,0.0
220,1470000.0,1043000806,280000.0,5800000.0
221,,1043000807,,640000.0
222,1560000.0,104300080702,,0.0
223,4800000.0,1043000808,,3200000.0
224,1440000.0,1043000809,516000.0,270000.0
225,6432000.0,1043000810,,360000.0
226,,1043000811,835000.0,9660000.0
227,4800000.0,1051000104,200000.0,2400000.0
228,,1051000105,470000.0,3013000.0
229,10000.0,1051000106,,3640000.0
230,,1051000301,3000.0,21000.0
231,3480000.0,1051000305,64000.0,1530000.0
232,3456000.0,1051000308,,4800000.0
233,,1051000309,-2570000.0,6000000.0
234,200000.0,1053000402,55200.0,1342000.0
235,,1053000403,,1900000.0
236,,1053000404,,500000.0
237,540000.0,1053000406,,120000.0
238,1440000.0,105300040605,,200000.0
239,,105300040607,,860000.0
240,5760000.0,1053000407,,260000.0
241,,1053000408,50000.0,600000.0
242,,1053000409,,170000.0
243,96000.0,1053000410,,1074000.0
244,1440000.0,1053000801,30000.0,2440000.0
245,1260000.0,1053000802,150000.0,13700000.0
246,1888000.0,105300080208,40000.0,290000.0
247,,1053000804,48000.0,250000.0
248,240000.0,1053000805,,2350000.0
249,,1053000806,,74000.0
250,,1053000807,,133000.0
251,120000.0,1053000808,,7500000.0
252,432000.0,105300080804,180000.0,3500000.0
253,,1053000809,,1600000.0
254,1920000.0,1053001202,,360000.0
255,,1053001203,,760000.0
256,,1053001204,,745000.0
257,,1053001205,,60000.0
258,,1053001206,600000.0,36500000.0
259,,1053001207,,3350000.0
260,2400000.0,1053001208,217000.0,6000000.0
261,,1053001209,,2650000.0
262,,1053001210,20000.0,300000.0
263,3024000.0,1053001503,,1965000.0
264,,1053001505,,1030000.0
265,,1053001507,20000.0,525000.0
266,,1053001508,,2800000.0
267,,1053001902,,250000.0
268,,1053001903,170000.0,1640000.0
269,,1053001904,,348000.0
270,,1053001905,,1600000.0
271,60000.0,1053001906,20000.0,220000.0
272,,1053001907,,120000.0
273,,1053001908,,1080000.0
274,,1053001909,,1100000.0
275,,1053001910,,400000.0
276,,1053002301,,270000.0
277,104000.0,1053002302,10000.0,1218000.0
278,,1053002303,,1000000.0
279,252000.0,1053002304,,0.0
280,,1053002305,,2000000.0
281,,1053002306,,1860000.0
282,960000.0,1053002307,8000.0,450000.0
283,300000.0,1053002308,84998.0,400000.0
284,,1053002309,,300000.0
285,,1053002310,140000.0,1370000.0
286,2880000.0,1053002602,,220000.0
287,32000.0,1053002603,16000.0,285000.0
288,1680000.0,1053002605,80000.0,60000.0
289,,1053002606,135000.0,1800000.0
290,228000.0,105300260602,,200000.0
291,,1053002607,380000.0,850000.0
292,936000.0,1053002608,56000.0,94000.0
293,1200000.0,105300260802,,350000.0
294,,1053002610,50000.0,4900000.0
295,2700000.0,1053003001,950000.0,0.0
296,,1053003002,,140000.0
297,,1053003003,100000.0,645000.0
298,,1053003004,,500000.0
299,,1053003005,,1000000.0
300,,105300300504,200000.0,2400000.0
301,440000.0,1053003006,,660000.0
302,,1053003008,,200000.0
303,,1053003009,,2000000.0
304,,1053003010,,730000.0
305,,1053003303,115000.0,2780000.0
306,660000.0,1053003304,,510000.0
307,,1053003305,,1550000.0
308,,1053003306,,400000.0
309,,1053003307,70000.0,200000.0
310,,1053003309,,1900000.0
311,,1053003310,,2940000.0
312,960000.0,1053003312,,909000.0
313,,105300331202,,
314,4800000.0,1063000301,,
315,1056000.0,1063000302,,0.0
316,,1063000304,20000.0,180000.0
317,6576000.0,1063000305,838000.0,
318,870000.0,106300030514,172000.0,790000.0
319,2160000.0,1063000307,,2080000.0
320,,1063000308,,725000.0
321,102000.0,1063000310,60000.0,2000000.0
322,,1063000311,,150000.0
323,,1063000502,210000.0,1824000.0
324,,1063000503,50000.0,590000.0
325,14400000.0,1063000505,,200000.0
326,,106300050604,,840000.0
327,,1063000508,150000.0,2500000.0
328,,1063000509,,600000.0
329,,1063000510,,180000.0
330,960000.0,106300051003,15000.0,790000.0
331,360000.0,106300051004,450000.0,780000.0
332,1440000.0,106300051007,,480000.0
333,,106300051008,,3800000.0
334,,1063000511,,170000.0
335,1800000.0,1063000701,,0.0
336,,1063000702,,560000.0
337,540000.0,1063000703,11000.0,220000.0
338,3550000.0,1063000704,,1280000.0
339,,1063000705,,42000.0
340,1800000.0,1063000706,120000.0,3900000.0
341,,1063000707,,410000.0
342,,1063000709,,705000.0
343,,1063000710,,4000000.0
344,,1063000711,47500.0,912000.0
345,,1063000902,,930000.0
346,,1063000903,,50000.0
347,1920000.0,1063000905,140000.0,2200000.0
348,,1063000907,,270000.0
349,2160000.0,1063000908,205000.0,500000.0
350,,1063000909,,1000000.0
351,12012000.0,1063000912,,85000.0
352,13440000.0,1071000101,,2000000.0
353,1120000.0,1071000104,,9000000.0
354,,1071000106,41450000.0,4480000.0
355,,1071000110,,1400000.0
356,560000.0,1071000111,,0.0
357,7068000.0,1071000201,,630000.0
358,11850000.0,1071000205,224000.0,850000.0
359,6624000.0,1071000206,,510000.0
360,,1071000207,230000.0,3000000.0
361,,1071000208,490000.0,5720000.0
362,,1071000209,,2339000.0
363,434500.0,1071000210,120000.0,2670000.0
364,,1073000801,,1950000.0
365,,1073000803,150000.0,1800000.0
366,480000.0,1073000807,,1040000.0
367,960000.0,1073000808,500000.0,13360000.0
368,,1073000809,,1020000.0
369,840000.0,1073001201,,990000.0
370,,1073001202,243000.0,1800000.0
371,,107300120302,,
372,800000.0,1073001205,,235000.0
373,597600.0,1073001206,,330000.0
374,,1073001207,250000.0,3130000.0
375,1368000.0,1073001209,380000.0,9230000.0
376,,1073001210,280000.0,5190000.0
377,,107300121003,70000.0,1030000.0
378,,107300121004,270000.0,0.0
379,720000.0,1073001601,3500.0,71500.0
380,,1073001602,,740000.0
381,,1073001603,,200000.0
382,,1073001604,640000.0,1715000.0
383,,1073001605,65000.0,1370000.0
384,,1073001606,210000.0,2452000.0
385,,1073001608,,160000.0
386,,1073001609,,1200000.0
387,,1073001610,,1920000.0
388,,1073001611,50000.0,670000.0
389,,1073002002,,202000.0
390,3048000.0,1073002003,60000.0,7300000.0
391,,107300200304,5000.0,210000.0
392,,1073002004,,400000.0
393,,1073002006,,365000.0
394,,1073002007,,500000.0
395,816000.0,1073002009,6000.0,280000.0
396,1560000.0,1073002010,398000.0,4180000.0
397,3840000.0,1073002301,,300000.0
398,,1073002302,,360000.0
399,9600000.0,1073002303,400000.0,3922000.0
400,,1073002304,,1250000.0
401,,1073002305,,50000.0
402,96000.0,1073002306,40000.0,1787000.0
403,,1073002307,,1230000.0
404,,1073002308,10000.0,2080000.0
405,,1073002309,2200000.0,8340000.0
406,,1081000201,30000.0,4820000.0
407,12816000.0,1081000202,130000.0,10050000.0
408,6360000.0,108100020203,,450000.0
409,,1081000203,20000.0,100000.0
410,,1081000206,,1150000.0
411,480064.0,1081000208,40000.0,60000.0
412,2520000.0,108100020802,-24000.0,315000.0
413,2774000.0,1081000209,,0.0
414,,1081000211,154000.0,2718000.0
415,,1081000214,,2750000.0
416,,1081000301,900000.0,11460000.0
417,864000.0,1081000302,18000.0,363000.0
418,900000.0,1081000303,,1550000.0
419,,1081000308,58000.0,640000.0
420,6360000.0,1081000310,80000.0,7090000.0
421,525000.0,1083000601,19620000.0,3740000.0
422,240000.0,1083000603,40000.0,1216000.0
423,,1083000604,120000.0,960000.0
424,,1083000605,400000.0,5850000.0
425,,108300060802,,510000.0
426,4000000.0,1083000609,250000.0,4900000.0
427,1200000.0,1083000610,5000000.0,14440000.0
428,,1083000901,250000.0,3000000.0
429,28800000.0,1083000902,650000.0,7420000.0
430,3708000.0,108300090202,,2400000.0
431,,1083000903,,200000.0
432,,1083000904,,630000.0
433,,1083000905,,100000.0
434,2400000.0,1083000906,200000.0,750000.0
435,,1083000907,,1180000.0
436,1296000.0,1083000908,295000.0,3800000.0
437,576000.0,1083000909,-3000.0,384000.0
438,,1083000910,,1650000.0
439,288000.0,1083001302,110000.0,90000.0
440,420000.0,1083001303,250000.0,310000.0
441,,1083001304,,60000.0
442,1760000.0,108300130403,,0.0
443,,1083001305,,200000.0
444,,1083001306,35000.0,1000000.0
445,2160000.0,1083001307,,500000.0
446,3960000.0,1083001309,480000.0,1279000.0
447,,1083001310,,780000.0
448,192000.0,1083001311,24000.0,397000.0
449,,1083001603,325000.0,5400000.0
450,1200000.0,1083001604,,200000.0
451,80000.0,1083001606,60000.0,1030000.0
452,,1083001608,495000.0,0.0
453,60000.0,1083001610,105000.0,500000.0
454,,1083001611,4536000.0,590000.0
455,,1083001612,177000.0,1000000.0
456,,1083001613,125000.0,1100000.0
457,1560000.0,1083002001,60000.0,550000.0
458,,1083002002,250000.0,2900000.0
459,1296000.0,1083002003,,180000.0
460,650000.0,1083002004,,90600.0
461,,1083002006,,750000.0
462,300000.0,1083002007,71000.0,500000.0
463,864000.0,1083002008,,1400000.0
464,1440000.0,1083002009,130000.0,470000.0
465,,108300200901,,1600000.0
466,9144000.0,1083002010,222000.0,2410000.0
467,3709960.0,1083002301,,200000.0
468,1800000.0,1083002302,,0.0
469,,1083002304,,4000000.0
470,,1083002305,18000.0,400000.0
471,,1083002307,,20020000.0
472,3168000.0,1083002309,20000.0,660000.0
473,,1083002701,500000.0,7200000.0
474,,1083002704,520000.0,2010000.0
475,1296000.0,1083002705,,307000.0
476,,1083002707,,3000000.0
477,,1083002708,200000.0,3900000.0
478,180000.0,1083002709,23000.0,113000.0
479,,108300270903,68000.0,640000.0
480,,1083002710,7000.0,3454000.0
481,,1083003002,,200000.0
482,480000.0,1083003006,80000.0,2440000.0
483,288000.0,1083003007,43000.0,520000.0
484,,1083003008,,400000.0
485,,1083003009,,300000.0
486,16000.0,1083003010,25000.0,3510000.0
487,,1083003302,,450000.0
488,1440000.0,1083003303,90000.0,1880000.0
489,192000.0,1083003306,1210000.0,10040000.0
490,,1083003307,300000.0,5040000.0
491,96000.0,1083003308,,70000.0
492,,108300330801,,460000.0
493,3120000.0,1083003309,,16890000.0
494,1400000.0,1083003310,,550000.0
495,,1083003312,,290000.0
496,80000.0,1093000401,,1430000.0
497,420000.0,1093000402,815000.0,7720000.0
498,730000.0,1093000403,,1930000.0
499,1830000.0,1093000404,,0.0
500,936000.0,1093000405,,10000.0
501,2080000.0,1093000406,54000.0,1090000.0
502,4320000.0,1093000407,50000.0,820000.0
503,720000.0,1093000408,75000.0,9200000.0
504,,1093000409,200000.0,1232000.0
505,224000.0,109300040903,300000.0,300000.0
506,1820000.0,109300040907,400000.0,1579000.0
507,60000.0,109300040908,20000.0,20000.0
508,,1093000410,100000.0,23590000.0
509,,1101000102,50000.0,1370000.0
510,7200000.0,110100010202,,
511,2256000.0,110100010203,370000.0,739000.0
512,1021000.0,110100010204,,0.0
513,5760000.0,110100010205,642000.0,8720000.0
514,1728000.0,110100010206,,180000.0
515,948000.0,110100010207,250000.0,2400000.0
516,3960000.0,1101000103,240000.0,7405000.0
517,5472000.0,1101000107,,300000.0
518,2700000.0,1101000110,,0.0
519,,1101000114,202000.0,280000.0
520,1152000.0,1103000501,136000.0,1440000.0
521,,1103000502,,400000.0
522,,1103000503,100000.0,6040000.0
523,,1103000504,40000.0,630000.0
524,,1103000505,,25000.0
525,,1103000507,30000.0,1790000.0
526,2376000.0,1103000508,63000.0,310000.0
527,,1103000509,20000.0,1288000.0
528,3552000.0,1103000510,,220000.0
529,,1103000702,,850000.0
530,,1103000703,,280000.0
531,360000.0,1103000704,460000.0,3400000.0
532,2400000.0,1103000705,-512000.0,820000.0
533,,1103000706,,1050000.0
534,,110300070603,57000.0,570000.0
535,720000.0,1103000708,,1830000.0
536,,1103000709,,1010000.0
537,,110300070907,,520000.0
538,,1103000710,,85000.0
539,3480000.0,1103000901,95000.0,1600000.0
540,,1103000902,,40000.0
541,,1103000903,,150000.0
542,,110300090302,,100000.0
543,,110300090303,1250000.0,18000000.0
544,,1103000904,,100000.0
545,,1103000905,,1240000.0
546,,1103000906,,200000.0
547,,1103000907,,320000.0
548,,1103000908,,515000.0
549,180000.0,1103000909,,50000.0
550,192000.0,1103000910,56000.0,828000.0
551,,110300091001,180000.0,1360000.0
552,384000.0,1103001202,32000.0,641000.0
553,,1103001203,,6110000.0
554,,1103001205,92000.0,130000.0
555,,1103001206,330000.0,5400000.0
556,2310000.0,1103001209,144500.0,330000.0
557,,1103001210,,2790000.0
558,,1103001211,,370000.0
559,,1113000101,30000.0,490000.0
560,,1113000103,,500000.0
561,,1113000104,,230000.0
562,,1113000105,,530000.0
563,5164000.0,1113000106,600000.0,5100000.0
564,2880000.0,1113000107,,5800000.0
565,,1113000108,,270000.0
566,1920000.0,111300010801,69000.0,1900000.0
567,,1113000109,,3270000.0
568,,1113000110,,4700000.0
569,72000.0,1113000301,,1027000.0
570,1920000.0,1113000302,137000.0,2873000.0
571,,111300030205,,280000.0
572,,1113000303,,200000.0
573,,1113000304,,300000.0
574,,1113000305,,254000.0
575,,1113000306,,270000.0
576,,1113000308,,140000.0
577,,1113000310,,370000.0
578,4992000.0,1113000311,295000.0,7500000.0
579,8736000.0,1113000501,,180000.0
580,5760000.0,1113000502,100000.0,190000.0
581,,1113000504,155000.0,2700000.0
582,25200000.0,1113000505,1730000.0,2650000.0
583,,1113000506,,80000.0
584,,1113000507,,750000.0
585,,1113000508,,400000.0
586,500000.0,1113000509,20000.0,1170000.0
587,,1113000510,580000.0,6120000.0
588,3312000.0,111300051004,131000.0,566000.0
589,1440048.0,1121000101,75000.0,1440000.0
590,,1121000103,,80000.0
591,,1121000104,250000.0,450000.0
592,,1121000105,,145000.0
593,7920000.0,1121000107,,400000.0
594,9840000.0,1121000108,,1820000.0
595,,1121000109,,120000.0
596,800000.0,1121000110,65000.0,550000.0
597,,1121000111,,0.0
598,1920000.0,1123000301,,200000.0
599,,1123000302,,1000000.0
600,,1123000303,,883000.0
601,1200000.0,1123000305,350000.0,3835000.0
602,,1123000307,,1050000.0
603,,1123000308,,550000.0
604,,1123000309,,140000.0
605,2430000.0,1123000310,,3569200.0
606,340000.0,1123000311,,195000.0
607,,1123000603,20000.0,1270000.0
608,380000.0,1123000605,349000.0,520000.0
609,,1123000606,39510000.0,1460000.0
610,,1123000608,,770000.0
611,,1123000609,,230000.0
612,,1123000610,,1880000.0
613,7200000.0,1131000203,,1300000.0
614,1560000.0,1131000205,,0.0
615,,1131000207,165000.0,490000.0
616,,1131000208,50000.0,1995000.0
617,720000.0,1131000209,,2200000.0
618,400000.0,1131000210,180000.0,3600000.0
619,450000.0,1131000212,,2800000.0
620,336000.0,1131000302,,68000.0
621,,1131000303,345000.0,5100000.0
622,720000.0,113100030302,,1210000.0
623,,1131000305,121000.0,520000.0
624,48000.0,1131000308,,0.0
625,,1131000309,990000.0,1500000.0
626,3960000.0,1131000310,180000.0,14960000.0
627,9910000.0,1131000404,-120000.0,
628,5760000.0,1131000405,,0.0
629,19584000.0,1131000406,,300000.0
630,,1131000409,,7050000.0
631,9720000.0,1131000410,,120000.0
632,7320000.0,1131000413,440000.0,4800000.0
633,3120000.0,1131000414,,720000.0
634,,1131000604,2050000.0,2600000.0
635,576000000.0,1131000605,3300000.0,36000000.0
636,,1131000608,60000.0,1060000.0
637,,1131000609,45000.0,1060000.0
638,29340000.0,1131000610,,3600000.0
639,,1131000613,125000.0,0.0
640,3624000.0,1131000701,,1920000.0
641,22320000.0,1131000704,,0.0
642,149600000.0,1131000705,-30000.0,1200000.0
643,,1131000706,145000.0,1200000.0
644,1710000.0,1131000707,,12000000.0
645,3600000.0,1131000710,,598000.0
646,300000.0,1133000801,57500.0,4820000.0
647,,113300080103,660000.0,7880000.0
648,,113300080104,-3420000.0,8400000.0
649,,1133000802,,600000.0
650,648000.0,1133000804,,438000.0
651,1500000.0,113300080402,,700000.0
652,80000.0,1133000805,225000.0,3000000.0
653,192000.0,1133000806,28000.0,350000.0
654,270000.0,1133000807,,230000.0
655,1200000.0,1133000808,180000.0,3084000.0
656,,1133000809,105000.0,1350000.0
657,,1133000810,152000.0,2900000.0
658,1440000.0,1133001002,,0.0
659,64000.0,1133001003,,400000.0
660,,1133001005,250000.0,2250000.0
661,,1133001006,155000.0,1500000.0
662,846000.0,1133001008,370000.0,800000.0
663,,1133001009,340000.0,2650000.0
664,,1133001010,145000.0,1700000.0
665,15600000.0,1133001202,60000.0,1240000.0
666,35000000.0,1133001203,300000.0,7000000.0
667,768000.0,1133001204,1180000.0,15000000.0
668,24000000.0,1133001206,,0.0
669,,1133001207,22800000.0,0.0
670,705000.0,113300120702,7186000.0,59100000.0
671,7044000.0,1133001209,850000.0,2400002.0
672,1480000.0,1133001210,300000.0,4470000.0
673,6200000.0,1133001211,300000.0,14680000.0
674,576000.0,1133001403,,0.0
675,4320000.0,1133001404,,320000.0
676,210000.0,1133001405,820000.0,700000.0
677,,1133001406,4000.0,2002000.0
678,,1133001407,,17100000.0
679,,1133001409,,1600000.0
680,5760000.0,1133001410,310000.0,1912000.0
681,,1133001601,8000.0,0.0
682,480000.0,113300160102,,
683,1440000.0,1133001604,110000.0,9700000.0
684,,1133001605,300000.0,3000000.0
685,240000.0,1133001606,,0.0
686,3840006.0,1133001607,,3475000.0
687,,1133001609,4300000.0,220000.0
688,948000.0,1133001610,190000.0,3550000.0
689,1152000.0,1133001901,6000.0,50000.0
690,2880000.0,1133001903,10000.0,100000.0
691,20040000.0,1133001904,,300000.0
692,,1133001905,,1000000.0
693,576000.0,1133001906,,0.0
694,5850000.0,1133001909,60000.0,3600000.0
695,,1133001911,300000.0,4900000.0
696,240000.0,1133001912,435000.0,350000.0
697,,1133002102,48000.0,300000.0
698,,1133002104,150000.0,1450000.0
699,8640000.0,1133002105,,70000.0
700,960000.0,1133002106,1170000.0,5000000.0
701,96000.0,1133002107,35000.0,5380000.0
702,200000.0,1133002108,50000.0,35700000.0
703,5760000.0,1133002302,,4320000.0
704,1080000.0,1133002303,,1480000.0
705,,1133002304,170000.0,5000000.0
706,7240000.0,1133002305,,480000.0
707,45000000.0,1133002308,275000.0,2100000.0
708,,1133002311,,1500000.0
709,3360000.0,1133002501,,300000.0
710,,1133002502,,16000000.0
711,,113300250215,,0.0
712,12120000.0,1133002504,208000.0,2903600.0
713,2600000.0,1133002505,370000.0,3100000.0
714,8710000.0,1133002506,480000.0,2120000.0
715,96000.0,1133002508,60000.0,1500000.0
716,70716000.0,1133002509,,0.0
717,,1143000301,,260000.0
718,,1143000303,,157000.0
719,288000.0,1143000305,,400000.0
720,120000.0,114300030504,,160000.0
721,28158000.0,114300030505,,11100000.0
722,,1143000306,,2025000.0
723,3200000.0,1143000307,20000.0,480000.0
724,,1143000308,,200000.0
725,,1143000309,-18200000.0,14400000.0
726,2610000.0,1143000310,,2281000.0
727,,1153000401,,500000.0
728,60000.0,1153000402,50000.0,462000.0
729,,1153000403,,143000.0
730,,1153000404,,1450000.0
731,1920000.0,115300040402,40000.0,3980000.0
732,,1153000405,80000.0,12550000.0
733,37440000.0,1153000407,80000.0,220000.0
734,6240000.0,115300040702,,160000.0
735,,115300040703,-1600000.0,3600000.0
736,2880000.0,1153000409,250000.0,5010000.0
737,,1153000410,,3650000.0
738,,1153002701,28000.0,1830000.0
739,2400000.0,1153002703,63000.0,440000.0
740,,1153002704,43000.0,1050000.0
741,,1153002705,,910000.0
742,48000.0,1153002706,,682000.0
743,,1153002707,,700000.0
744,,1153002708,,350000.0
745,,1153002709,,1210000.0
746,,1153002710,25000.0,860000.0
747,,1153003101,243000.0,5040000.0
748,3240000.0,1153003102,150000.0,2140000.0
749,,1153003103,,410000.0
750,4800000.0,1153003105,,500000.0
751,,1153003106,,770000.0
752,,1153003107,,1500000.0
753,,1153003110,250000.0,4340000.0
754,,1163001102,219000.0,1000000.0
755,480000.0,1163001103,,340000.0
756,,1163001104,,82000.0
757,,116300110402,,2020000.0
758,,1163001105,76000.0,437000.0
759,,1163001106,,50000.0
760,,1163001107,300000.0,1600000.0
761,4320000.0,1163001108,192000.0,720000.0
762,,1163001109,24000.0,413000.0
763,1728000.0,1163001110,,1728000.0
764,,1163001301,50000.0,1300000.0
765,,1163001302,143000.0,200000.0
766,,1163001303,-6000.0,300000.0
767,720000.0,1163001304,90000.0,1830000.0
768,6072000.0,1163001305,,0.0
769,,1163001307,200000.0,822000.0
770,,1163001310,200000.0,750000.0
771,,116300131002,,51200000.0
772,,2013000401,,543000.0
773,,2013000402,,600000.0
774,,2013000403,6000.0,830000.0
775,1984192.0,2013000404,7000.0,570000.0
776,,2013000406,,180000.0
777,,2013000407,,650000.0
778,,2013000408,,750000.0
779,,2013000409,,800000.0
780,,2013000410,388000.0,5300000.0
781,,2013000601,,250000.0
782,2160000.0,2013000602,,5410000.0
783,720000.0,2013000603,-9000.0,1420000.0
784,,2013000604,4000.0,605000.0
785,,2013000605,,540000.0
786,1440000.0,2013000606,,420000.0
787,,2013000607,,3700000.0
788,60000.0,2013000609,5000.0,75000.0
789,210000.0,2013000610,,0.0
790,2208000.0,2013000804,,1260000.0
791,,2013000805,,100000.0
792,,2013000806,,557000.0
793,,2013000808,115000.0,1090000.0
794,,2013000809,,1200000.0
795,,201300080905,,480000.0
796,,2013000810,,1400000.0
797,9000.0,2013000901,125000.0,700000.0
798,4320000.0,2013000902,20000.0,171000.0
799,,2013000905,,90000.0
800,,2013000906,,840000.0
801,,2013000907,600000.0,31100000.0
802,,2013000909,84000.0,770000.0
803,,2013000910,,10500000.0
804,1344000.0,2013000911,,980000.0
805,,2021000103,-4700000.0,3800000.0
806,,2021000105,40000.0,720000.0
807,660000.0,2021000106,,0.0
808,,2021000107,3700000.0,1860000.0
809,,2021000109,90000.0,0.0
810,,2023000502,,0.0
811,,2023000503,,1020000.0
812,3276000.0,2023000504,,120000.0
813,,2023000505,80000.0,1550000.0
814,,2023000506,,100000.0
815,,2023000508,100000.0,1680000.0
816,,2023000509,,2400000.0
817,2160000.0,2023000510,,200000.0
818,,2023000701,-15000.0,500000.0
819,,2023000702,,0.0
820,,2023000703,,190000.0
821,,2023000704,20000.0,480000.0
822,,2023000705,,150000.0
823,,2023000706,,628000.0
824,6000000.0,2023000707,40000.0,0.0
825,,2023000708,,80000.0
826,,2023000709,,100000.0
827,,2023000710,,240000.0
828,,202300071002,,30001.0
829,1440000.0,2031000103,,100000.0
830,,2031000106,,20000.0
831,,2031000109,-1180000.0,740000.0
832,1248000.0,2031000110,80000.0,5012000.0
833,576000.0,2031000114,-225000.0,600000.0
834,,203100040102,620000.0,8400000.0
835,720000.0,2031000402,120000.0,430000.0
836,,2031000404,-40000.0,1580000.0
837,,2031000405,2000.0,430000.0
838,576000.0,2031000406,200000.0,6346000.0
839,4000000.0,203100040603,3870000.0,6420000.0
840,3000000.0,203100040604,610000.0,5400000.0
841,864000.0,2031000407,162000.0,6100000.0
842,,2031000409,-19100000.0,8288000.0
843,48000000.0,2031000410,,29376000.0
844,100000.0,2033000801,-10000.0,1110000.0
845,,2033000802,-6000.0,2630000.0
846,36000.0,2033000803,98000.0,1200000.0
847,,203300080303,,950000.0
848,144000.0,2033000804,288000.0,2160000.0
849,,2033000806,,400000.0
850,,2033000807,,280500.0
851,,2033000808,,200000.0
852,,2033000809,,1820000.0
853,,2033001801,50000.0,
854,,2033001804,,1600000.0
855,,203300180403,,820000.0
856,976800.0,2033001805,25000.0,190400.0
857,1800000.0,2033001806,15000.0,
858,1920000.0,2033001807,30000.0,560000.0
859,96000.0,2033001808,,20000.0
860,,203300180804,45000.0,540000.0
861,,2033001809,50000.0,4250000.0
862,,2033001810,,
863,,2033002301,300000.0,3370000.0
864,,2033002302,150000.0,840000.0
865,,2033002303,,400000.0
866,2868000.0,2033002305,,150000.0
867,,2033002307,40000.0,820000.0
868,,2033002308,,1400000.0
869,8640000.0,2033002310,40000.0,1170000.0
870,,2033002801,,65000.0
871,300000.0,2033002803,20000.0,450000.0
872,,2033002805,,500000.0
873,,2033002806,,24000.0
874,,2033002807,,480000.0
875,,2033002808,565000.0,1160000.0
876,168000.0,2033002811,,0.0
877,,2033003302,100000.0,3200000.0
878,240000.0,2033003303,-80500.0,5518000.0
879,,2033003304,,200000.0
880,4800000.0,2033003305,500000.0,5150000.0
881,576000.0,203300330503,215000.0,393000.0
882,,203300330504,110000.0,0.0
883,,203300330511,440000.0,15000000.0
884,,2033003307,15000.0,1007000.0
885,,2033003308,,900000.0
886,,2033003309,,188000.0
887,,2033003310,,4700000.0
888,3120000.0,2041000201,,355000.0
889,,2041000202,20000.0,4140000.0
890,7968000.0,2041000204,-81000.0,560000.0
891,2475000.0,204100020809,-310000.0,3710000.0
892,1512000.0,204100020810,,
893,50000.0,2041000209,,0.0
894,3600000.0,2041000210,55000.0,1470000.0
895,1440000.0,2041000603,30000.0,460000.0
896,,2041000606,60000.0,1200000.0
897,,2041000610,70000.0,3060000.0
898,,2041000611,77000.0,1400000.0
899,840000.0,2041000901,30000.0,1440000.0
900,,2041000902,,2974000.0
901,10110000.0,2041000904,167500.0,1080000.0
902,5760000.0,2041000907,,0.0
903,,2041000908,,1420000.0
904,,2041000909,100000.0,800000.0
905,,2041000911,600000.0,8715000.0
906,,2043001201,,0.0
907,,2043001202,65000.0,3475000.0
908,10000.0,2043001204,15000.0,126000.0
909,,2043001205,12000.0,350000.0
910,20000000.0,2043001206,-100000.0,5920000.0
911,168000.0,2043001207,,500000.0
912,,2043001209,,3420000.0
913,116000.0,2043001210,33000.0,1500000.0
914,,2043001212,,850000.0
915,,2043001401,30000.0,1065000.0
916,656400.0,2043001403,19000.0,161000.0
917,,2043001404,,436000.0
918,1440000.0,2043001405,15000.0,1050000.0
919,240000.0,2043001406,,150000.0
920,,2043001409,,150000.0
921,1440000.0,2043001410,47000.0,1170000.0
922,80000.0,2043001411,79800.0,425000.0
923,,2043001501,18000.0,795000.0
924,,2043001503,,440000.0
925,,2043001504,,1800000.0
926,,2043001505,,610000.0
927,2040000.0,2043001506,,300000.0
928,,2043001507,,250000.0
929,48000.0,2043001508,19800.0,1470000.0
930,,2043001509,50000.0,0.0
931,,2043001510,,0.0
932,4320000.0,2051000105,835000.0,3360000.0
933,,2051000106,,120000.0
934,,2051000108,760000.0,7000000.0
935,,2051000109,75000.0,2664000.0
936,,2051000110,,550000.0
937,,2051000111,,0.0
938,,2051000112,-13000.0,120000.0
939,,2053000401,,550000.0
940,20000.0,2053000402,,105000.0
941,,2053000403,56500.0,2210000.0
942,,2053000404,,800000.0
943,,2053000405,,423000.0
944,,2053000406,40000.0,700000.0
945,72000.0,2053000407,10000.0,380000.0
946,720000.0,2053000408,,370000.0
947,,2053000409,,560000.0
948,,2053000410,,2055000.0
949,,2053000902,,3760000.0
950,,2053000903,,170000.0
951,,2053000904,4000.0,660000.0
952,,2053000905,1500.0,100000.0
953,,2053000906,72000.0,985000.0
954,3048000.0,205300090611,,2120000.0
955,,2053000907,,340000.0
956,,2053000908,20000.0,388000.0
957,,2053000909,8000.0,875000.0
958,,2053000910,,288000.0
959,,2053001302,,5440000.0
960,,2053001303,,
961,,2053001304,430000.0,
962,,2053001305,89000.0,623000.0
963,,2053001306,,
964,,2053001307,,0.0
965,,205300130703,,233000.0
966,,2053001308,,
967,,2053001309,,1500000.0
968,1200000.0,205300130910,,35000.0
969,,2053001311,,
970,1620000.0,2053001702,,0.0
971,2176000.0,2053001704,,0.0
972,,2053001705,,150000.0
973,,205300170503,,740000.0
974,,2053001706,40000.0,612000.0
975,8640000.0,2053001707,,0.0
976,,2053001708,-2750.0,180000.0
977,1876000.0,2053001709,44000.0,1137000.0
978,,2053001710,,1290000.0
979,,2053003001,,0.0
980,,2053003003,,205000.0
981,,2053003004,,3190000.0
982,640000.0,2053003006,-40000.0,600000.0
983,288000.0,2053003007,,300000.0
984,6060000.0,2053003008,,530000.0
985,,2053003009,182000.0,5320000.0
986,,2053003010,,200000.0
987,,2063000301,,0.0
988,,2063000302,,560000.0
989,,2063000303,90000.0,380000.0
990,,2063000305,100000.0,3000000.0
991,176000.0,2063000306,20000.0,80000.0
992,,2063000307,,1200000.0
993,,2063000308,58000.0,1470000.0
994,,2063000309,,0.0
995,,2063000310,,0.0
996,130500.0,2073000502,,0.0
997,159000.0,207300050203,10000.0,480000.0
998,4800000.0,207300050204,-5000.0,1360000.0
999,180000.0,2073000503,2000.0,177000.0
1000,,2073000504,20000.0,580000.0
1001,,2073000505,,380000.0
1002,864000.0,2073000506,50000.0,120000.0
1003,756000.0,2073000507,72000.0,80000.0
1004,,2073000508,,230000.0
1005,72000.0,2073000509,30000.0,220000.0
1006,,2073000510,25000.0,2250000.0
1007,134000.0,2073000601,15000.0,410000.0
1008,,2073000602,50000.0,830000.0
1009,2016000.0,2073000603,11000.0,1635800.0
1010,880000.0,2073000604,40000.0,915000.0
1011,,2073000605,,500000.0
1012,372000.0,2073000606,120000.0,230000.0
1013,,2073000607,,5510000.0
1014,,2073000608,155000.0,940000.0
1015,240000.0,2073000609,,280000.0
1016,,2073000610,,13200000.0
1017,9600000.0,2081000101,,600000.0
1018,1056000.0,2081000102,40000.0,195000.0
1019,,2081000104,222000.0,1176000.0
1020,1380000.0,2081000106,340000.0,7515000.0
1021,108000.0,2081000107,35000.0,120000.0
1022,5400000.0,2081000109,,4500000.0
1023,8910000.0,208100010902,,0.0
1024,31680000.0,208100010903,,0.0
1025,18000000.0,208100010905,,2200000.0
1026,9855000.0,2081000110,,2600000.0
1027,5208000.0,2081000111,500000.0,13030000.0
1028,,2083000501,,1064000.0
1029,,2083000502,,1700000.0
1030,,208300050203,,1000000.0
1031,,2083000503,,750000.0
1032,90000.0,2083000504,4000.0,2794000.0
1033,,2083000505,,2200000.0
1034,,2083000506,100000.0,2300000.0
1035,,2083000507,20000.0,3000000.0
1036,20000.0,2083000508,200000.0,7024000.0
1037,23000.0,2083000509,,1227000.0
1038,,208300050903,50000.0,1050000.0
1039,,208300050909,100000.0,1180000.0
1040,760000.0,208300050912,,1730000.0
1041,,2083000510,540000.0,6620000.0
1042,,2083000701,10000.0,700000.0
1043,640000.0,2083000702,108000.0,886000.0
1044,10000.0,208300070203,56000.0,408000.0
1045,,2083000703,95000.0,1609000.0
1046,100000.0,2083000704,12000.0,722000.0
1047,,208300070403,50000.0,684000.0
1048,14000.0,2083000705,100000.0,1910000.0
1049,,2083000706,,1350000.0
1050,,2083000707,9000.0,518000.0
1051,1808000.0,2083000708,,383000.0
1052,,2083000709,,498000.0
1053,168000.0,2083000710,44000.0,1005000.0
1054,48000.0,2083000801,,340000.0
1055,5000.0,2083000802,21600.0,15000.0
1056,,2083000803,,200000.0
1057,,2083000804,,1014000.0
1058,,2083000805,30000.0,862800.0
1059,129000.0,208300080502,8000.0,126500.0
1060,216000.0,2083000806,,100000.0
1061,,2083000807,,2520000.0
1062,,2083000808,,2012000.0
1063,,2083000809,,3020000.0
1064,,208300080903,39000.0,481000.0
1065,96000.0,2083000810,,40000.0
1066,,2091000301,,3000000.0
1067,,2091000306,60000.0,1500000.0
1068,,2091000308,-200000.0,3540000.0
1069,,2091000312,250000.0,1800000.0
1070,,2091000603,,600000.0
1071,,2091000607,2000000.0,8400000.0
1072,7356000.0,2091000608,,0.0
1073,,2091000609,320000.0,20000000.0
1074,7920000.0,209100061003,,0.0
1075,600000.0,2091000611,4300000.0,1200000.0
1076,,2093003301,,30000.0
1077,,2093003302,,860000.0
1078,144000.0,2093003303,,80000.0
1079,,2093003304,,0.0
1080,,2093003305,78000.0,80000.0
1081,,2093003306,,0.0
1082,,209300330602,,100000.0
1083,,209300330603,,330000.0
1084,,2093003307,,60000.0
1085,,2093003308,,40000.0
1086,720000.0,2093003309,,0.0
1087,,2093003310,,560000.0
1088,100000.0,2101000205,,0.0
1089,3750000.0,2101000206,,0.0
1090,,210100020602,-2160000.0,1300000.0
1091,144000.0,2101000207,,174000.0
1092,,2101000208,,0.0
1093,,2101000210,20000.0,360000.0
1094,6720000.0,2101000211,40000.0,968000.0
1095,,2103000402,20000.0,600000.0
1096,,2103000403,,0.0
1097,,2103000404,,100000.0
1098,3720000.0,2103000405,,0.0
1099,,2103000406,,0.0
1100,,2103000407,,310000.0
1101,,2103000408,,600000.0
1102,,2103000409,,150000.0
1103,,2103000410,,200000.0
1104,,2103000411,,130000.0
1105,,2103000602,,0.0
1106,8520000.0,2103000603,105000.0,1000000.0
1107,,2103000604,,0.0
1108,40000.0,2103000605,,120000.0
1109,,2103000606,,0.0
1110,,2103000607,,480000.0
1111,,2103000609,8000.0,680000.0
1112,,2103000610,10000.0,50000.0
1113,71500.0,2103000611,,710000.0
1114,,2103000702,,20000.0
1115,,2103000703,,300000.0
1116,,2103000704,50000.0,580000.0
1117,,2103000705,140000.0,1560000.0
1118,,2103000707,20000.0,0.0
1119,,2103000708,,90000.0
1120,,2103000709,,1100000.0
1121,1872000.0,210300070901,,0.0
1122,,210300070904,,0.0
1123,,210300070905,,80000.0
1124,,2103000710,,1030000.0
1125,1680000.0,2103300030402,150000.0,2880000.0
1126,336000.0,2103300030706,175000.0,2867000.0
1127,,2104300080608,800000.0,6200000.0
1128,7200000.0,2105300080810,180000.0,10885000.0
1129,600000.0,2105300120203,,1620000.0
1130,4800000.0,2106300050603,,1260000.0
1131,7800000.0,2108300230403,,800000.0
1132,,2108300330205,,2000000.0
1133,,2109300040911,220000.0,1100000.0
1134,600000.0,2111000303,57000.0,864000.0
1135,4200000.0,2111000304,,1700000.0
1136,4320000.0,2111000307,,60000.0
1137,,211100030706,,1053000.0
1138,2640000.0,2111000308,400000.0,6410000.0
1139,,2111000311,40600.0,869600.0
1140,1800000.0,2112300060503,,0.0
1141,,2113000401,40000.0,980000.0
1142,,2113000402,,401000.0
1143,9000.0,2113000403,10000.0,1210000.0
1144,240000.0,2113000404,,2360000.0
1145,,2113000405,-10000.0,1120000.0
1146,412500.0,2113000406,,201000.0
1147,,2113000407,45000.0,1120000.0
1148,2664000.0,2113000408,44500.0,9208000.0
1149,3024000.0,2113000409,84000.0,800000.0
1150,,2113000410,181000.0,3192000.0
1151,16000.0,2113000602,,70000.0
1152,90000.0,2113000604,30800.0,480000.0
1153,,2113000605,,950000.0
1154,4760000.0,2113000606,,350000.0
1155,,2113000607,,600000.0
1156,694800.0,2113000608,,12443000.0
1157,,2113000609,40000.0,400000.0
1158,,2113000610,80000.0,920000.0
1159,640000.0,2113000701,60000.0,1763500.0
1160,,2113000702,30000.0,1100000.0
1161,,2113000703,,266000.0
1162,,2113000704,,4300000.0
1163,3461250.0,2113000705,-339975.0,610000.0
1164,2170000.0,2113000706,,510000.0
1165,49000.0,2113000707,613200.0,6846000.0
1166,1000.0,2113000708,,1270000.0
1167,,2113000709,50000.0,1920000.0
1168,,211300070903,52400.0,968000.0
1169,240000.0,211300070905,194000.0,1650000.0
1170,,211300070906,400000.0,1218000.0
1171,360000.0,2113000710,151600.0,2996000.0
1172,28836000.0,2113000901,,200000.0
1173,44000.0,2113000902,,15000.0
1174,960000.0,2113000903,80000.0,234000.0
1175,192000.0,2113000905,110000.0,1500000.0
1176,2592000.0,211300090503,40000.0,850000.0
1177,,211300090504,100000.0,2015000.0
1178,1305000.0,2113000906,,2010000.0
1179,2484000.0,2113000907,,200000.0
1180,130000.0,2113000908,,4200000.0
1181,,2113000909,1900000.0,19150000.0
1182,,2113000910,520000.0,3998000.0
1183,,2116300110803,,2070000.0
1184,2400000.0,2121000304,,0.0
1185,,2121000305,-2000.0,118000.0
1186,,2121000306,16000.0,120000.0
1187,,2121000307,60000.0,760000.0
1188,2100000.0,2121000311,,600000.0
1189,,2123000802,,500000.0
1190,,2123000803,720000.0,960000.0
1191,,2123000804,27000.0,700000.0
1192,240000.0,2123000806,,0.0
1193,,2123000807,,0.0
1194,,2123000808,,360000.0
1195,,2123000809,20000.0,0.0
1196,,212300080905,250000.0,600000.0
1197,,2123000810,,1800000.0
1198,,2123000902,,540000.0
1199,96000.0,2123000903,,120000.0
1200,,2123000904,,200000.0
1201,,2123000905,,300000.0
1202,21000.0,2123000906,,0.0
1203,,2123000907,,720000.0
1204,,2123000909,,100000.0
1205,48000.0,2123000910,,200000.0
1206,,212300091101,25000.0,400000.0
1207,4800000.0,2123001102,50000.0,960000.0
1208,,2123001103,40000.0,660000.0
1209,,2123001104,20000.0,1840000.0
1210,,2123001105,,840000.0
1211,,2123001106,,100000.0
1212,,2123001107,,70000.0
1213,,212300110703,,240000.0
1214,,2123001108,10000.0,360000.0
1215,,2123001109,,0.0
1216,,2123001110,1660000.0,6440000.0
1217,,212300111005,-30000.0,3650000.0
1218,160000.0,2123001301,,80000.0
1219,,2123001302,,0.0
1220,14400000.0,2123001303,30000.0,660000.0
1221,,2123001305,,300000.0
1222,,2123001307,,120000.0
1223,,2123001309,20000.0,480000.0
1224,480000.0,2123001310,,1300000.0
1225,1280000.0,2143000202,,0.0
1226,624000.0,2143000203,33000.0,2360000.0
1227,2148000.0,2143000204,,385000.0
1228,,2143000205,117000.0,1400000.0
1229,,2143000206,,1700000.0
1230,960000.0,2143000207,,830000.0
1231,,2143000208,28800.0,1080000.0
1232,,214300020802,,950000.0
1233,,214300020804,40000.0,500000.0
1234,,214300020807,,310000.0
1235,,214300020808,260000.0,3440000.0
1236,330000.0,2143000210,400000.0,1369000.0
1237,,2143000301,,1290000.0
1238,288000.0,2143000302,,195000.0
1239,900000.0,2143000308,64000.0,400000.0
1240,,2143000309,,700000.0
1241,,2143000310,,210000.0
1242,3120000.0,2151000101,,0.0
1243,180000.0,2151000103,,120000.0
1244,,2151000104,,60000.0
1245,,2151000105,,0.0
1246,,2151000106,100000.0,2130000.0
1247,,2151000109,55000.0,400000.0
1248,,2151000110,20000.0,690000.0
1249,2550000.0,2153000202,,350000.0
1250,,2153000203,60000.0,600000.0
1251,,2153000204,,0.0
1252,,2153000206,-190000.0,1900000.0
1253,1176000.0,2153000207,,200000.0
1254,,2153000208,,70000.0
1255,720000.0,2153000209,,440000.0
1256,1440000.0,2153000211,350000.0,1080000.0
1257,72000.0,2153000401,,280000.0
1258,,2153000402,30000.0,100000.0
1259,,2153000405,27000.0,280000.0
1260,,2153000406,15000.0,130000.0
1261,1200000.0,215300040603,,1000000.0
1262,,2153000408,,170000.0
1263,,2153000409,,1050000.0
1264,,2153000410,150000.0,980000.0
1265,,2153000411,24000.0,100000.0
1266,,2153000601,,120000.0
1267,,2153000603,30000.0,350000.0
1268,,2153000604,,120000.0
1269,1800000.0,2153000605,,0.0
1270,,2153000607,,150000.0
1271,1440000.0,215300060703,,0.0
1272,,215300060705,,100000.0
1273,,2153000608,,3900000.0
1274,,2153000609,,0.0
1275,,2153000610,,1230000.0
1276,,2153000701,,480000.0
1277,,2153000702,,170000.0
1278,36000.0,2153000703,,0.0
1279,,2153000704,60000.0,720000.0
1280,,2153000705,100000.0,1500000.0
1281,,2153000706,24000.0,1300000.0
1282,,2153000707,,0.0
1283,,2153000708,,120000.0
1284,480000.0,2153000709,,0.0
1285,,2153000710,120000.0,1500000.0
1286,,2163000302,225000.0,4012000.0
1287,6000.0,2163000307,400.0,560000.0
1288,,2163000308,10000.0,1280000.0
1289,120000.0,2163000310,360000.0,3500000.0
1290,,2173000902,,0.0
1291,,2173000903,,350000.0
1292,,2173000904,,0.0
1293,,2173000905,,440000.0
1294,,2173000907,,70000.0
1295,,2173000908,100000.0,1500000.0
1296,3720000.0,217300090803,,768000.0
1297,,2173000909,,170000.0
1298,,2173000912,,180000.0
1299,,2183003702,,0.0
1300,5000.0,2183003703,12000.0,125000.0
1301,,2183003704,,140000.0
1302,,2183003705,135000.0,1440000.0
1303,,2183003706,,50000.0
1304,,2183003708,,100000.0
1305,,2183003709,390000.0,4300000.0
1306,,2183003710,,0.0
1307,40000.0,2193000301,20000.0,170000.0
1308,,2193000302,,370000.0
1309,,2193000303,,36794000.0
1310,,2193000304,100000.0,650000.0
1311,,2193000306,174000.0,2970000.0
1312,,2193000307,,1550000.0
1313,162000.0,2193000308,,60000.0
1314,,2193000309,1150000.0,11440000.0
1315,15000.0,2193000310,350000.0,2050000.0
1316,,2203000102,,270000.0
1317,,2203000103,,400000.0
1318,,2203000104,12000.0,180000.0
1319,,2203000107,,0.0
1320,,2203000108,,50009.0
1321,,2203000109,,170000.0
1322,,2203000110,500000.0,57600000.0
1323,,2212300091005,,240000.0
1324,,2213000601,55000.0,500000.0
1325,,2213000602,84000.0,1200000.0
1326,,2213000603,,156000.0
1327,,2213000604,,240000.0
1328,,2213000605,,0.0
1329,,2213000607,,20000.0
1330,,2213000608,,240000.0
1331,10000.0,2213000609,,0.0
1332,,2213000610,,460000.0
1333,576000.0,2223002201,75000.0,890000.0
1334,,2223002203,,75000.0
1335,,2223002205,-40000.0,520000.0
1336,57600.0,2223002206,47600.0,1870000.0
1337,800000.0,2223002207,,75000.0
1338,,2223002208,,700000.0
1339,2160000.0,2223002209,,1000000.0
1340,,2223002210,,1500000.0
1341,,222300221011,15000.0,810000.0
1342,5520000.0,222300221014,,400000.0
1343,,222300221017,,0.0
1344,,222300221018,50000.0,150000.0
1345,,222300221024,,8600000.0
1346,,2223002601,,620000.0
1347,,2223002602,69988.0,1540000.0
1348,,2223002603,,430000.0
1349,,2223002604,,315000.0
1350,,2223002606,45000.0,95000.0
1351,,2223002607,50000.0,650000.0
1352,300000.0,2223002608,,170000.0
1353,3144000.0,2223002609,,1050000.0
1354,480000.0,2223002610,,2000000.0
1355,,2223002611,,61000.0
1356,576000.0,2233001101,,0.0
1357,,2233001102,,100000.0
1358,,2233001103,,360000.0
1359,,2233001104,,0.0
1360,,2233001105,,180000.0
1361,,2233001106,,50000.0
1362,,223300110603,,50000.0
1363,,223300110608,,480000.0
1364,,2233001107,20000.0,300000.0
1365,,2233001108,,60000.0
1366,,2233001109,,150000.0
1367,,2233001110,,800000.0
1368,,2233001402,,0.0
1369,,2233001403,,200000.0
1370,,2233001404,,140000.0
1371,,2233001406,3000.0,80000.0
1372,,2233001407,,600000.0
1373,,2233001408,,0.0
1374,,2233001410,370000.0,450000.0
1375,,2233001802,,120000.0
1376,,2233001803,150000.0,2100000.0
1377,,2233001804,,100000.0
1378,,2233001805,,160000.0
1379,240000.0,2233001806,,30000.0
1380,,2233001807,43000.0,780000.0
1381,2760000.0,223300180704,,2410000.0
1382,,2233001808,,90000.0
1383,,223300180803,90000.0,530000.0
1384,,2233001809,,0.0
1385,,2233001810,,0.0
1386,,2233002201,-60000.0,180000.0
1387,1440000.0,2233002202,,50000.0
1388,2340000.0,2233002203,,0.0
1389,,2233002204,,120000.0
1390,,2233002205,80000.0,1080000.0
1391,,2233002206,,440000.0
1392,,2233002207,,70000.0
1393,,2233002208,-450000.0,1265000.0
1394,,2233002209,,450000.0
1395,3120000.0,2233002210,,600000.0
1396,324000.0,2233002601,,60000.0
1397,,2233002602,,0.0
1398,72000.0,2233002603,8000.0,50000.0
1399,560000.0,2233002604,,480000.0
1400,,2233002605,,230000.0
1401,,2233002607,,150000.0
1402,,2233002608,,770000.0
1403,,2233002609,,0.0
1404,,2233002610,,500000.0
1405,,2233002901,,360000.0
1406,,2233002902,,700000.0
1407,100000.0,2233002903,,60000.0
1408,,2233002904,,70000.0
1409,,2233002905,60000.0,1500000.0
1410,90000.0,2233002906,,100000.0
1411,,2233002907,,40000.0
1412,,2233002908,,240000.0
1413,288000.0,2233002909,,0.0
1414,,2233002910,,0.0
1415,,2243001302,,700000.0
1416,,2243001303,,190000.0
1417,,2243001304,,115000.0
1418,,2243001305,,370000.0
1419,,2243001306,30000.0,860000.0
1420,,2243001307,150000.0,2280000.0
1421,,2243001308,,30000.0
1422,,2243001309,,4765000.0
1423,2500000.0,2243001310,,31820000.0
1424,,224300131003,70000.0,0.0
1425,,224300131004,,3000000.0
1426,3600000.0,224300131006,,600000.0
1427,,2302300080102,4000.0,730000.0
1428,2592000.0,2302300351202,8000.0,248000.0
1429,216000.0,2302300351204,,0.0
1430,,2307300170803,,113000.0
1431,576000.0,2307300220102,,116000.0
1432,,2309300020710,12000.0,456000.0
1433,1728000.0,2321300280802,,2270000.0
1434,,3013000301,,1000000.0
1435,550000.0,3013000302,,2950000.0
1436,,3013000303,4000.0,640000.0
1437,,3013000304,59500.0,1190000.0
1438,,3013000305,90000.0,2902000.0
1439,,3013000306,360000.0,3110000.0
1440,,3013000308,,1670000.0
1441,50000.0,3013000309,,1550000.0
1442,,3013000310,90000.0,3334000.0
1443,,3021000201,69000.0,1290000.0
1444,3000000.0,3021000203,,1250000.0
1445,,3021000205,70000.0,2620000.0
1446,,3021000207,909000.0,11236300.0
1447,21600000.0,3021000210,,6990000.0
1448,8400000.0,3021000211,300000.0,1700000.0
1449,,3021000212,500000.0,816000.0
1450,,3021000213,520000.0,888000.0
1451,,3023000301,,370000.0
1452,,3023000302,,448000.0
1453,240000.0,3023000303,20000.0,585500.0
1454,,302300030303,,450000.0
1455,,302300030307,380000.0,1845000.0
1456,,3023000304,58000.0,1002000.0
1457,,302300030403,,500000.0
1458,36000.0,302300030404,4500.0,671000.0
1459,,3023000305,,453000.0
1460,,3023000306,45000.0,609000.0
1461,48800.0,3023000307,17700.0,630000.0
1462,22000.0,3023000308,,160000.0
1463,,3023000309,22000.0,1360000.0
1464,,3023000310,,2680000.0
1465,,3023000501,,215000.0
1466,,3023000502,,1230000.0
1467,,302300050202,38000.0,492000.0
1468,340000.0,302300050205,,490000.0
1469,,3023000503,15500.0,1790000.0
1470,,3023000504,,262000.0
1471,,3023000505,21000.0,830000.0
1472,592000.0,3023000506,,430000.0
1473,2860000.0,3023000507,93000.0,1135000.0
1474,61200.0,3023000508,82000.0,855000.0
1475,,3023000509,,510000.0
1476,,3023000510,,2650000.0
1477,3888000.0,302300051003,,1430000.0
1478,,302300051004,750000.0,2500000.0
1479,,3023000801,27000.0,700000.0
1480,,302300080103,50000.0,885000.0
1481,,3023000802,,270000.0
1482,,3023000803,92000.0,2150000.0
1483,,3023000806,2000.0,352700.0
1484,1632000.0,3023000807,16000.0,955000.0
1485,,3023000808,37000.0,636000.0
1486,360000.0,3023000809,,215000.0
1487,,3023000811,18500.0,1410000.0
1488,115200.0,3023001002,3500.0,162000.0
1489,,3023001004,,990000.0
1490,,3023001006,8000.0,578000.0
1491,,3023001007,16000.0,530000.0
1492,,3023001008,,386000.0
1493,,3023001009,15000.0,292000.0
1494,,3023001304,,580000.0
1495,,3023001305,170000.0,690000.0
1496,,3023001306,25000.0,850000.0
1497,,3023001307,,298000.0
1498,,3023001310,200000.0,3400000.0
1499,480000.0,3023001311,,6000.0
1500,,3023001312,360000.0,1055000.0
1501,2540000.0,3023001313,,3198000.0
1502,,3023001601,300000.0,5140000.0
1503,,302300160107,,470000.0
1504,,3023001602,,494000.0
1505,,3023001603,143000.0,2310000.0
1506,225600.0,3023001604,5000.0,483000.0
1507,,3023001605,9000.0,1920000.0
1508,,3023001606,,1025000.0
1509,136000.0,3023001607,,940000.0
1510,,3023001608,20000.0,868000.0
1511,,3023001609,,1350000.0
1512,,3023001610,,7040000.0
1513,,3023001812,190000.0,4250000.0
1514,10920000.0,3023003501,,170000.0
1515,,3023003503,27000.0,1645000.0
1516,,3023003504,,450000.0
1517,,3023003505,4500.0,705000.0
1518,64.0,3023003507,120000.0,1713000.0
1519,240000.0,3023003508,,2000000.0
1520,,3023003510,47000.0,4050000.0
1521,,3023003511,,80000.0
1522,720000.0,3023003512,30000.0,423000.0
1523,210000.0,302300351203,20000.0,801000.0
1524,5880000.0,3031000202,,11314000.0
1525,,3031000204,,930000.0
1526,5640000.0,3031000205,,2400000.0
1527,6000000.0,3031000206,,250000.0
1528,960000.0,3031000207,3500.0,168000.0
1529,,3031000210,,770000.0
1530,,3031000211,370000.0,5950000.0
1531,,303100021105,1843000.0,5722000.0
1532,,303100021110,,2840000.0
1533,,3031000213,64000.0,4760000.0
1534,,3031000214,,3440000.0
1535,,3033000601,660000.0,2468000.0
1536,504000.0,3033000602,,500000.0
1537,200000.0,3033000604,20000.0,340000.0
1538,216000.0,3033000605,,685000.0
1539,,3033000606,21000.0,1364000.0
1540,,3033000607,104000.0,1568000.0
1541,,3033000608,,920000.0
1542,151000.0,3033000609,,320000.0
1543,30000.0,3033000610,80000.0,1760000.0
1544,,3033000901,700000.0,9700000.0
1545,62400000.0,303300090106,,0.0
1546,8480000.0,3033000902,100000.0,1060000.0
1547,3150000.0,3033000903,,350000.0
1548,,3033000905,2160000.0,20180000.0
1549,264000.0,3033000907,,240000.0
1550,1152000.0,303300090702,204000.0,1632000.0
1551,672000.0,3033000908,,630000.0
1552,314000.0,3033000909,2000.0,737000.0
1553,2030000.0,3033000910,627500.0,14030000.0
1554,14400000.0,3033001501,,5000000.0
1555,720000.0,3033001502,60000.0,1030000.0
1556,,3033001504,78000.0,995000.0
1557,,3033001505,,1036000.0
1558,,3033001507,140000.0,2420000.0
1559,60000.0,3033001508,60000.0,1128000.0
1560,2805000.0,3033001509,7255000.0,4125000.0
1561,520000.0,3033001511,45000.0,1730000.0
1562,,3033001512,,1790000.0
1563,,3033001513,65000.0,1390000.0
1564,72000.0,3033003301,13000.0,744000.0
1565,,3033003302,21000.0,564500.0
1566,,3033003303,,2145000.0
1567,,3033003304,8000.0,190000.0
1568,,3033003306,24000.0,2437200.0
1569,,3033003307,,2596000.0
1570,,3033003308,,850000.0
1571,36000.0,3033003309,3000.0,2836000.0
1572,,3033003311,54000.0,1762000.0
1573,2448000.0,3041000202,,39650000.0
1574,,3041000203,125000.0,5240000.0
1575,1440000.0,3041000204,197600.0,2640000.0
1576,,3041000205,28000.0,920000.0
1577,7335000.0,3041000207,-110000.0,660000.0
1578,,304100020702,,750000.0
1579,2300000.0,304100020707,,0.0
1580,,3041000208,100000.0,3202400.0
1581,,3041000209,20000.0,3830000.0
1582,4500000.0,3041000210,585000.0,500000.0
1583,60000.0,3041000401,27000.0,579000.0
1584,,3041000402,,1830000.0
1585,910000.0,3041000403,10000.0,1145000.0
1586,85000.0,304100040304,,15000.0
1587,,3041000404,15000.0,582000.0
1588,,3041000406,320000.0,145000.0
1589,126000.0,3041000408,3000.0,229000.0
1590,1032000.0,3041000409,,315000.0
1591,,304100041001,21000.0,690000.0
1592,31440000.0,3041000411,,0.0
1593,120000.0,3041000701,,223000.0
1594,24000.0,304100070102,,350000.0
1595,360000.0,304100070105,20000.0,2560000.0
1596,1440000.0,3041000702,20000.0,0.0
1597,936000.0,3041000703,120000.0,1032000.0
1598,160000.0,3041000704,,650000.0
1599,28000.0,3041000705,,600000.0
1600,,3041000706,60000.0,1300000.0
1601,,3041000708,205000.0,110000.0
1602,72000.0,304100070802,,570000.0
1603,48000.0,304100070803,16000.0,350000.0
1604,4560000.0,3041000710,,33639000.0
1605,1070400.0,3041000711,5000.0,932000.0
1606,,3043000901,,2760000.0
1607,,3043000902,659000.0,1104000.0
1608,48000.0,3043000903,,280000.0
1609,,3043000904,80000.0,2460000.0
1610,250000.0,3043000905,56000.0,990000.0
1611,23040000.0,3043000906,,120000.0
1612,,3043000907,,411000.0
1613,,3043000909,40000.0,280000.0
1614,,3043000910,,1210000.0
1615,,3043000911,37000.0,1245000.0
1616,,3043001401,,140000.0
1617,,3043001402,50000.0,835500.0
1618,,3043001403,19000.0,515000.0
1619,72000.0,3043001404,,195000.0
1620,18000.0,3043001405,9000.0,344000.0
1621,,3043001406,,1950000.0
1622,1440000.0,3043001407,18000.0,130000.0
1623,,3043001408,120000.0,1970000.0
1624,,304300140803,185500.0,1410000.0
1625,,3043001409,,2500000.0
1626,960000.0,3043001410,10000.0,180000.0
1627,,3051000101,-13000.0,540000.0
1628,3150000.0,3051000102,2100000.0,35250000.0
1629,10000.0,3051000103,8000.0,146000.0
1630,8784000.0,3051000105,5000.0,1200000.0
1631,600000.0,3051000107,15000.0,228000.0
1632,3272000.0,3051000108,,750000.0
1633,,3051000109,1145000.0,8440000.0
1634,,3051000110,,20690000.0
1635,29500.0,3063000202,,120000.0
1636,,3063000601,24000.0,882000.0
1637,560000.0,3063000602,20000.0,300000.0
1638,1488000.0,3063000603,,80000.0
1639,,3063000608,28000.0,294000.0
1640,115000.0,3063000609,36000.0,582000.0
1641,192000.0,3063000610,50000.0,500000.0
1642,868000.0,3063000612,20000.0,250000.0
1643,,3063000701,30000.0,360000.0
1644,144000.0,3063000703,,20000.0
1645,,3063000704,20000.0,440000.0
1646,1008000.0,3063000705,,5000.0
1647,156000.0,3063000706,20000.0,150000.0
1648,85000.0,3063000708,28000.0,386000.0
1649,456048.0,3063000709,70000.0,0.0
1650,468000.0,3063000710,15000.0,0.0
1651,54000.0,3063000711,12000.0,7000.0
1652,,3071000201,213000.0,3270000.0
1653,,3071000202,33000.0,460000.0
1654,,3071000203,300000.0,7285000.0
1655,1500000.0,3071000207,20000.0,830000.0
1656,,3071000208,24000.0,1340000.0
1657,7680000.0,3071000211,214000.0,2397000.0
1658,,3071000501,40000.0,1700000.0
1659,22656000.0,3071000503,,0.0
1660,,307100050306,,932000.0
1661,128000.0,307100050307,15000.0,740000.0
1662,3684000.0,3071000506,,5000.0
1663,,3071000507,48000.0,680000.0
1664,,307100050702,25000.0,3520000.0
1665,,3071000508,120000.0,3620000.0
1666,,3071000701,-375000.0,1180000.0
1667,,3071000702,240000.0,5180000.0
1668,,3071000703,1525000.0,10445000.0
1669,,3071000704,100000.0,9220000.0
1670,,307100070403,,106000.0
1671,9815000.0,307100070405,655000.0,4550000.0
1672,,3071000706,100000.0,1700000.0
1673,,3071000714,720000.0,2570000.0
1674,,3073001201,150000.0,1214500.0
1675,3660000.0,3073001204,325000.0,9541500.0
1676,,3073001206,4000.0,303000.0
1677,2400000.0,3073001207,,180000.0
1678,,3073001208,120000.0,1309000.0
1679,8640000.0,3073001209,156000.0,3695000.0
1680,84000.0,3073001210,,22560000.0
1681,,3073001701,,1928000.0
1682,,3073001702,,1290000.0
1683,,3073001703,,166000.0
1684,192000.0,3073001706,,96000.0
1685,,3073001707,45000.0,1335000.0
1686,,307300170702,,320000.0
1687,,307300170709,140000.0,1555000.0
1688,,3073001708,,109000.0
1689,,307300170804,,557000.0
1690,,3073001709,6000.0,893000.0
1691,3744000.0,3073001710,15000.0,10565000.0
1692,,3073001714,,550000.0
1693,7200000.0,3073001801,,655000.0
1694,,3073001802,65000.0,1120000.0
1695,,3073001803,,150000.0
1696,,3073001804,,560000.0
1697,,3073001805,,344000.0
1698,,3073001806,,273000.0
1699,,3073001808,150000.0,2246000.0
1700,,307300180802,136000.0,1500000.0
1701,3000000.0,307300180803,50000.0,50000.0
1702,,3073001809,10000.0,186000.0
1703,,3073001810,20000.0,1160000.0
1704,,3073001811,,1311000.0
1705,1920000.0,3073002002,150000.0,1260000.0
1706,,3073002005,8000.0,510000.0
1707,732000.0,3073002006,,125000.0
1708,,3073002007,32000.0,490000.0
1709,80000.0,3073002201,,627000.0
1710,,307300220105,103000.0,790000.0
1711,,3073002203,10000.0,1034000.0
1712,288000.0,3073002204,,179000.0
1713,,3073002205,100000.0,2867000.0
1714,6000.0,3073002206,,177000.0
1715,10000.0,3073002207,30000.0,350000.0
1716,,3073002208,44000.0,950000.0
1717,,3073002209,4000.0,1545000.0
1718,32000.0,307300220903,,360000.0
1719,33600000.0,3073002210,420000.0,1410000.0
1720,816000.0,3073002301,40000.0,1110000.0
1721,80000.0,3073002302,30000.0,2470000.0
1722,,3073002303,150000.0,1530000.0
1723,60000.0,3073002304,,446000.0
1724,,3073002305,,45000.0
1725,,307300230503,40000.0,525000.0
1726,,3073002306,,245000.0
1727,,3073002307,25000.0,1433000.0
1728,,3073002308,,950000.0
1729,,3073002309,,470000.0
1730,16000.0,3073002310,40000.0,412000.0
1731,,3073002501,,344000.0
1732,,3073002502,,650000.0
1733,,3073002503,,200000.0
1734,,3073002504,,390000.0
1735,,3073002505,3500.0,338500.0
1736,,3073002506,,1425000.0
1737,5000.0,3073002507,,448000.0
1738,720000.0,3073002508,50000.0,1792000.0
1739,3744000.0,3073002509,3000.0,3830000.0
1740,2790000.0,307300250904,,0.0
1741,16500.0,3073002510,,2429000.0
1742,468000.0,3083000103,,0.0
1743,,3083000106,20000.0,120000.0
1744,360000.0,3083000107,14000.0,336000.0
1745,3705600.0,3083000109,129600.0,1041600.0
1746,313000.0,308300010901,737900.0,1061000.0
1747,,308300010903,480000.0,3010000.0
1748,,308300010905,100000.0,1400000.0
1749,29544000.0,3083000110,575000.0,3237000.0
1750,447000.0,3083000111,15600.0,18200.0
1751,,3083000201,-5000.0,410000.0
1752,162000.0,3083000202,,190000.0
1753,180000.0,3083000203,46000.0,376400.0
1754,,3083000204,40000.0,500000.0
1755,216000.0,3083000206,,0.0
1756,150000.0,3083000207,2500.0,350000.0
1757,72000.0,3083000208,20000.0,348000.0
1758,42000.0,3083000210,7500.0,10000.0
1759,172800.0,3083000401,36000.0,0.0
1760,,3083000402,34000.0,429000.0
1761,36000.0,3083000404,12000.0,122000.0
1762,192000.0,3083000405,10000.0,870000.0
1763,828000.0,3083000406,40000.0,191000.0
1764,534000.0,3083000407,30000.0,550000.0
1765,48000.0,3083000408,20000.0,420000.0
1766,240000.0,3083000410,,200000.0
1767,6000000.0,3083000411,6000.0,311200.0
1768,360000.0,3083000412,13500.0,175000.0
1769,,3093000102,,150000.0
1770,,3093000103,14000.0,418000.0
1771,,3093000104,112000.0,1954000.0
1772,,3093000105,5000.0,2750000.0
1773,108000.0,3093000106,640000.0,10230000.0
1774,1152000.0,3093000107,,1750000.0
1775,,3093000108,,3230000.0
1776,120000.0,3093000109,,1520000.0
1777,,309300010903,1085000.0,8530000.0
1778,480000.0,3093000110,290000.0,3860000.0
1779,2390000.0,3093000113,,6000000.0
1780,,3093000201,,2300000.0
1781,,3093000203,50000.0,1200000.0
1782,84000.0,3093000204,,650000.0
1783,24000.0,3093000205,50000.0,1550000.0
1784,,3093000206,,860000.0
1785,720000.0,3093000207,32000.0,1012000.0
1786,2370000.0,309300020703,,1850000.0
1787,560000.0,309300020706,50000.0,2325000.0
1788,69000.0,3093000208,,1130000.0
1789,,3093000210,,1740000.0
1790,576000.0,3101000102,48000.0,2076000.0
1791,784000.0,3101000103,42000.0,1309000.0
1792,,3101000105,18000.0,1851000.0
1793,1758000.0,3101000107,5000.0,330000.0
1794,648000.0,3101000108,20000.0,660000.0
1795,,310100010805,220500.0,344000.0
1796,,310100010807,150000.0,1820000.0
1797,,3101000109,18000.0,2700000.0
1798,,3101000110,,1050000.0
1799,,3101000401,1620000.0,10080000.0
1800,,3101000402,955000.0,4320000.0
1801,,3101000404,,610000.0
1802,,3101000406,300000.0,34800000.0
1803,,3101000409,120000.0,2440000.0
1804,,3101000410,7000.0,717000.0
1805,,3101000411,,580000.0
1806,,3101000412,,1518000.0
1807,,3103000601,,350000.0
1808,4032000.0,3103000602,250000.0,3050000.0
1809,220000.0,3103000603,,340000.0
1810,,3103000604,,358000.0
1811,,3103000606,325000.0,5200000.0
1812,,3103000607,,470000.0
1813,84000.0,3103000608,,750000.0
1814,,3103000609,,3105000.0
1815,24000.0,3103000701,39000.0,1826000.0
1816,,3103000702,,495000.0
1817,2000.0,3103000703,20000.0,790000.0
1818,360000.0,3103000705,,550000.0
1819,1120000.0,3103000707,154000.0,565000.0
1820,903000.0,3103000708,,820000.0
1821,,3103000709,,800000.0
1822,,3103000710,,5150000.0
1823,,3103000801,12000.0,644000.0
1824,216000.0,3103000802,20000.0,1080000.0
1825,,3103000803,120000.0,7560000.0
1826,,3103000804,,495000.0
1827,15000.0,3103000805,,895000.0
1828,440000.0,3103000807,,2419000.0
1829,12000.0,3103000809,,1060000.0
1830,,3103000811,,2250000.0
1831,,3103000901,,210000.0
1832,,3103000902,,423000.0
1833,744000.0,3103000903,20000.0,2334000.0
1834,240000.0,3103000904,,340000.0
1835,,3103000905,,3320000.0
1836,8000.0,3103000906,,570000.0
1837,,3103000907,,250000.0
1838,144000.0,3103000908,45000.0,1635000.0
1839,72000.0,3103000909,-12000.0,1298000.0
1840,4500.0,3103000910,25000.0,2200000.0
1841,3000000.0,3103001001,,632000.0
1842,700112.0,3103001003,,330000.0
1843,21000.0,310300100301,,1440000.0
1844,,310300100303,8000.0,724000.0
1845,144000.0,310300100308,7500.0,165000.0
1846,,3103001004,40000.0,1135000.0
1847,276000.0,310300100403,32000.0,837000.0
1848,,3103001005,14000.0,1436000.0
1849,624000.0,3103001006,10000.0,1035000.0
1850,,3103001007,8000.0,907000.0
1851,,3103001008,84000.0,765000.0
1852,,3103001010,,560000.0
1853,,3103001011,33000.0,770000.0
1854,,3103001201,,467000.0
1855,,310300120102,,900000.0
1856,,3103001202,12000.0,815000.0
1857,3456000.0,3103001203,,2350000.0
1858,1303920.0,3103001207,,1090000.0
1859,,3103001208,40000.0,718000.0
1860,,3103001209,,1600000.0
1861,,3103001210,5000.0,1176000.0
1862,75000.0,3103001211,,950000.0
1863,4000.0,3111000105,1101900.0,14222800.0
1864,120000.0,3111000107,41000.0,525000.0
1865,384000.0,3111000109,80000.0,935000.0
1866,792000.0,3111000111,,740000.0
1867,,3111000112,,410000.0
1868,32000.0,3113000301,40000.0,320000.0
1869,6000.0,3113000303,20000.0,616000.0
1870,24000.0,3113000304,28000.0,3013000.0
1871,,3113000305,24000.0,295000.0
1872,,3113000306,30000.0,360000.0
1873,,3113000307,12000.0,250000.0
1874,24000.0,3113000308,15000.0,304000.0
1875,18000.0,3113000310,42000.0,390000.0
1876,,3113000402,,1230000.0
1877,,3113000403,8000.0,1196000.0
1878,,3113000404,,360000.0
1879,,3113000408,,620000.0
1880,,3133000101,,1374000.0
1881,530000.0,3133000102,36000.0,1580000.0
1882,,313300010206,120000.0,3627000.0
1883,,3133000103,,715000.0
1884,,3133000104,,80000.0
1885,,3133000105,,2360000.0
1886,36000.0,3133000106,,1350000.0
1887,152000.0,3133000108,,830000.0
1888,,3133000109,,915000.0
1889,,3133000111,,48000.0
1890,,3133000201,,596000.0
1891,2400000.0,3133000202,50000.0,2220000.0
1892,,3133000204,128400.0,4266000.0
1893,32000.0,3133000205,40000.0,1911500.0
1894,8000.0,3133000206,10500.0,726000.0
1895,,3133000207,,2010000.0
1896,,3133000208,8000.0,1030000.0
1897,,3133000209,,570000.0
1898,,3133000210,,1125000.0
1899,,3133000211,,165000.0
1900,30000.0,3133000301,,2430000.0
1901,,3133000302,80000.0,1690000.0
1902,4740000.0,3133000303,,970000.0
1903,,3133000304,,1365000.0
1904,48000.0,3133000305,32500.0,1464000.0
1905,,3133000306,,600000.0
1906,,3133000308,,1270000.0
1907,120000.0,3133000309,,394000.0
1908,,3133000311,10000.0,1430000.0
1909,,3153001601,74500.0,335000.0
1910,,3153001602,12000.0,1130000.0
1911,4632000.0,3153001603,,810000.0
1912,528000.0,3153001604,13000.0,776000.0
1913,,3153001605,14500.0,2525000.0
1914,,3153001606,,800000.0
1915,,3153001607,,795000.0
1916,,3153001609,5895000.0,25200000.0
1917,,3153001610,166000.0,5080000.0
1918,,3163001601,20000.0,395000.0
1919,,3163001603,,390000.0
1920,66000.0,3163001607,,280000.0
1921,,3163001608,,73000.0
1922,,3173000903,9500.0,254000.0
1923,,3173000905,5000.0,165000.0
1924,632000.0,3173000906,40000.0,550000.0
1925,450000.0,3173000909,645000.0,946000.0
1926,1896000.0,3173000910,97000.0,2640000.0
1927,,317300091003,,200000.0
1928,,317300091004,,1835000.0
1929,,317300091005,,1600000.0
1930,,3173000911,,1845000.0
1931,,3173001001,3000.0,280000.0
1932,30000.0,3173001002,,130000.0
1933,,3173001003,44000.0,1990000.0
1934,,3173001004,10000.0,1214000.0
1935,,3173001005,50000.0,1150000.0
1936,,3173001006,90000.0,800000.0
1937,,3173001007,,105000.0
1938,360000.0,317300100703,,350000.0
1939,,3173001008,11000.0,802000.0
1940,,3173001009,,215000.0
1941,,3173001010,,268000.0
1942,,3173001102,240000.0,3200000.0
1943,24000.0,3173001103,60000.0,6300000.0
1944,,317300110302,,980000.0
1945,3832000.0,3173001105,,940000.0
1946,440000.0,3173001106,,345000.0
1947,,3173001107,,550000.0
1948,,3173001108,104000.0,13200000.0
1949,,3173001109,40000.0,2420000.0
1950,,3173001110,85000.0,1010000.0
1951,,3181000101,150000.0,1800000.0
1952,1500000.0,3181000103,23000.0,406000.0
1953,,3181000104,,0.0
1954,,3181000105,30000.0,900000.0
1955,576000.0,3181000106,240000.0,1940000.0
1956,231600.0,3181000109,15000.0,133000.0
1957,200000.0,3181000111,420000.0,5040000.0
1958,19500000.0,3181000113,78000.0,2220000.0
1959,,3183000203,40000.0,810000.0
1960,,3183000205,,143500.0
1961,290000.0,3183000206,42000.0,204000.0
1962,144000.0,3183000207,24500.0,438000.0
1963,,3183000208,,0.0
1964,,3183000209,10000.0,120000.0
1965,,3183000210,34000.0,100000.0
1966,,3183000211,65000.0,1220000.0
1967,1440000.0,3183000301,18000.0,434000.0
1968,,3183000303,35000.0,1120000.0
1969,,3183000304,20010.0,1070000.0
1970,2000000.0,3183000305,12000.0,394000.0
1971,72000.0,3183000306,20000.0,244000.0
1972,,3183000307,,823000.0
1973,,3183000308,19000.0,160000.0
1974,,3183000309,55000.0,1060000.0
1975,4000.0,3183000310,6000.0,343000.0
1976,,3183000401,74000.0,1097000.0
1977,,3183000402,24000.0,538000.0
1978,,3183000403,104000.0,1248000.0
1979,24000.0,3183000405,16000.0,300000.0
1980,,3183000406,20000.0,692000.0
1981,,3183000407,16000.0,674000.0
1982,,3183000409,78000.0,1133000.0
1983,21600.0,3183000410,36000.0,432000.0
1984,,3191000501,165000.0,2588000.0
1985,,3191000502,304000.0,2030000.0
1986,64000.0,3191000504,90000.0,95000.0
1987,,3191000505,420000.0,5254000.0
1988,,3191000506,80000.0,1960000.0
1989,,3191000507,560000.0,240000000.0
1990,,3191000509,,1292000.0
1991,,3193001202,,530000.0
1992,,319300120202,,1890000.0
1993,,319300120203,200000.0,3080000.0
1994,,319300120204,640000.0,2880000.0
1995,,3193001203,,1000000.0
1996,15000.0,3193001204,,2120000.0
1997,1074000.0,3193001205,84000.0,1108000.0
1998,20000.0,3193001207,,2000000.0
1999,3240000.0,3193001208,5000.0,2130000.0
2000,,3193001209,,1860000.0
2001,795648.0,3193001210,,1220000.0
2002,300000.0,3193001211,,660000.0
2003,,3203001801,6000.0,497000.0
2004,312000.0,3203001802,,1150000.0
2005,,3203001803,,132000.0
2006,4380000.0,3203001804,9000.0,1512000.0
2007,18000.0,3203001805,,327500.0
2008,3408000.0,320300180503,40000.0,1140000.0
2009,40500.0,3203001806,,1030000.0
2010,,3203001807,,1250000.0
2011,,3203001808,,650000.0
2012,3240000.0,3203001809,42000.0,1490000.0
2013,,3203001810,20000.0,1360000.0
2014,43200000.0,3203002102,400000.0,25044000.0
2015,,3203002103,140000.0,1680000.0
2016,7860000.0,3203002104,,1426000.0
2017,360000.0,3203002105,39000.0,3494000.0
2018,,3203002106,,322000.0
2019,864000.0,3203002107,32000.0,3754000.0
2020,,3203002108,,760000.0
2021,1234000.0,3203002109,134000.0,5338000.0
2022,,3203002110,,885000.0
2023,,3203002111,,645000.0
2024,,3203002401,42000.0,552000.0
2025,251200.0,3203002402,,5112000.0
2026,706000.0,3203002403,,1050000.0
2027,,3203002404,,975000.0
2028,,320300240405,,424000.0
2029,600000.0,3203002405,,2390000.0
2030,576000.0,3203002406,24000.0,568000.0
2031,,3203002407,80000.0,1010000.0
2032,,3203002408,100000.0,1480000.0
2033,,3203002409,14000.0,1088000.0
2034,,3203002410,,4720000.0
2035,8520000.0,320300241004,60000.0,3555000.0
2036,,320300241007,,550000.0
2037,3564000.0,3203002701,7800.0,1483600.0
2038,,3203002702,96000.0,2413000.0
2039,135000.0,3203002703,,1000000.0
2040,,3203002705,,1026000.0
2041,,3203002706,,340000.0
2042,,3203002707,-126000.0,3066000.0
2043,400000.0,3203002708,,683000.0
2044,128000.0,3203002709,,850000.0
2045,,3203002710,50000.0,1200000.0
2046,,3203003001,,300000.0
2047,68000.0,3203003002,,500000.0
2048,,3203003003,15000.0,760000.0
2049,,3203003004,22000.0,1312000.0
2050,,3203003005,21000.0,1114000.0
2051,190000.0,3203003006,156600.0,2056400.0
2052,400000.0,3203003007,10000.0,1585500.0
2053,,3203003009,,550000.0
2054,2400000.0,3203003010,180000.0,4870000.0
2055,288000.0,320300301003,8000.0,680000.0
2056,,3213002101,29000.0,405000.0
2057,,3213002102,,1494000.0
2058,,3213002103,26500.0,98000.0
2059,528000.0,3213002104,,200000.0
2060,,3213002105,100000.0,1602500.0
2061,,3213002106,,2660000.0
2062,10000.0,321300210601,,183000.0
2063,,3213002107,22000.0,230000.0
2064,,3213002108,7000.0,187000.0
2065,,3213002109,27000.0,1445000.0
2066,,3213002110,20000.0,1170000.0
2067,,3213002301,,85700.0
2068,,3213002302,20000.0,605000.0
2069,908000.0,3213002304,,760000.0
2070,12600.0,3213002305,,327000.0
2071,84000.0,3213002306,,190000.0
2072,,3213002308,260000.0,2600000.0
2073,,3213002309,30000.0,2050000.0
2074,,3213002310,,1100000.0
2075,,3213002801,728000.0,9700000.0
2076,,321300280103,,244000.0
2077,,3213002802,25000.0,1140000.0
2078,,3213002804,,120000.0
2079,50000.0,3213002805,,355000.0
2080,,3213002806,13000.0,860000.0
2081,,3213002807,,410000.0
2082,,3213002808,14000.0,584000.0
2083,120000.0,321300280803,-1072000.0,730000.0
2084,30000.0,321300280806,,200000.0
2085,,3213002809,245000.0,1610000.0
2086,56000.0,3213002810,14000.0,961000.0
2087,,3213003001,,864000.0
2088,,3213003002,,4247000.0
2089,,3213003003,32000.0,681000.0
2090,12000.0,3213003004,,98000.0
2091,744000.0,3213003005,16000.0,995000.0
2092,,3213003006,,685000.0
2093,,3213003007,65000.0,1319000.0
2094,,3213003008,71000.0,564000.0
2095,,321300300802,45000.0,363000.0
2096,216000.0,3213003009,19000.0,732000.0
2097,,3213003010,,1065000.0
2098,,4013000301,,600000.0
2099,,4013000303,100000.0,2000000.0
2100,,4013000304,-260000.0,7800000.0
2101,,4013000305,,2000000.0
2102,,4013000306,-900000.0,5400000.0
2103,,4013000307,,1500000.0
2104,,401300030903,-140000.0,1800000.0
2105,72000.0,4013000501,,294000.0
2106,,4013000502,,40000.0
2107,,4013000510,,2300000.0
2108,,4021000201,1380000.0,4230000.0
2109,5445000.0,4021000202,3146000.0,6615000.0
2110,,4021000203,,1100000.0
2111,2016000.0,4021000204,,1500000.0
2112,,4021000205,600000.0,2090000.0
2113,240000.0,4021000206,,0.0
2114,1440000.0,4021000207,,400000.0
2115,225000.0,4021000208,,15000.0
2116,,4021000209,,880000.0
2117,480000.0,402100020901,200000.0,9100000.0
2118,1440000.0,4021000210,,200000.0
2119,,4023000701,,420000.0
2120,,4023000702,,305000.0
2121,240000.0,402300070203,200000.0,700000.0
2122,,4023000703,,250000.0
2123,,4023000704,,2440000.0
2124,,4023000706,40000.0,800000.0
2125,,4023000707,,1000000.0
2126,,4023000708,,2695000.0
2127,,4023000709,,3821000.0
2128,2160000.0,4023000710,,3120000.0
2129,,4023001101,,0.0
2130,,4023001103,,100000.0
2131,,4023001104,,330000.0
2132,,4023001105,-262000.0,4932000.0
2133,,4023001106,6000.0,800000.0
2134,,4023001107,20000.0,550000.0
2135,,4023001108,50000.0,1100000.0
2136,,4023001109,,175000.0
2137,,4023001110,,350000.0
2138,225000.0,4023001601,,280000.0
2139,1440000.0,4023001602,,1200000.0
2140,,4023001603,100000.0,600000.0
2141,700000.0,4023001605,,23000.0
2142,,4023001606,,230000.0
2143,,4023001607,,2800000.0
2144,,4023001608,,1920002.0
2145,,4023001609,,350000.0
2146,,402300160903,,450000.0
2147,,4023001610,,440000.0
2148,,4023002001,550000.0,5250000.0
2149,4800000.0,4023002002,1099000.0,4000000.0
2150,,4023002003,,2000000.0
2151,60000.0,4023002004,3000.0,40000.0
2152,864000.0,4023002005,,3960000.0
2153,80000.0,4023002006,5140000.0,27760000.0
2154,3840000.0,4023002007,,50000.0
2155,,4023002008,35000.0,1000000.0
2156,1260000.0,4023002009,,5200000.0
2157,,4023002502,,620000.0
2158,5184000.0,4023002503,,200000.0
2159,,4023002505,,87000.0
2160,480000.0,4023002506,,70000.0
2161,,4023002507,36000.0,560000.0
2162,,4023002508,,190000.0
2163,,4023002509,791000.0,2340000.0
2164,,4023002510,71000.0,800000.0
2165,9000.0,402300251005,,450000.0
2166,3120000.0,4023003001,,2000000.0
2167,,4023003002,80000.0,3800000.0
2168,,4023003003,,2200000.0
2169,,402300300309,30000.0,620000.0
2170,672000.0,4023003004,,120000.0
2171,,4023003005,,1900000.0
2172,,4023003006,70000.0,1400000.0
2173,,4023003007,300000.0,3790000.0
2174,54000.0,4023003008,5800.0,220000.0
2175,1800000.0,4023003009,,1400000.0
2176,,4023003010,,5600000.0
2177,4320000.0,4031000207,-2400000.0,650000.0
2178,3600000.0,4031000209,-480000.0,6500000.0
2179,,4031000210,,1500000.0
2180,,4033000402,,100000.0
2181,,4033000406,,170000.0
2182,252000.0,4033000407,,400000.0
2183,912000.0,4033000408,-16000.0,865000.0
2184,,4033000410,,45000.0
2185,,4033000411,,500000.0
2186,,4033000603,,360000.0
2187,,4033000604,,560000.0
2188,,4033000605,810000.0,1500000.0
2189,7200000.0,4033000607,,6000000.0
2190,,4033000608,1280000.0,2500000.0
2191,2400000.0,4033000609,236000.0,3234000.0
2192,,4033000610,,2000000.0
2193,576000.0,4033000702,,576000.0
2194,,4033000704,,120000.0
2195,,4033000705,,200000.0
2196,,4033000707,,500000.0
2197,,4033000708,,60000.0
2198,140000.0,4033000709,,400000.0
2199,,4033000711,,80000.0
2200,,4033000902,,1500000.0
2201,,4033000903,,40000.0
2202,,4033000905,65000.0,2700000.0
2203,720000.0,4033000906,5000.0,480000.0
2204,,4033000910,,1200000.0
2205,,4033000911,,2500000.0
2206,,403300091103,,700000.0
2207,,403300091108,,450000.0
2208,,4033000916,,400000.0
2209,,4041000301,,290000.0
2210,936000.0,4041000302,,0.0
2211,576000.0,4041000303,,0.0
2212,,4041000304,120000.0,1650000.0
2213,960000.0,4041000305,100000.0,85000.0
2214,,4041000307,2440000.0,7000000.0
2215,270000.0,4041000308,,110000.0
2216,786000.0,4041000309,20000.0,850000.0
2217,2256000.0,4041000311,,0.0
2218,768000.0,4043000602,,180000.0
2219,,4043000603,,496000.0
2220,1920000.0,404300060302,,65000.0
2221,,4043000604,-10000.0,260000.0
2222,912000.0,4043000605,,20000.0
2223,2016000.0,4043000607,,120000.0
2224,,4043000608,20000.0,120000.0
2225,1320000.0,4043000609,,200000.0
2226,1760000.0,4043000610,,4050000.0
2227,640000.0,4043000801,,200000.0
2228,,4043000802,,380000.0
2229,96000.0,4043000803,,0.0
2230,6000.0,4043000804,,145000.0
2231,1320000.0,4043000805,,106000.0
2232,,4043000806,,300000.0
2233,1206000.0,4043000807,,100000.0
2234,768000.0,4043000808,,0.0
2235,1200000.0,4043000809,,0.0
2236,,4043000810,,100000.0
2237,120000.0,404300081003,,0.0
2238,280000.0,404300081005,,8000.0
2239,,404300081006,45000.0,430000.0
2240,2400000.0,404300081007,20000.0,50000.0
2241,654000.0,4043001001,6000.0,150000.0
2242,,4043001002,400000.0,1800000.0
2243,2240000.0,4043001003,45000.0,1150000.0
2244,1062500.0,404300100304,15000.0,570000.0
2245,,4043001004,30000.0,3040000.0
2246,2880000.0,4043001005,,240000.0
2247,1500000.0,4043001008,,0.0
2248,12000.0,4043001009,,520000.0
2249,,4043001010,,420000.0
2250,150000.0,4043001201,,180000.0
2251,,4043001202,,200000.0
2252,1680000.0,4043001204,30000.0,1800000.0
2253,1500000.0,4043001205,,600000.0
2254,,4043001206,78000.0,460000.0
2255,,4043001207,,100000.0
2256,,4043001208,,11100000.0
2257,,4043001209,,1730000.0
2258,,4043001210,-20000.0,3500000.0
2259,3360000.0,4051000204,-160000.0,990000.0
2260,960000.0,4051000205,,1440000.0
2261,,4051000206,40000.0,260000.0
2262,4608000.0,4051000207,,1800000.0
2263,,4051000208,,1200000.0
2264,36000000.0,4051000209,,3000000.0
2265,,4051000501,,600000.0
2266,,4051000502,,100000.0
2267,960000.0,4051000503,,960000.0
2268,,4051000504,,240000.0
2269,37500.0,4051000506,,600000.0
2270,,4051000507,,50000.0
2271,,4051000510,,500000.0
2272,,4053000602,,700000.0
2273,,4053000605,,2000000.0
2274,,4053000607,,436000.0
2275,720000.0,4053000608,,240000.0
2276,,4053000609,,860000.0
2277,,4053001002,,
2278,,4053001003,,130000.0
2279,,4053001004,,1291500.0
2280,1728000.0,4053001006,-65000.0,400000.0
2281,720000.0,4053001008,-50000.0,800004.0
2282,800000.0,4053001009,40000.0,550000.0
2283,,4053001010,,600000.0
2284,6000000.0,4061000303,,6000000.0
2285,,4061000309,-950000.0,5100000.0
2286,,406100030909,1100000.0,800000.0
2287,,4061000311,-19998.0,500000.0
2288,,4063000801,,400000.0
2289,496000.0,4063000802,,600000.0
2290,,4063000803,,2500000.0
2291,,4063000804,,200000.0
2292,,4063000805,,350000.0
2293,,4063000807,50000.0,58000.0
2294,,4063000808,,60000.0
2295,,4063000809,,300000.0
2296,,4063000810,,250000.0
2297,,406300081005,,900000.0
2298,,4063001001,,312000.0
2299,,4063001004,,150000.0
2300,,4063001006,,320000.0
2301,,4063001007,,800000.0
2302,,4063001008,,1000000.0
2303,,4063001009,,750000.0
2304,,4063001010,,2100000.0
2305,,4063001101,,100000.0
2306,,4063001102,-60000.0,1640000.0
2307,,4063001105,,100000.0
2308,,4063001106,,200000.0
2309,2400000.0,4063001107,50000.0,800000.0
2310,,4063001108,,300000.0
2311,90000.0,4063001110,,1200000.0
2312,,4063001303,,
2313,,4063001305,,3360000.0
2314,3600000.0,4063001306,,3800000.0
2315,,4063001307,,200000.0
2316,,4063001309,,600000.0
2317,,4063001310,,3000000.0
2318,7480000.0,4071000207,3710000.0,18000000.0
2319,,4073000302,,3000000.0
2320,,4073000303,,160000.0
2321,,4073000304,-1570000.0,6040000.0
2322,,4073000305,,1090000.0
2323,5280000.0,4073000306,255000.0,17600000.0
2324,,4073000307,,250000.0
2325,3120000.0,4073000308,10000.0,4620000.0
2326,,4073000309,,2500000.0
2327,,4073000502,,350000.0
2328,,4073000505,,450000.0
2329,,4073000506,,450000.0
2330,270000.0,4073000508,,400000.0
2331,,4073000509,,600000.0
2332,,4073000510,,708000.0
2333,,4073000707,-430000.0,6000000.0
2334,2400000.0,4073000710,,7585000.0
2335,,4073000711,15000.0,120000.0
2336,,4073000902,1540000.0,1060000.0
2337,,4073000907,,250000.0
2338,,4073000908,,2200000.0
2339,3150000.0,4073000909,,4740000.0
2340,,4083000201,,1156000.0
2341,,4083000202,,190000.0
2342,,4083000203,,280000.0
2343,48000.0,4083000204,,100000.0
2344,,4083000205,95000.0,3200000.0
2345,3000000.0,408300020503,,3000000.0
2346,24000.0,408300020505,,30000.0
2347,360000.0,4083000208,,0.0
2348,,4083000209,,0.0
2349,720000.0,4083000210,30000.0,1600000.0
2350,2784000.0,4083000211,,160000.0
2351,2284000.0,4083000401,8000.0,180000.0
2352,440000.0,4083000402,,140000.0
2353,,4083000403,,850000.0
2354,,4083000405,,500000.0
2355,,408300040503,,80000.0
2356,252000.0,4083000406,,180000.0
2357,264000.0,4083000407,,0.0
2358,96000.0,4083000408,,240000.0
2359,,4083000409,,690000.0
2360,,4083000410,,210000.0
2361,,4091000202,-860000.0,1830000.0
2362,,4091000203,,1200000.0
2363,2700000.0,4091000206,-650000.0,6350000.0
2364,1864000.0,4091000209,,1500000.0
2365,,4091000210,200000.0,4800000.0
2366,3957800.0,4093000505,-1390000.0,4500000.0
2367,2376000.0,4093000507,,2376000.0
2368,1320000.0,4093000510,,1500000.0
2369,,4093000902,,50000.0
2370,,4093000903,,1200000.0
2371,,4093000904,,0.0
2372,,4093000905,,200000.0
2373,,4093000906,-25000.0,580000.0
2374,,4093001101,,300000.0
2375,,4101000102,500000.0,6610000.0
2376,480000.0,4101000107,,1600000.0
2377,,4101000108,80000.0,912000.0
2378,6720000.0,4101000109,,636000.0
2379,360000.0,4101000110,650000.0,3030000.0
2380,8100000.0,4101000501,120000.0,600000.0
2381,,4101000511,,770000.0
2382,4920000.0,4103002601,120000.0,990000.0
2383,1152000.0,4103002602,,100000.0
2384,,4103002605,,8200000.0
2385,720000.0,4103002606,,210000.0
2386,,4103002608,,62000.0
2387,1720000.0,4103002609,,530000.0
2388,,4103002610,780000.0,2600000.0
2389,,4103002612,500000.0,9800000.0
2390,180000.0,4103002901,,0.0
2391,,4103002902,,300000.0
2392,,4103002903,650000.0,3100000.0
2393,,4103002904,,3090000.0
2394,,4103002905,,170000.0
2395,60000.0,410300290503,4000.0,460000.0
2396,,4103002906,,265000.0
2397,1050000.0,4103002907,770000.0,4100000.0
2398,,4103002908,,396000.0
2399,,4103002909,,11620000.0
2400,2400000.0,4103002910,,3880000.0
2401,7176000.0,4103003802,746000.0,1600000.0
2402,,4103003803,,
2403,80000.0,4103003805,19000.0,
2404,4860000.0,4103003806,,1200000.0
2405,4650000.0,4103003807,,
2406,90000.0,4103003808,280000.0,550001.0
2407,360000.0,410300380804,40000.0,680000.0
2408,,4103003809,,570000.0
2409,32000.0,4103003811,10000.0,550000.0
2410,2250000.0,4103003812,70000.0,1250000.0
2411,960000.0,4111000202,1400000.0,17280000.0
2412,4800000.0,4111000204,,2000000.0
2413,,4111000205,500000.0,2050000.0
2414,,4111000207,,3050000.0
2415,,4111000209,898000.0,2000000.0
2416,960000.0,4111000210,1000000.0,22200000.0
2417,,4111000211,,13100000.0
2418,,4113000402,100000.0,650000.0
2419,,4113000403,,620000.0
2420,2304000.0,4113000404,,2750000.0
2421,,4113000405,,450000.0
2422,,4113000407,594000.0,4215000.0
2423,,4113000408,,100000.0
2424,1800000.0,4113000410,950000.0,1400000.0
2425,732000.0,4113000601,,0.0
2426,486000.0,411300060107,,300000.0
2427,,4113000602,,1300000.0
2428,1440000.0,4113000603,,60000.0
2429,180000.0,4113000604,52000.0,270000.0
2430,1180000.0,4113000606,,0.0
2431,405000.0,4113000608,,0.0
2432,,4113000609,,600000.0
2433,,4113000610,,1760000.0
2434,,4113000702,,350000.0
2435,,4113000703,,800000.0
2436,,4113000705,,420000.0
2437,,4113000706,,570000.0
2438,,411300070603,20000.0,120000.0
2439,8000.0,4113000707,,330000.0
2440,,4113000709,50000.0,450000.0
2441,7500.0,4113000710,,380000.0
2442,1920000.0,4113000711,,950000.0
2443,528000.0,4113000901,80000.0,1510000.0
2444,960000.0,4113000903,200000.0,2570000.0
2445,675000.0,4113000904,,0.0
2446,,4113000905,,880000.0
2447,360000.0,4113000906,235000.0,2800000.0
2448,330000.0,4113000907,,0.0
2449,,4113000908,,100000.0
2450,,4113000909,,3840000.0
2451,,4113000910,,19000000.0
2452,169000.0,4113000911,3000.0,440000.0
2453,560000.0,4123000301,,50000.0
2454,64000.0,4123000303,,250000.0
2455,2099200.0,4123000304,94000.0,1680000.0
2456,,4123000305,,1175000.0
2457,,4123000306,198000.0,3256000.0
2458,,4123000307,,950000.0
2459,480000.0,4123000308,,200000.0
2460,,4123000309,,820000.0
2461,315000.0,4123000310,,500000.0
2462,6000000.0,4123000501,,1440000.0
2463,,4123000502,,350000.0
2464,,4123000503,,60000.0
2465,,4123000505,30000.0,500000.0
2466,,4123000507,,320000.0
2467,,4123000508,,336000.0
2468,,4123000509,,290000.0
2469,30000.0,412300050902,,300000.0
2470,72000.0,412300050906,,950000.0
2471,,4123000510,18000.0,300000.0
2472,,4133000201,,100000.0
2473,,4133000202,,340000.0
2474,,4133000203,,240000.0
2475,1440000.0,4133000204,38000.0,390000.0
2476,,4133000205,,200000.0
2477,,4133000206,,150000.0
2478,,4133000207,,108000.0
2479,,4133000208,,350000.0
2480,,4133000209,,700000.0
2481,,4133000301,,500000.0
2482,7200000.0,4133000303,,800000.0
2483,,4133000304,,470000.0
2484,,4133000305,,150000.0
2485,,4133000306,,160000.0
2486,,4133000307,,270000.0
2487,,4133000309,,600000.0
2488,,4133000504,,1600000.0
2489,,4133000505,-43000.0,1620000.0
2490,,4133000507,-22000.0,660000.0
2491,,4133000511,,800000.0
2492,,4133000513,240000.0,4400000.0
2493,,4141000104,,235000.0
2494,,4141000109,,200000.0
2495,1620000.0,4141000110,,62000000.0
2496,,4141000111,1120000.0,14070000.0
2497,,4143000302,58000.0,1000000.0
2498,840000.0,4143000304,,526000.0
2499,,4143000305,,1850000.0
2500,,4143000306,50000.0,820000.0
2501,163000.0,4143000307,77000.0,1310000.0
2502,12000.0,4143000309,200000.0,1980000.0
2503,,4143000310,,0.0
2504,848000.0,4143000501,,47000.0
2505,960000.0,4143000502,140000.0,910000.0
2506,,4143000503,,0.0
2507,6300000.0,4143000504,,250000.0
2508,2520000.0,4143000506,,60001.0
2509,,414300050605,,1500000.0
2510,,4143000509,,1500000.0
2511,,4143000510,,600000.0
2512,9000000.0,4151000208,250000.0,12000000.0
2513,,4151000209,-11030000.0,12000000.0
2514,,4151000212,95000.0,1700000.0
2515,,4153000402,,100000.0
2516,,4153000403,-228000.0,1000000.0
2517,,4153000407,,500000.0
2518,960000.0,4153000408,,360000.0
2519,600000.0,4153000602,,600000.0
2520,,4153000605,1095000.0,1000000.0
2521,720000.0,4153000606,50000.0,60000.0
2522,2016000.0,415300060604,,2500000.0
2523,,4153000607,,560000.0
2524,840000.0,4153000609,,940000.0
2525,,4153000610,,19998.0
2526,600000.0,4153000701,,660000.0
2527,684000.0,4153000702,,690000.0
2528,3516000.0,4153000703,,35450000.0
2529,,4153000704,,970000.0
2530,,4153000705,100000.0,1250000.0
2531,40000.0,4153000706,,3300000.0
2532,,4153000708,-200000.0,2400000.0
2533,,4153000709,,0.0
2534,684000.0,415300070907,,684000.0
2535,144000.0,4153000901,10000.0,350000.0
2536,,4153000902,,1000000.0
2537,,4153000903,,1050000.0
2538,,4153000904,,240000.0
2539,480000.0,4153000906,220000.0,4400000.0
2540,,4153000907,,60000.0
2541,,4153000908,,20000.0
2542,1344000.0,4153000909,22000.0,1150000.0
2543,,4163000701,,300000.0
2544,,4163000703,,100000.0
2545,,4163000705,,200000.0
2546,,4163000709,,200000.0
2547,,4171000801,,800000.0
2548,9600000.0,4171000802,,4200000.0
2549,1200000.0,4171000803,182000.0,1470000.0
2550,,4171000804,278000.0,790000.0
2551,,4171000805,200000.0,1290000.0
2552,6720000.0,4171000806,,18000.0
2553,2880000.0,4171000807,190000.0,218000.0
2554,1980000.0,4171000808,6000.0,100000.0
2555,2360000.0,4171000809,,2800000.0
2556,720000.0,4171000810,1410000.0,8000000.0
2557,,4173001402,8500.0,600000.0
2558,,4173001403,,170000.0
2559,720000.0,4173001404,,220000.0
2560,,4173001405,,285000.0
2561,1440000.0,4173001406,,1760000.0
2562,144000.0,4173001407,47000.0,620000.0
2563,5275000.0,4173001408,,30000.0
2564,3936000.0,4173001409,,550000.0
2565,,4173001410,-2400000.0,11180000.0
2566,225000.0,4173001411,,3800000.0
2567,1440000.0,4173001701,27500.0,680000.0
2568,,4173001702,,200000.0
2569,24000.0,4173001703,3200.0,224000.0
2570,,4173001704,70000.0,1905000.0
2571,108000.0,4173001705,8000.0,695000.0
2572,,4173001706,-2060000.0,450000.0
2573,,4173001707,,720000.0
2574,,4173001708,,230000.0
2575,600000.0,4173001709,50000.0,1420000.0
2576,,417300170903,160000.0,4400000.0
2577,,4173001710,,23800000.0
2578,4800000.0,4183001101,,200000.0
2579,,4183001102,,1400000.0
2580,,4183001103,,280000.0
2581,,4183001104,,30000.0
2582,270000.0,4183001105,9500.0,100000.0
2583,,4183001107,10000.0,380000.0
2584,336000.0,4183001109,67000.0,1190000.0
2585,720000.0,4183001111,,560000.0
2586,,4183002001,50000.0,610000.0
2587,90000.0,4183002002,458800.0,8985000.0
2588,,4183002003,150000.0,3800000.0
2589,2400000.0,4183002006,491000.0,4800000.0
2590,,4183002007,,6000000.0
2591,6475000.0,4183002009,117000.0,5150000.0
2592,8280009.0,4183002010,,7260000.0
2593,,4183002301,525000.0,3500000.0
2594,184000.0,4183002302,100000.0,40000.0
2595,2256000.0,4183002303,250000.0,
2596,1008000.0,4183002304,55000.0,1960000.0
2597,,4183002305,,2500000.0
2598,3600000.0,4183002307,30000.0,800000.0
2599,,4183002308,,310000.0
2600,1928000.0,418300230802,,110001.0
2601,2164000.0,4183002309,,290000.0
2602,,4183002310,120000.0,3900000.0
2603,,4193003203,100000.0,3420000.0
2604,6480000.0,4193003205,-60000.0,5170000.0
2605,,4193003206,80000.0,665000.0
2606,,4193003207,,2800000.0
2607,,4193003210,,6640000.0
2608,240000.0,4193003211,50000.0,3120000.0
2609,2400000.0,4193003212,,1433000.0
2610,,4193003502,300000.0,3870000.0
2611,360000.0,4193003503,100000.0,3800000.0
2612,,4193003504,,1300000.0
2613,,4193003506,2290000.0,2290000.0
2614,560000.0,4193003507,,350000.0
2615,,4193003508,,500000.0
2616,,4193003509,,350000.0
2617,,4193003510,,6575000.0
2618,,1021000408,,
2619,,1021000608,785000.0,7200000.0
2620,,1021000807,,
2621,,1021002003,,250000.0
2622,,1021002211,,
2623,,103300030402,670000.0,5800000.0
2624,,1051000109,170000.0,3550000.0
2625,,1053001512,39000.0,980000.0
2626,,1053001513,30000.0,2316000.0
2627,,105300151301,,1600000.0
2628,,105300151303,60000.0,350000.0
2629,,105300330702,40000.0,850000.0
2630,,106300030511,635000.0,320150000.0
2631,,1071000102,,
2632,,1071000103,4400000.0,10310000.0
2633,,1073001203,,
2634,,107300161002,450000.0,5320000.0
2635,,1073002005,1350000.0,9300000.0
2636,,1073002008,30000.0,620000.0
2637,,1073002011,,800000.0
2638,,108300200902,120000.0,2400000.0
2639,,1101000101,202000.0,280000.0
2640,,1103000506,140000.0,13350000.0
2641,,2031000401,,
2642,,2103300051102,38000.0,1070000.0
2643,,2107300270202,20500.0,100000.0
2644,,211530004040206,38000.0,302000.0
2645,,2116300130203,435000.0,6060000.0
2646,,212300091005,,
2647,,2215300020903,110000.0,1080000.0
2648,,2302300100406,-131000.0,120000.0
2649,,2321300210606,10000.0,320000.0
2650,,310300070103,78000.0,919000.0
2651,,310300071003,48000.0,207000.0
2652,,3111000102,,
2653,,3111000106,,
2654,,3111000110,,
2655,,3113000401,,
2656,,3113000405,,
2657,,3113000407,,
2658,,3113000409,,
2659,,3173000901,,
2660,,320300270708,-3000.0,5190000.0
2661,,4031000208,-2400000.0,650000.0
2662,,4053001007,,0.0
2663,,4113000607,,
2664,,4153000710,,
2665,,102100150406,,3400000.0
2666,,1043000602,,290000.0
2667,,1051000110,,0.0
2668,,1053001509,,7200000.0
2669,,1053001510,,6000000.0
2670,,1063000501,,83000.0
2671,,1083002303,,0.0
2672,,203300280802,,530000.0
2673,,2102100330903,,0.0
2674,,2104300080603,,2570000.0
2675,,212300091004,,4120000.0
2676,,2205300131001,,1210000.0
2677,,2205300300802,,0.0
2678,,2302300050203,,535000.0
2679,,2302300051007,,860000.0
2680,,2302300080104,,500000.0
2681,,2302300080110,,640000.0
2682,,2302300080111,,3530000.0
2683,,2302300160108,,735000.0
2684,,3101000101,,1500000.0
2685,,310100011003,,410000.0
2686,,310300071007,,2914000.0
2687,,310300100407,,1000000.0
